data/SuperTripletsBenchmark/model-trees/model-1.nwk.model_tree	data/SuperTripletsBenchmark/source-trees/d25/k40/data-d25-k40-1_phybp-s0r.nwk.source_trees	12.651170492172241	11.75	((t24,(t2,(t73,(t45,(t99,(t25,(t33,(t78,(t8,(t37,(t76,(t35,(t98,(t41,(t50,(t65,(t27,(t10,(t23,(t60,(t91,(t59,(t44,(t57,(t6,(t12,(t93,(t79,(t11,(t5,(t49,(t92,(t97,(t87,(t54,(t94,(t95,(t55,(t31,(t72,(t84,(t16,(t96,(t85,(t4,(t42,(t18,(t53,(t19,(t80,(t70,(t39,(t43,(t62,(t38,(t64,(t48,(t3,(t28,(t21,(((((t71,t75),t58),t69),((t47,(t100,t26)),(t29,(t68,t67)))),(t15,(t89,(t7,(t36,((t22,(t30,(t90,((t56,(t20,(t46,(((((t9,t88),t17),(t74,(t1,t51))),(t52,t86)),t32)))),((((t66,((t63,(t61,t40)),t81)),t77),((t14,t83),t13)),t34))))),t82)))))))))))))))))))))))))))))))))))))))))))))))))))))))))))))))))),root);
data/SuperTripletsBenchmark/model-trees/model-2.nwk.model_tree	data/SuperTripletsBenchmark/source-trees/d25/k40/data-d25-k40-2_phybp-s0r.nwk.source_trees	12.519190073013306	11.88	((t36,(t55,(t57,(t96,(t90,(t67,(t72,(t100,(t79,(t82,(t92,(t85,(t58,(t12,(t84,(t83,(t65,(t32,(t6,(t9,(t13,(t44,(t35,(t21,(t71,(t17,(t14,(t80,(t69,(t5,(t42,(t77,(t38,((t18,(t51,(t34,(t87,(t20,(t25,(t74,(t52,(t68,(t95,(t27,(t39,(t1,(t97,(t53,(t26,(t37,(t62,(t28,(t98,(t10,(t24,(t99,(t56,(t19,(t15,(t41,(t78,(t66,(t86,(t49,(t54,(t30,(t2,(t7,(t91,(t75,((t11,(t64,(t48,(t76,(((t4,(t60,(((t63,t70),t50),t31))),((t43,((t94,t46),t89)),(((t73,t40),t16),t8))),(((t88,t93),(t81,t45)),((t47,((t59,t29),t3)),(t61,t23)))))))),t33)))))))))))))))))))))))))))))))))))))),t22)))))))))))))))))))))))))))))))))),root);
data/SuperTripletsBenchmark/model-trees/model-3.nwk.model_tree	data/SuperTripletsBenchmark/source-trees/d25/k40/data-d25-k40-3_phybp-s0r.nwk.source_trees	11.712908506393433	11.1	((t30,(t64,(t15,(t47,(t52,(t77,(t100,(t46,(t58,(t93,(t69,(t5,(t48,(t22,(t81,(t86,(t60,(t9,(t10,(t94,(t43,(t61,(t51,(t62,((t4,(t13,(t97,(t85,(t26,(t54,(t74,(t19,(t3,(t6,(t50,(t45,(t32,(t66,(t75,(t63,(t49,(t76,(t79,(t72,(t2,(t67,((t21,(t35,((t42,((t23,t56),(t68,(t73,(t33,(t70,(((((t28,t82),(t14,(t91,t90))),(t29,t44)),t8),((t92,t88),t18)))))))),(t40,(t20,(t83,(t89,(t38,(t80,(t7,(t57,((((t39,(t55,t34)),((t71,t11),t78)),(t98,(t24,((t16,(t87,t31)),((t12,(t27,((t53,t36),(t96,t41)))),((t95,t65),((t59,t25),(t1,t17)))))))),t37)))))))))))),t99))))))))))))))))))))))),t84))))))))))))))))))))))))),root);
data/SuperTripletsBenchmark/model-trees/model-4.nwk.model_tree	data/SuperTripletsBenchmark/source-trees/d25/k40/data-d25-k40-4_phybp-s0r.nwk.source_trees	9.467628240585327	8.88	((t96,(t43,(t64,(t80,(t92,(t95,(t83,(t22,(t61,(t39,(t68,(t75,(t69,(t77,(t4,(t70,(t7,(t65,(t9,(t42,(t32,(t36,(t78,(t46,(t52,((t99,(t56,(t16,(t10,(t11,(t58,(t93,(t3,(t63,(t73,((((t100,t8),t24),((t47,t91),(t72,((t71,t51),(t20,(t18,t40)))))),(t34,(t1,(t79,(t62,(t50,(t27,(t60,(t66,(t19,(t5,(((t26,t35),t97),(t88,(t30,(t37,(t33,t41)))))))))))))))))))))))))),(t14,(t29,(t38,(t87,(t48,(t45,(t15,(t49,(t59,(t53,(t74,(t86,(t2,(t98,(t25,(t55,(t31,(t85,(t12,(t67,(t84,(t76,(t44,(((t82,t28),((t54,t21),((t81,t57),(t90,t17)))),(t94,(t13,((t23,t6),t89))))))))))))))))))))))))))))))))))))))))))))))))))))),root);
data/SuperTripletsBenchmark/model-trees/model-5.nwk.model_tree	data/SuperTripletsBenchmark/source-trees/d25/k40/data-d25-k40-5_phybp-s0r.nwk.source_trees	11.895373821258545	11.29	((t2,(t56,((t24,(t7,(t33,(t52,(t90,(t36,(t97,(t46,(t15,(t85,(t43,(t60,(t86,(t21,(t51,(t49,(t55,(t63,(t57,(t64,(t66,(t17,(t67,(t74,(t37,(t16,(t87,(t27,(t61,(t35,(t88,(t6,(t23,(t99,(t29,(t59,(t72,(t71,(t41,(t69,(t34,(t80,(t40,(t82,(t91,(t1,(t11,(t28,(t83,(t50,(t44,((t3,(t54,(t92,(t38,(t53,(t75,(t68,(t39,(t30,((((t20,t78),(t100,(t62,(t8,t5)))),((t84,t25),t81)),(t13,(t93,((t58,((t47,t96),t89)),(t98,((t48,(t18,t4)),t22))))))))))))))),(((t65,t10),t9),(t79,((t45,(t77,(t76,t42))),((t31,(t32,((((t12,t70),t73),t26),(t19,t14)))),t95)))))))))))))))))))))))))))))))))))))))))))))))))))))))),t94))),root);
data/SuperTripletsBenchmark/model-trees/model-6.nwk.model_tree	data/SuperTripletsBenchmark/source-trees/d25/k40/data-d25-k40-6_phybp-s0r.nwk.source_trees	12.153626918792725	11.559999999999999	((t8,(t97,(t49,(t7,(t55,(t70,(t69,(t67,(t84,(t59,(t22,(t29,(t57,(t95,(t43,(t90,(t45,(t96,(t77,(t51,(t93,(t92,(t28,(t99,(t89,(t1,(t66,(t80,(t42,(t100,(t61,(t47,(t30,(t24,(t23,(t85,(t13,(t73,(t83,((t91,(t12,(t27,(t53,(t81,(t71,(t11,(t64,(t75,(t40,(t60,(t14,(t25,(t98,(t44,(t41,(t50,(t82,(t16,(t78,(t38,(t10,(t6,(t2,(t26,(t48,(t94,(t74,(t9,(t37,(t35,(t88,(t56,(t3,(t68,(t52,(t39,((((t72,t58),t65),(((t86,t87),t20),t18)),(t33,(t21,(((t4,t76),(t5,t79)),((t15,((((t46,t54),(t62,t19)),t32),t36)),(t17,(t31,t63)))))))))))))))))))))))))))))))))))))))))))),t34)))))))))))))))))))))))))))))))))))))))),root);
data/SuperTripletsBenchmark/model-trees/model-7.nwk.model_tree	data/SuperTripletsBenchmark/source-trees/d25/k40/data-d25-k40-7_phybp-s0r.nwk.source_trees	12.001469612121582	11.41	((t69,(t31,(t23,(t60,(t75,(t20,(t94,(t56,(t97,(t2,(t66,(t52,(t17,(t53,(t16,(t30,(t62,(t22,(t7,(t49,(t50,(t8,(t15,(t82,(t42,(t4,(t79,(t48,(t33,(t32,(t100,(t43,(t67,(t25,(t54,(t34,(t86,(t59,(t13,(t95,(t39,(t76,(t19,(t85,(t21,(t73,(t80,(t27,(t83,(t47,(t5,(t99,(t37,(t38,(t91,(t96,(t63,(t77,(t14,(t57,(t46,(t35,(t18,(t58,(t3,(t93,((t88,(t70,(t6,(t98,(t65,(t26,(t44,(t74,((t12,((t84,t10),((t11,t89),t40))),(t36,(((t9,t24),((t90,(t61,t81)),t71)),t1))))))))))),((t87,(t64,(t68,((t55,(t92,(t29,t72))),(t28,((t78,t41),t45)))))),t51)))))))))))))))))))))))))))))))))))))))))))))))))))))))))))))))))))),root);
data/SuperTripletsBenchmark/model-trees/model-8.nwk.model_tree	data/SuperTripletsBenchmark/source-trees/d25/k40/data-d25-k40-8_phybp-s0r.nwk.source_trees	12.691449642181396	12.069999999999999	((t18,(t51,(t82,(t50,(t83,(t59,(t78,(t28,(t70,(t41,(t32,(t38,(t81,(t74,(t24,(t5,(t15,(t76,(t65,(t95,(t45,(t21,(t86,(t17,(t30,(t97,((t69,(t9,(t54,(t75,(t11,(t3,(t22,(t88,(t36,(t6,(t66,(t96,(t43,(t7,(t12,(t4,(t55,(t56,(t52,(t53,(t42,(t26,(t40,(t87,(t1,(t92,(t67,(t89,(t99,(t71,(t34,(t8,(t19,(t62,(t2,(t49,(t58,(t72,(t25,(t13,(t39,(t23,(t33,(t91,(t44,(t60,(t80,(t94,(t14,(t77,(t98,(((t68,(t48,((t16,t57),t63))),t47),((((t84,((t31,t46),(t73,(t79,((t20,t61),t29))))),((t64,(t10,t35)),(t90,(t93,t27)))),t85),t37))))))))))))))))))))))))))))))))))))))))))))))))))))),t100))))))))))))))))))))))))))),root);
data/SuperTripletsBenchmark/model-trees/model-9.nwk.model_tree	data/SuperTripletsBenchmark/source-trees/d25/k40/data-d25-k40-9_phybp-s0r.nwk.source_trees	12.09308934211731	11.51	((t52,(t29,(t82,(t15,(t87,(t11,(t67,(t61,(t25,(t12,(t28,(t55,(t19,(t18,(t48,(t59,(t1,(t44,(t2,(t58,(t78,(t9,(t31,(t53,(t76,(t51,(t73,(t37,(t5,(t39,(t91,(t36,(t8,(t71,(t40,(t34,(t69,(t80,(t30,(t27,(t32,(t77,(t43,(t47,(t54,(t35,(t60,(t57,(t74,(t50,(t17,(t97,(t64,(t83,(t65,(t4,((t21,((t46,(t14,((t24,t56),t90))),(t70,(t86,((t96,t94),(t38,t84)))))),(t3,(t13,(t22,(t81,(t98,(t26,(t10,(t93,(t49,(((t45,t66),((t6,((t16,t23),t100)),(((t89,t68),t63),t88))),((((t42,t62),t79),(t85,t75)),((t72,t20),(t33,((t99,t92),((t7,t41),t95)))))))))))))))))))))))))))))))))))))))))))))))))))))))))))))))))))))))),root);
data/SuperTripletsBenchmark/model-trees/model-10.nwk.model_tree	data/SuperTripletsBenchmark/source-trees/d25/k40/data-d25-k40-10_phybp-s0r.nwk.source_trees	12.764380931854248	12.18	((t58,(t96,(t51,(t45,(t40,(t46,(t10,(t54,(t98,(t32,(t52,(t13,(t42,(t37,(t64,(t7,(t100,(t99,(t26,(t66,(t77,(t91,(t94,(t8,(t3,(t38,(t85,(t28,(t76,(t22,(t21,(t86,(t6,(t50,(t69,(t67,(t43,(t33,(t88,(t48,(t78,(t97,(t73,(t62,(t70,(t68,(t12,(t16,(t84,(t25,(t53,(t59,(t63,(t24,(t74,(t36,(t72,(t49,(t87,(t71,((t93,(t83,(t47,(t44,(t23,(t75,(t90,(t17,(t1,(t56,(t60,(t82,(t9,(t34,(t20,(t18,(t19,(t11,(t80,(t41,(t4,(t81,(t2,(t31,(t29,(t92,(t61,(t14,((((t30,t89),((t39,t35),t65)),(t55,(t27,(t95,(t79,t15))))),t5))))))))))))))))))))))))))))),t57))))))))))))))))))))))))))))))))))))))))))))))))))))))))))))),root);
data/SuperTripletsBenchmark/model-trees/model-11.nwk.model_tree	data/SuperTripletsBenchmark/source-trees/d25/k40/data-d25-k40-11_phybp-s0r.nwk.source_trees	13.155072450637817	12.43	((t37,(t58,(t78,(t35,(t36,(t26,(t40,(t92,(t65,(t71,(t43,(t98,(t75,(t96,(t21,(t63,(t14,(t6,(t94,(t91,(t9,(t86,(t76,(t88,(t55,(t53,(t22,(t25,(t47,(t90,(t74,(t69,(t81,(t7,(t67,(t42,(t73,(t83,(t51,(t29,(t80,(t20,(t84,(t56,(t61,(t87,(t12,(t11,(t77,(t41,(t15,(t16,(t60,(t68,(t59,(t54,(t10,(t31,(t17,(t4,(t93,(t70,(t44,(t95,(t34,(t99,(t33,(t24,(t38,(t32,(t8,(t18,(t28,(t45,(t1,(t50,(t27,(t62,(t57,(t85,(t72,(t100,(t2,(t79,(t13,(t30,(t19,(t89,(t64,(t46,(t5,(t97,(t23,(((t52,t82),t66),((t48,t39),(t49,t3)))))))))))))))))))))))))))))))))))))))))))))))))))))))))))))))))))))))))))))))))))))))))))))))),root);
data/SuperTripletsBenchmark/model-trees/model-12.nwk.model_tree	data/SuperTripletsBenchmark/source-trees/d25/k40/data-d25-k40-12_phybp-s0r.nwk.source_trees	12.611181020736694	11.99	((t84,(t97,(t67,(t74,(t92,(t6,(t45,(t96,(t27,(t76,(t98,(t71,(t19,(t17,(t60,(t69,(t87,(t57,(t7,(t94,(t32,(t38,(t55,(t68,(t42,(t99,(t70,(t53,(t39,(t81,(t3,(t85,(t25,(t58,(t40,(t90,(t66,(t22,(t64,(t47,(t95,(t59,(t78,(t77,(t93,(t9,(t33,(t48,(t14,(t10,(t51,(t86,(t29,(t91,(t8,(t13,(t24,(t80,(t26,(t11,(t21,(t36,(t83,(t61,(t75,(t31,(t35,(t89,(t44,(t1,(t30,(t20,(t62,(t82,((t15,(t49,(t65,(t73,(t37,(t88,(t43,(t50,((((t46,(t56,t54)),((t28,t100),t23)),(t2,t5)),((t63,t79),((((t34,t41),t72),t18),((t12,t4),t16)))))))))))),t52))))))))))))))))))))))))))))))))))))))))))))))))))))))))))))))))))))))))))),root);
data/SuperTripletsBenchmark/model-trees/model-13.nwk.model_tree	data/SuperTripletsBenchmark/source-trees/d25/k40/data-d25-k40-13_phybp-s0r.nwk.source_trees	12.981150150299072	12.37	((t34,(t15,(t9,(t75,(t85,(t4,(t95,(t21,(t65,(t3,(t52,(t16,(t73,(t5,(t46,(t25,(t23,(t81,(t64,(t58,(t28,(t57,(t10,(t19,(t40,(t69,(t88,(t86,(t44,(t37,(t59,(t7,(t50,(t22,(t13,(t83,(t51,(t17,(t12,(t61,(t48,(t27,(t93,((t54,(t41,(t45,(t99,(t49,(t43,(t82,(t63,(t2,(t96,(t60,(t76,(t11,(t33,(t80,(t8,(t20,(t62,(t71,(t72,(t29,(t94,(t70,(t91,(t74,(t31,(t100,(t1,(t98,(t68,(t77,(t78,(t42,(t79,(t38,(((t39,(t30,(((t32,t92),t56),t14))),((t36,t89),((t55,(t90,t53)),(t6,t84)))),((t18,(t67,(t66,(t24,(t26,(t35,t47)))))),t87))))))))))))))))))))))))))))))))))))),t97)))))))))))))))))))))))))))))))))))))))))))),root);
data/SuperTripletsBenchmark/model-trees/model-14.nwk.model_tree	data/SuperTripletsBenchmark/source-trees/d25/k40/data-d25-k40-14_phybp-s0r.nwk.source_trees	12.77082109451294	12.16	((t83,(t78,(t93,(t32,(t21,((t20,(t14,(t80,(t92,(t82,(t22,(t1,(t79,(t11,(t45,(t88,(t41,(t39,(t57,(t89,(t71,(t42,(t64,(t90,(t72,(t50,(t53,(t95,(t37,(t4,(t84,(t62,(t17,(t33,(t98,(t2,(t61,(t81,(t46,(t87,(t60,(t69,(t23,(t25,(t65,(t63,(t28,(t31,(t52,(t16,(t12,(t40,(t24,(t97,(t19,(t8,(t7,(t96,(t76,(t86,(t49,(t77,(t51,(t34,(t3,(t43,(t67,(t36,(t68,(t56,(t15,(((t18,(t100,(t54,(t94,(t91,(t47,(t26,(t38,(t73,(t75,(t35,(t13,(t74,((((t29,t85),t9),(t48,t58)),((t10,t99),((t66,t5),((t59,t70),(t27,t30)))))))))))))))))),t6),t44))))))))))))))))))))))))))))))))))))))))))))))))))))))))))))))))))),t55)))))),root);
data/SuperTripletsBenchmark/model-trees/model-15.nwk.model_tree	data/SuperTripletsBenchmark/source-trees/d25/k40/data-d25-k40-15_phybp-s0r.nwk.source_trees	12.397616386413574	11.84	((t28,(t44,(t20,(t37,(t93,(t94,(t32,(t14,(t60,(t27,(t11,(t18,(t17,(t84,(t19,(t54,(t95,(t33,(t5,(t59,(t65,(t86,(t75,(t1,(t25,(t92,(t82,(t72,(t87,(t12,(t22,(t23,(t63,(t9,(t56,(t21,(t71,(t36,(t85,(t68,(t62,((t77,(t48,(t47,(t30,(t7,(t74,(t83,(t70,(t99,(t41,(t76,(t34,(t80,(t53,((t3,(t69,(t81,(t10,(t57,(t4,(t42,(t15,(t79,(t38,(t64,(t55,(t97,(t2,(t78,(t31,(t26,(t96,(t50,(t52,(t58,(t51,(t98,(t67,(t24,(t100,(t88,(t49,(t73,(t90,(t91,((((t61,t39),t45),((t43,t66),t16)),((t13,(t8,t40)),((t89,t6),t46)))))))))))))))))))))))))))))))))),t29))))))))))))))),t35)))))))))))))))))))))))))))))))))))))))))),root);
data/SuperTripletsBenchmark/model-trees/model-16.nwk.model_tree	data/SuperTripletsBenchmark/source-trees/d25/k40/data-d25-k40-16_phybp-s0r.nwk.source_trees	13.499216318130493	12.61	((t89,(t49,(t9,(t48,(t99,(t56,(t8,(t6,(t19,(((t72,(t63,(t62,(t79,(t10,(t47,(t46,(t23,(t42,(t27,(t21,(t92,(t39,(t82,(t22,(t98,(t87,(t52,(t16,(t40,(t54,(t66,(t24,(t86,(t43,(t97,(t26,(t59,(t53,(t69,(t51,(t5,(t81,(t20,(t1,(t37,(t57,(t68,(t70,(t61,(t85,(t32,(t94,(t36,(t88,(t33,(t34,(t76,(t12,(t35,(t25,(t77,(t95,(t60,(t45,(t28,(t4,(t96,(t15,(t65,(t84,(t44,(t58,(t75,((t17,(t14,(t80,(t18,(t31,(t30,(t7,(t29,(t38,(t2,(t11,(t78,(t93,(t55,(t3,(((t41,t74),t50),((t90,t67),(t71,(t13,(t73,t64)))))))))))))))))))),t100))))))))))))))))))))))))))))))))))))))))))))))))))))))))))))))))),t83),t91)))))))))),root);
data/SuperTripletsBenchmark/model-trees/model-17.nwk.model_tree	data/SuperTripletsBenchmark/source-trees/d25/k40/data-d25-k40-17_phybp-s0r.nwk.source_trees	10.835997581481934	10.23	((t36,(t4,(t16,(t53,(t55,(t21,(t56,(t71,(t14,(t83,(t28,(t98,(t87,(t15,(t24,(t12,(t54,(t66,(t97,(t42,(t17,(t52,(t62,(t13,(t8,(t96,(t95,(t51,(t34,(t76,(t72,(t89,((t26,(t38,(t99,((t43,(t45,(t33,(t7,(t31,(t22,(t35,(t64,(t80,(t39,((((t20,t49),t6),t70),(t9,((t27,t77),t19))))))))))))),(t57,t73))))),(t91,(t46,(t48,((t1,(t40,(t69,(t88,(t65,(t82,(t32,(t63,(t41,(t50,(t78,(t93,(t79,(t84,(t86,(t61,(t25,(t60,(t75,(t67,(t68,(t81,(t74,(t18,(t23,((t37,t59),((t10,(t3,t5)),((t47,((t29,(t11,(t30,t100))),((t94,t44),((t2,t85),t58)))),t92)))))))))))))))))))))))))))),t90))))))))))))))))))))))))))))))))))))),root);
data/SuperTripletsBenchmark/model-trees/model-18.nwk.model_tree	data/SuperTripletsBenchmark/source-trees/d25/k40/data-d25-k40-18_phybp-s0r.nwk.source_trees	12.69199514389038	12.08	((t28,(t10,(t67,(t59,(t83,(t18,(t3,(t29,(t62,(t12,(t99,(t68,(t64,(t87,(t20,(t58,(t13,(t15,(t78,(t42,(t25,(t33,(t75,(t77,(t39,(t23,(t11,(t52,(t49,(t43,(t74,(t80,(t90,(t31,(t5,(t85,(t14,(t46,(t44,(t55,(t37,(t27,(t45,(t50,(t1,((t22,(t51,(t41,(t54,(t34,(t40,(t60,(t2,(t16,(t38,(t100,(t97,(t57,((t84,(t26,(t71,(t79,(t70,(t66,(t36,(t81,(t76,(t30,(t53,(t7,(t65,(((t9,(t48,(t89,(t63,(t32,(t73,t69)))))),(t92,(t91,t8))),(((t17,(t88,(t72,(t82,(t96,t6))))),t24),((t21,(t47,((t93,(t86,t4)),t94))),(t95,((t19,t56),t98)))))))))))))))))),t61)))))))))))))),t35)))))))))))))))))))))))))))))))))))))))))))))),root);
data/SuperTripletsBenchmark/model-trees/model-19.nwk.model_tree	data/SuperTripletsBenchmark/source-trees/d25/k40/data-d25-k40-19_phybp-s0r.nwk.source_trees	12.527348279953003	11.96	((t90,(t37,(t95,(t29,((t65,(t46,(t100,(t33,(t48,(t12,(t54,(t14,(t74,(t3,(t84,((t67,(t64,(t50,(t81,(t28,(t52,(t92,(t77,(t31,(t97,(t18,(t11,(t62,(t89,(t23,(t47,(t7,(t93,(t34,(t70,(t56,(t88,(t51,(t45,(t63,(t58,(t60,(t27,(t91,(t15,(t49,(t26,(t83,(t73,(t72,(t96,(t22,(t87,(t10,(t59,(t66,(t4,(t57,(t44,(t69,(t55,((((t80,t32),t8),(t40,t5)),(t98,(t68,(t2,(t17,(t1,(t6,(t36,(t71,(t43,(t42,(t13,(t24,(t75,(t61,(t16,(t38,((t53,((t41,t85),t76)),(t21,(t25,(t86,(t19,(t20,(t78,(((t82,t99),t94),(t79,(t30,t35))))))))))))))))))))))))))))))))))))))))))))))))))))))))))))))))))))))))),t9)))))))))))),t39))))),root);
data/SuperTripletsBenchmark/model-trees/model-20.nwk.model_tree	data/SuperTripletsBenchmark/source-trees/d25/k40/data-d25-k40-20_phybp-s0r.nwk.source_trees	12.612229108810425	12.040000000000001	((t31,(t80,(t12,(t73,(t32,(t100,(t65,(t76,(t88,(t49,(t54,(t95,(t20,(t35,(t81,(t57,(t3,(t71,(t2,(t86,(t4,(t66,(t28,(t25,(t62,(t7,(t59,(t13,(t46,(t69,(t42,(t87,(t50,(t30,(t52,(t56,(t41,(t70,(t90,(t22,(t60,(t36,(t17,(t93,(t94,(t92,(t58,(t82,(t78,(t10,(t9,(t47,(t77,(t39,(t19,(t43,(t98,(t64,(t55,((t53,(t21,(t15,(t27,(t75,(t1,(t68,(t40,(t85,(t26,(t8,(t48,(t18,(t11,(t97,(t38,((t61,(t72,(t33,(t89,(t51,(t34,(t96,(t63,(t67,((t6,t84),(t23,t16))))))))))),(t45,((t44,(((t29,t83),((t37,t91),t79)),(t14,(t74,t5)))),t24))))))))))))))))))),t99)))))))))))))))))))))))))))))))))))))))))))))))))))))))))))),root);
data/SuperTripletsBenchmark/model-trees/model-21.nwk.model_tree	data/SuperTripletsBenchmark/source-trees/d25/k40/data-d25-k40-21_phybp-s0r.nwk.source_trees	12.147766590118408	11.510000000000002	((t17,(t59,(t95,(t35,(t32,(t58,(t38,(t98,(t49,(t64,(t40,(t18,(t85,(t52,(t62,(t100,(t66,(t20,(t86,(t14,(t9,(t16,(t41,(t68,(t45,(t29,(t54,(t33,(t92,(t26,(t75,(t79,(t57,(t73,((t48,(t96,(t19,(t11,(t61,(t97,(t6,(t74,(t83,(t21,(t60,(t94,(t78,(t81,(t1,(t28,(t51,(t90,(t72,(t55,(t5,(((t76,(t47,(t7,(((t23,t46),(t50,t37)),(t34,(t10,(((t70,(t69,t87)),(t13,((t8,(t80,t30)),t43))),((((t39,t27),t12),t84),t67)))))))),(t82,(t25,(t77,((t44,(t24,(t93,t22))),(((t31,t2),(t88,(t53,t71))),(t91,((t56,(t4,t3)),(((t15,t65),t99),(t42,t63)))))))))),t89)))))))))))))))))))))),t36))))))))))))))))))))))))))))))))))),root);
data/SuperTripletsBenchmark/model-trees/model-22.nwk.model_tree	data/SuperTripletsBenchmark/source-trees/d25/k40/data-d25-k40-22_phybp-s0r.nwk.source_trees	13.003775119781494	12.02	((t26,(t4,(t65,(t12,(t1,(t2,(t96,(t88,(t19,(t20,(t79,(t87,(t40,(t32,(t14,(t97,(t66,(t75,(t71,(t81,(t16,(t41,(t53,(t76,(t50,(t95,(t42,(t99,(t89,(t86,(t80,(t7,(t84,(t22,(t94,(t21,(t100,(t18,(t63,(t72,(t82,(t36,(t54,(t93,(t60,(t31,(t15,(t69,(t39,(t90,(t24,(t62,(t67,(t64,(t56,(t78,(t44,(t30,(t85,((t58,((t33,t13),(t27,(t34,t83)))),(t59,(t23,(t46,(t91,((t77,(t43,(t98,(t57,(t5,(t70,((((((t8,t9),(t29,t10)),(t74,t37)),((t68,t25),(t92,t61))),(t49,(t11,t28))),(t48,((t45,(t38,(t6,t47))),((t17,t3),((t52,t51),(t55,t73)))))))))))),t35))))))))))))))))))))))))))))))))))))))))))))))))))))))))))))))))),root);
data/SuperTripletsBenchmark/model-trees/model-23.nwk.model_tree	data/SuperTripletsBenchmark/source-trees/d25/k40/data-d25-k40-23_phybp-s0r.nwk.source_trees	12.917449235916138	12.3	((t40,(t88,(t47,(t57,(t66,(t32,(t82,(t46,(t63,(t29,(t75,(t43,(t61,(t45,(t7,(t14,(t16,(t97,(t89,(t70,(t71,(t67,(t56,(t35,(t100,(t64,(t83,(t17,(t76,(t19,(t94,(t50,(t55,(t95,(t92,(t8,(t42,(t80,(t96,(t27,(t49,(t52,(t51,(t77,(t9,((t11,(t68,(t48,(t39,(t59,(t18,(t84,(t87,(t30,(t79,(t36,(t2,(t31,(t34,(t28,(t20,(t69,(t12,(t25,(t86,(t54,(t91,(t6,(t53,(t33,(t23,(t10,(t74,((t24,(t26,((t13,(t78,(t90,(((t38,t37),(t58,t41)),(t21,(((t1,t85),((t81,t98),(t3,(t22,t5)))),t93)))))),(t62,((t4,(t73,(t60,t15))),(t72,t99)))))),t44))))))))))))))))))))))))))))),t65)))))))))))))))))))))))))))))))))))))))))))))),root);
data/SuperTripletsBenchmark/model-trees/model-24.nwk.model_tree	data/SuperTripletsBenchmark/source-trees/d25/k40/data-d25-k40-24_phybp-s0r.nwk.source_trees	12.401070356369019	11.850000000000001	((t50,(t38,(t99,(t18,(t62,(t8,(t85,(t75,(t49,(t92,(t4,(t97,(t61,(t77,(t23,(t70,(t65,(t88,(t67,(t79,(t29,(t68,(t3,(t58,(t72,(t26,(t76,(t15,(t37,(t56,(t89,(t84,(t44,(t55,(t9,(t1,(t14,(t71,(t59,(t7,(t2,(t95,(t69,(t41,(t19,(t42,(t98,(t22,(t52,(t6,(t54,(t20,(t80,(t35,(t81,(t63,(t40,(t96,(t39,(t11,(t78,(t30,(t45,(t64,(t32,(t51,(t12,(t24,((((t10,t90),t66),((t33,(t47,(t5,((t91,t16),(t27,(t46,(t17,t74))))))),t93)),(t43,(t73,(t82,(t86,(t60,(t25,(t87,(((t53,t21),(t100,t31)),(t28,(t13,((t34,(t48,t36)),((t94,t83),t57))))))))))))))))))))))))))))))))))))))))))))))))))))))))))))))))))))))))))))))))),root);
data/SuperTripletsBenchmark/model-trees/model-25.nwk.model_tree	data/SuperTripletsBenchmark/source-trees/d25/k40/data-d25-k40-25_phybp-s0r.nwk.source_trees	12.26375937461853	11.649999999999999	((t92,(t6,(t94,(t25,(t77,(t100,(t36,(t78,(t60,(t93,(t34,(t4,(t89,(t33,(t64,(t42,(t15,(t82,(t14,(t8,(t74,(t63,(t54,((t28,(t31,(t22,(t69,(t26,(t2,(t27,(t83,(t17,(t57,(t16,(t67,(t88,(t61,(t99,(t95,(t66,(t59,(t68,(t51,(t55,(t58,(t53,(t10,(t65,(t45,(t91,(t56,(t76,(t50,(t43,(t44,(t29,(t80,(t96,(t24,(t49,(t73,(t47,(t84,(t90,(t48,(t98,(t18,((t1,(t19,(t35,(t71,(t70,(t87,(t30,(t81,(t12,(t3,(t37,(t20,(t11,(t85,(((((t46,t40),(t86,t52)),t41),(t13,t79)),(((t97,(t23,t72)),((t75,t21),t5)),((t7,t39),(t62,t32)))))))))))))))))),t38))))))))))))))))))))))))))))))))))))))))))))),t9)))))))))))))))))))))))),root);
data/SuperTripletsBenchmark/model-trees/model-26.nwk.model_tree	data/SuperTripletsBenchmark/source-trees/d25/k40/data-d25-k40-26_phybp-s0r.nwk.source_trees	13.22368597984314	12.22	((t82,(t94,(t89,(t22,(t48,(t75,(t25,(t91,((t86,((t45,(t14,(t60,(t74,(t18,(t1,(t24,(t68,(t35,(t10,(t43,(t87,(t39,(t7,(t63,(t85,(t49,(t55,(t3,(t65,(t98,(t51,(t57,(t20,(t84,(t97,(t30,(t90,(t70,(t61,(t9,(t36,(t8,(t67,(t46,(t92,(t76,(t58,(t5,(t66,(t99,(t33,(t15,(t4,(t41,(t21,(t54,(t12,(t37,(t81,(t50,(t62,(t2,(t78,(t6,(t16,(t42,(t93,(t11,(t34,(t53,(t38,(t47,(t40,(((t59,(t96,t32)),(t56,((t100,t17),t95))),(t31,(t23,(t80,(t69,(t28,(t73,(t71,((t26,(t52,t88)),(((t83,t64),((t79,t72),t27)),(t29,(t77,t44)))))))))))))))))))))))))))))))))))))))))))))))))))))))))))))))))))))))))))),t13)),t19))))))))),root);
data/SuperTripletsBenchmark/model-trees/model-27.nwk.model_tree	data/SuperTripletsBenchmark/source-trees/d25/k40/data-d25-k40-27_phybp-s0r.nwk.source_trees	13.009733438491821	12.389999999999999	((t98,(t71,(t17,(t50,(t40,(t59,(t73,(t44,(t97,(t43,(t5,(t56,(t14,(t51,(t34,(t30,(t46,(t52,(t78,(t26,(t86,(t79,(t83,(t1,(t37,(t55,(t3,(t68,(t57,(t47,(t12,(t61,(t4,(t93,(t38,(t62,(t67,(t32,(t10,(t36,(t23,(t63,(t58,(t95,(t65,(t28,(t64,(t41,(t89,(t87,(t77,(t39,(t35,(t42,(t49,(t11,(t19,(t60,(t85,(t76,(t90,(t74,(t6,(t18,(t88,(t80,(t16,(t7,(t99,(t70,(t75,(t25,(t48,(t29,(t82,(t24,(((t21,(t100,(t53,(((t94,t91),((t84,t20),((t81,t2),(t72,t31)))),(t8,(t27,(t54,(t9,(t45,((((t66,t13),t15),t22),(t33,t69))))))))))),t92),t96))))))))))))))))))))))))))))))))))))))))))))))))))))))))))))))))))))))))))))),root);
data/SuperTripletsBenchmark/model-trees/model-28.nwk.model_tree	data/SuperTripletsBenchmark/source-trees/d25/k40/data-d25-k40-28_phybp-s0r.nwk.source_trees	12.283886432647705	11.649999999999999	((t72,(t65,(t88,(t97,(t62,(t12,(t31,(t73,(t45,(t2,(t6,(t53,(t16,(t92,(t18,(t24,(t26,(t37,(t70,(t87,(t78,(t13,(t10,(t38,(t69,(t90,(t41,(t55,(t98,(t4,(t46,(t36,(t7,(t81,(t99,(t64,(t75,(t9,(t44,(t83,(t47,(t89,(t19,(t60,(t34,(t43,(t96,(t79,(t35,(t32,(t22,(t80,(t100,(t67,(t93,(t56,(t28,(t48,(t11,(t5,(t63,(t30,(t95,(t50,(t77,(t61,(t76,((t51,(t49,(t39,(t86,(t82,(t68,(t27,(t20,(((t71,t94),(t14,(t40,((t17,(t85,(t25,t91))),t23)))),(((t74,(t52,t57)),((t58,((t66,t84),t33)),t8)),(t15,(((t21,t1),t59),(t3,(t29,t54)))))))))))))),t42)))))))))))))))))))))))))))))))))))))))))))))))))))))))))))))))))))),root);
data/SuperTripletsBenchmark/model-trees/model-29.nwk.model_tree	data/SuperTripletsBenchmark/source-trees/d25/k40/data-d25-k40-29_phybp-s0r.nwk.source_trees	12.66730809211731	12.0	((t26,(t75,(t86,(t82,(t45,(t31,(t28,(t23,(t90,(t10,(t56,(t70,(t67,(t2,(t8,(t38,(t53,(t66,(t13,(t3,(t74,(t83,(t43,(t92,(t9,(t72,(t15,(t51,(t22,(t11,(t60,(t78,(t12,(t19,(t1,(t81,(t76,(t40,(t88,(t34,(t69,(t91,(t49,(t55,(t62,(t37,(t68,(t64,(t33,(t84,(t65,(t16,(t77,(t7,(t48,(t39,(t79,(t27,(t59,(t30,(t94,(t36,(t85,(t35,(t57,(t54,(t47,(t97,(t58,(t71,(t42,(t93,(t52,(t25,(t73,(t46,(t5,(t24,((t29,(t95,(t50,(t98,(t89,(t99,((t100,(((t21,t18),(t61,t4)),t17)),((((t14,t87),((t20,t41),t44)),t96),((t32,t63),t80))))))))),t6))))))))))))))))))))))))))))))))))))))))))))))))))))))))))))))))))))))))))))))),root);
data/SuperTripletsBenchmark/model-trees/model-30.nwk.model_tree	data/SuperTripletsBenchmark/source-trees/d25/k40/data-d25-k40-30_phybp-s0r.nwk.source_trees	12.94647479057312	12.21	((t10,(t14,(t57,(t88,(t60,(t50,(t40,(t9,(t46,(t1,(t62,(t29,(t85,(t32,(t61,(t17,(t25,(t37,(t42,(t3,(t76,(t19,(t51,(t69,(t38,(t87,(t58,(t98,((t71,(t48,(t31,(t27,(t45,(t90,(t96,(t41,(t94,(t43,(t80,(t55,(t47,(t65,(t68,(t67,(t56,(t83,(t63,(t26,(t84,(t64,(t54,(t8,(t66,(t12,(t33,(t97,(t81,(t74,(t59,(t2,(t75,(t20,(t21,(t16,(t13,(t89,(t7,(t73,(t99,(t44,(((t93,((t53,(t52,t100)),(t4,t70))),(t35,(t18,(t77,t5)))),(t24,(t91,(t92,(t6,(t15,(t34,(((t82,t49),((t23,(t79,(t72,(t36,t95)))),(t11,(t22,t86)))),((t28,t39),t78))))))))))))))))))))))))))))))))))))))))))))))))))),t30))))))))))))))))))))))))))))),root);
data/SuperTripletsBenchmark/model-trees/model-31.nwk.model_tree	data/SuperTripletsBenchmark/source-trees/d25/k40/data-d25-k40-31_phybp-s0r.nwk.source_trees	12.82388162612915	12.170000000000002	((t87,(t4,(t53,(t18,(t15,(t82,(t36,(t46,(t26,(t61,(t60,(t89,(t41,(t33,(t17,(t38,(t59,(t69,(t40,(t34,(t24,(t20,(t23,(t37,(t42,(t13,(t31,(t22,(t57,(t43,(t94,(t68,(t92,(t25,(t29,(t51,(t66,(t7,(t47,(t97,(t72,(t76,(t28,(t12,(t93,(t98,(t85,(t95,(t100,(t75,(t63,((t9,(t32,(t74,(t16,(t71,(t45,(t77,(t5,(t79,(t64,(t65,(t88,(t81,(t50,(t19,(t80,(t99,(t48,(t56,(t84,(t27,(t58,((t62,(t35,t11)),(t91,(t90,(t83,(t21,(t14,(t96,(t70,((t30,(t1,((((t44,t8),((t78,t73),t55)),(t52,((t3,(t86,t6)),((t2,t49),t54)))),t67))),t10))))))))))))))))))))))))))))))),t39)))))))))))))))))))))))))))))))))))))))))))))))))))),root);
data/SuperTripletsBenchmark/model-trees/model-32.nwk.model_tree	data/SuperTripletsBenchmark/source-trees/d25/k40/data-d25-k40-32_phybp-s0r.nwk.source_trees	12.766233444213867	12.129999999999999	((t91,(t80,(t44,(t99,(t94,(t78,(t13,(t76,(t88,(t68,(t3,(t47,(t14,(t43,(t39,(t33,(t49,(t75,(t26,(t46,(t19,(t72,(t16,(t45,(t69,(t79,(t40,(t62,(t9,(t73,(t59,((t18,(t52,(t57,(t66,(t61,(t27,(t51,(t87,(t4,(t83,(t85,(t54,(t97,(t65,(t24,(t70,(t96,(t15,(t63,(t23,(t38,(t42,(t32,(t48,(t21,(t1,(t53,(t37,(t11,(t100,(t28,(t93,(t8,(t58,(t22,(t25,(t31,(t17,(t36,(t92,(t89,((t10,((t82,(t12,(t30,(t29,(t55,(t98,(t2,(t35,((t60,((t56,(t20,t50)),((((t71,t67),((t84,t41),t95)),t77),t90))),(t34,((t6,t7),(t74,t64)))))))))))),t5)),t86)))))))))))))))))))))))))))))))))))))))))),t81)))))))))))))))))))))))))))))))),root);
data/SuperTripletsBenchmark/model-trees/model-33.nwk.model_tree	data/SuperTripletsBenchmark/source-trees/d25/k40/data-d25-k40-33_phybp-s0r.nwk.source_trees	12.6947603225708	12.04	((t86,(t67,(t63,(t83,(t23,(t32,(t56,(t5,(t66,(t46,(t90,(t45,(t81,(t75,(t29,(t2,(t77,(t26,(t21,(t52,(t99,(t92,(t9,(t60,(t53,(t72,(t25,(t47,(t17,(t44,(t43,(t49,(t55,(t4,(t58,(t1,(t10,(t20,(t73,(t68,(t11,(t89,(t13,(t76,(t19,(t87,(t57,(t95,(t97,(t79,(t27,(t88,(t84,(t85,(t96,(t38,(t8,(t12,(t40,(t48,(t91,(t54,(t98,(t24,(t39,(t22,(t37,(t82,(t31,(t6,(t65,(t41,(t36,(t94,(t34,(t42,(t51,((t28,(t33,(t70,(t93,(t35,(t61,(t30,(t71,(((t78,t15),((t69,t62),(t100,(t16,t50)))),((t18,(t80,t7)),(t14,((t74,t3),t59)))))))))))),t64)))))))))))))))))))))))))))))))))))))))))))))))))))))))))))))))))))))))))))))),root);
data/SuperTripletsBenchmark/model-trees/model-34.nwk.model_tree	data/SuperTripletsBenchmark/source-trees/d25/k40/data-d25-k40-34_phybp-s0r.nwk.source_trees	12.782350301742554	12.16	((t27,(t90,(t75,(t94,(t34,(t100,(t68,(t33,(t44,(t35,(t19,(t79,(t51,(t43,(t7,(t24,(t32,(t42,(t74,(t3,(t45,(t14,(t70,(t69,(t64,((t36,(t28,(t37,(t53,(t78,(t76,(t81,(t95,(t26,(t49,(t87,(t4,(t8,(t66,(t52,(t11,((t6,(t97,(t15,(t60,(t30,(t12,(t55,(t29,(t62,(t25,(t31,(t38,(t46,(t23,(t16,(t41,(t39,(t92,(t77,(t56,(t22,(t17,(t18,(t82,(t5,(t98,(t47,(t84,(t88,(t9,(((t13,(t96,((t80,t20),(((t99,t86),t93),(t73,t71))))),((t72,(t1,(t61,t67))),t89)),(((t10,t21),(t59,t57)),(t91,((t58,(((t40,t2),(t85,t83)),t48)),(t54,t50))))))))))))))))))))))))))))))))))),t65))))))))))))))))),t63)))))))))))))))))))))))))),root);
data/SuperTripletsBenchmark/model-trees/model-35.nwk.model_tree	data/SuperTripletsBenchmark/source-trees/d25/k40/data-d25-k40-35_phybp-s0r.nwk.source_trees	12.798914432525635	12.16	((t67,(t3,(t7,(t12,(t31,(t30,(t70,(t34,(t21,(t83,(t89,(t41,(t37,(t53,(t84,(t98,(t88,(t35,(t6,(t82,(t42,(t65,(t55,(t86,(t91,(t63,(t22,(t99,(t8,(t16,(t46,(t64,(t100,(t17,(t94,(t29,(t18,(t20,(t32,(t69,(t25,(t71,(t44,(t96,(t52,(t27,(t39,(t90,(t5,(t66,(t50,(t1,(t75,(t33,(t61,(t81,(t36,(t68,(t11,(t95,(t80,(t93,(t13,(t59,(t19,(t4,(t49,(t79,(t62,(t77,(t14,(t9,(t24,(t10,((t40,(t38,(t23,(t57,(t45,(t48,(t73,(t85,(t47,(t76,(t54,(t87,(t2,(t92,((t43,(t78,t15)),((t60,t97),(t26,((t56,(t72,t51)),(t28,t58))))))))))))))))))),t74))))))))))))))))))))))))))))))))))))))))))))))))))))))))))))))))))))))))))),root);
data/SuperTripletsBenchmark/model-trees/model-36.nwk.model_tree	data/SuperTripletsBenchmark/source-trees/d25/k40/data-d25-k40-36_phybp-s0r.nwk.source_trees	12.843924522399902	12.229999999999999	((t74,(t48,(t32,(t50,(t8,(t29,(t70,(t23,(t77,(t83,(t31,(t89,(t72,(t40,(t39,(t43,(t13,(t14,(t86,(t76,(t71,(t52,(t7,(t94,(t54,(t25,(t81,(t41,(t91,(t55,(t88,(t12,(t9,(t36,(t56,(t18,(t2,(t49,(t85,(t45,(t11,(t22,((t96,(t37,(t93,(t87,(t99,(t27,(t62,(t82,(t75,(t64,(t68,(t65,(t33,(t20,(t53,(t42,((t58,(t57,(t16,(t34,(t46,(t5,(t79,(t21,(t1,(t67,(((t59,(t10,t38)),t69),((t92,(t51,(t95,(((t84,t4),(t30,t6)),(t44,(t28,(t17,t60))))))),((((t73,(t66,t15)),(t26,(t47,t63))),((t24,(t90,t97)),t78)),((t80,(t19,t61)),(t35,t98))))))))))))))),t100))))))))))))))))),t3))))))))))))))))))))))))))))))))))))))))))),root);
data/SuperTripletsBenchmark/model-trees/model-37.nwk.model_tree	data/SuperTripletsBenchmark/source-trees/d25/k40/data-d25-k40-37_phybp-s0r.nwk.source_trees	12.643960237503052	12.030000000000001	((t36,(t45,(t61,(t43,(t91,(t17,(t24,(t47,(t88,(t27,(t3,(t4,(t22,(t82,(t35,(t26,(t84,(t20,(t38,(t58,(t9,(t12,(t93,(t30,(t31,(t14,(t15,(t89,(t75,(t67,(t10,(t34,(t76,(t57,(t79,(t98,(t94,(t86,(t40,(t8,(t18,(t66,(t85,(t29,(t51,(t71,(t11,(t68,(t23,(t13,(t95,(t87,(t74,(t21,(t28,(t50,((t78,(t59,(t33,(t80,(t81,(t64,(t7,(t5,(t56,(t83,(t54,(t19,(t42,((t46,(t92,(t99,(t52,(t16,(t32,(t63,(t1,(t77,(t90,((t70,((t48,t55),(t62,((t25,((t39,(t53,(t60,t2))),t37)),t69)))),((t41,t100),((t73,t72),t44))))))))))))),(t96,((t49,t65),t6)))))))))))))))),t97))))))))))))))))))))))))))))))))))))))))))))))))))))))))),root);
data/SuperTripletsBenchmark/model-trees/model-38.nwk.model_tree	data/SuperTripletsBenchmark/source-trees/d25/k40/data-d25-k40-38_phybp-s0r.nwk.source_trees	12.942276954650879	12.27	((t8,(t54,(t17,(t26,(t19,(t58,(t78,(t39,(t29,((t21,(t11,(t92,(t55,(t69,(t13,(t99,(t14,(t100,(t30,(t49,(t57,(t56,(t53,(t83,(t16,(t81,(t35,(t42,(t98,(t76,(t85,(t34,(t25,(t74,(t37,(t82,(t28,(t51,(t89,(t88,(t27,(t75,(t65,(t62,(t1,(t71,(t86,(t63,(t73,(t91,(t15,(t96,(t41,(t93,(t79,(t52,(t31,(t87,(t64,(t59,(t72,(t90,(t18,(t32,(t97,(t4,(t50,(t5,(t48,(t38,(t33,(t40,(t67,(t22,(t2,(t45,(t84,(t66,(t44,(t94,(t9,(t3,(t80,((t12,((t60,(t61,t77)),(t70,(t24,(t6,t47))))),((t46,t36),((t10,t95),(t23,((t68,t7),t43))))))))))))))))))))))))))))))))))))))))))))))))))))))))))))))))))))))))))))))),t20)))))))))),root);
data/SuperTripletsBenchmark/model-trees/model-39.nwk.model_tree	data/SuperTripletsBenchmark/source-trees/d25/k40/data-d25-k40-39_phybp-s0r.nwk.source_trees	13.019784688949585	12.31	((t26,(t20,(t86,(t25,(t75,(t10,(t32,(t87,(t93,(t76,(t54,(t99,(t5,(t42,(t74,(t97,(t35,(t1,(t91,(t33,(t28,(t36,(t88,(t90,(t22,(t46,(t27,(t55,(t83,(t84,(t41,(t61,(t96,(t95,(t18,(t72,(t57,(t67,(t53,(t8,(t89,(t59,(t52,(t80,(t45,(t94,(t78,(t49,(t50,(t4,(t81,(t48,(t11,(t43,(t68,(t77,(t2,(t60,(t23,(t69,(t65,(t16,(t19,(t79,(t30,(t44,(t82,(t70,(t66,(t38,(t7,(t56,(t17,(t21,(t71,(t98,(t85,(t3,(t12,(t39,(t92,(t15,(t51,((((t13,t63),(t6,((t47,(t31,(t24,t14))),(t64,t29)))),((t37,t62),t58)),(((t34,t73),t100),(t9,t40)))))))))))))))))))))))))))))))))))))))))))))))))))))))))))))))))))))))))))))))))))))),root);
data/SuperTripletsBenchmark/model-trees/model-40.nwk.model_tree	data/SuperTripletsBenchmark/source-trees/d25/k40/data-d25-k40-40_phybp-s0r.nwk.source_trees	13.088340520858765	12.48	((t60,(t77,(t87,(t61,(t7,(t25,(t28,(t16,(t20,(t24,(t78,(t45,(t92,(t51,(t73,(t76,(t80,(t9,(t23,(t49,(t54,(t27,(t68,(t21,(t91,(t50,(t74,(t94,(t37,((t46,(t22,(t19,(t96,(t79,(t29,(t84,(t44,(t85,(t97,(t35,(t30,(t42,(t31,(t75,(t5,(t14,(t33,(t32,(t90,(t38,(t26,(t15,(t59,(t8,(t1,(t3,(t53,(t47,(t86,(t95,(t81,((t93,(t62,(t18,(t71,(t99,(t2,(t66,(((((t89,t88),(t6,t63)),t83),t100),(t11,(t58,(t41,(t48,((t10,(t12,(t52,(t13,(t57,(t39,(((t43,(t72,(t4,t70))),((t55,t64),((t56,(t98,t69)),t65))),(t36,(t40,t82))))))))),t34))))))))))))),t67))))))))))))))))))))))))))))))))),t17)))))))))))))))))))))))))))))),root);
data/SuperTripletsBenchmark/model-trees/model-41.nwk.model_tree	data/SuperTripletsBenchmark/source-trees/d25/k40/data-d25-k40-41_phybp-s0r.nwk.source_trees	12.808432817459106	12.07	((t31,(t93,(t50,(t94,(t37,(t69,(t52,(t73,(t91,(t100,(t99,(t51,(t12,(t82,(t33,(t25,(t84,(t3,(t19,(t75,(t45,(t41,(t49,(t22,(t61,(t86,(t80,(t57,((t95,(t4,(t81,(t11,(t44,(t59,(t98,(t28,(t23,(t65,(t30,(t67,(t62,(t10,(t14,(t56,(t34,(t66,(t63,(t87,(t7,(t74,(t96,(t97,(t71,(t38,(t40,(t70,(t1,(t60,(t26,(t89,(t46,(t5,(t90,(t9,(t76,(t17,(t92,(t8,(t53,(t6,(t68,(t24,((t42,(t72,(t36,(t39,(t18,(t79,(t29,(t47,(t48,(t27,(t35,(t32,(t54,(t20,(t16,(t64,(t55,((t2,((t77,(t21,((t15,t43),(t88,t85)))),t78)),t58)))))))))))))))))),t13))))))))))))))))))))))))))))))))))))))))))))),t83))))))))))))))))))))))))))))),root);
data/SuperTripletsBenchmark/model-trees/model-42.nwk.model_tree	data/SuperTripletsBenchmark/source-trees/d25/k40/data-d25-k40-42_phybp-s0r.nwk.source_trees	12.836716175079346	12.23	((t86,(t72,(t19,(t95,(t81,(t65,(t46,(t69,(t24,(t74,(t90,(t91,(t41,(t8,(t73,(t12,(t67,(t2,(t84,(t49,(t39,(t16,(t35,(t23,(t29,(t18,(t34,(t40,(t79,(t32,(t5,(t63,(t14,(t7,(t22,(t87,(t3,(t44,(t85,(t66,(t80,(t93,(t26,(t55,(t82,(t89,(t70,(t59,(t61,(t45,(t13,(t15,(t47,(t60,(t75,(t92,(t48,(t4,(t57,(t94,(t97,(t37,(t58,(t54,(t53,(t83,(t28,(t56,(t62,(t9,(t52,(t6,(t17,(t38,(t42,(t50,(t100,(t10,(t96,((t43,(t30,(t1,(t11,(t33,(t31,(t20,(t98,(t71,(t88,(((t78,t99),t25),(t36,(t76,(t68,(t21,((t77,t27),t64)))))))))))))))),t51)))))))))))))))))))))))))))))))))))))))))))))))))))))))))))))))))))))))))))))))),root);
data/SuperTripletsBenchmark/model-trees/model-43.nwk.model_tree	data/SuperTripletsBenchmark/source-trees/d25/k40/data-d25-k40-43_phybp-s0r.nwk.source_trees	10.825709819793701	10.24	((t5,(t92,(t98,(t3,(t61,(t51,(t93,(t81,(t58,(t27,(t44,(t77,(t17,(t29,(t62,(t41,(t15,(t73,((t14,(t12,(t66,(t60,(t57,(t21,(t63,(t36,(t70,(t2,(t20,(t10,(t94,(t83,(t34,(t1,(t89,(t22,(t95,(t96,(t31,((t72,(t28,(t56,(t59,(t26,(t42,(t100,(t80,(t74,(t91,((t84,(t7,((t40,t6),(t19,((t48,t43),t33))))),t24))))))))))),(t37,(t76,(t78,(((t47,(((t55,t67),(((t39,t87),t64),t85)),t18)),(t4,(t45,(t25,t16)))),(t71,(t46,(t69,(t8,(t82,(t68,(t53,(t11,((((t23,(t9,(t52,t97))),((t79,(t65,t30)),t75)),(t54,(((t50,t32),t38),(t88,((t99,t90),t13))))),(t86,t35)))))))))))))))))))))))))))))))))))),t49))))))))))))))))))),root);
data/SuperTripletsBenchmark/model-trees/model-44.nwk.model_tree	data/SuperTripletsBenchmark/source-trees/d25/k40/data-d25-k40-44_phybp-s0r.nwk.source_trees	12.661828517913818	11.879999999999999	((t88,(t2,(t13,(t53,(t93,(t9,(t89,(t3,(t85,(t45,(t76,(t35,(t62,(t21,(t80,(t55,(t7,(t86,((t51,((t87,(t28,(t39,(t74,(t65,(t92,(t97,(t31,(t98,(t38,(t90,(t57,(t83,(t59,(t22,(t30,(t18,(t73,(t67,(t23,(t78,(t66,(t17,(t41,(t33,(t56,(t70,(t26,(t15,(t79,(t12,(t1,(t19,(t54,(t14,(t37,(t40,(t81,(t50,(t75,(t29,(t10,(t27,(t52,(t34,(t84,(t77,(t58,(t43,(t63,(t49,(t91,(t32,(t36,(t96,(t25,(t20,(t82,((((t46,t94),t68),(t4,((t69,(t61,t48)),t99))),((((t100,t44),t47),((t11,t24),(t5,t60))),((t6,t64),((t42,t72),(t95,t16))))))))))))))))))))))))))))))))))))))))))))))))))))))))))))))),t71)),t8))))))))))))))))))),root);
data/SuperTripletsBenchmark/model-trees/model-45.nwk.model_tree	data/SuperTripletsBenchmark/source-trees/d25/k40/data-d25-k40-45_phybp-s0r.nwk.source_trees	13.349097490310669	12.56	((t51,(t22,(t64,(t94,(t78,(t66,(t25,(t70,(t62,(t99,(t21,(t67,(t49,(t43,(t54,(t86,(t41,(t72,(t73,(t71,(t7,(t39,(t31,(t58,(t9,(t93,(t23,(t75,(t63,(t32,(t92,(t26,(t91,(t96,(t97,(t15,(t42,(t38,(t50,(t4,(t95,(t27,(t48,(t33,(t14,((t46,(t89,(t53,(t11,(t16,(t30,(t57,(t88,(t29,(t85,(t34,(t100,(t55,(t65,(t68,(t74,(t28,(t60,(t2,(t6,(t12,(t37,(t83,(t44,(t87,(t82,(t36,(t69,(t81,(t5,(t79,(t19,(t52,(t1,(t24,(t17,(t90,(t18,(t10,(t8,(((((t13,t20),t76),(t61,t3)),((t40,t98),(t56,t59))),((t47,((t80,t35),t77)),t84)))))))))))))))))))))))))))))))))))))))))),t45)))))))))))))))))))))))))))))))))))))))))))))),root);
data/SuperTripletsBenchmark/model-trees/model-46.nwk.model_tree	data/SuperTripletsBenchmark/source-trees/d25/k40/data-d25-k40-46_phybp-s0r.nwk.source_trees	12.56302547454834	11.96	((t26,(t63,(t93,(t85,((t98,(t10,(t54,(t51,(t56,(t46,(t37,(t8,(t76,(t100,(t16,(t35,(t33,(t40,(t17,(t87,(t80,(t84,(t90,(t18,(t72,(t25,(t20,(t91,(t47,(t57,(t65,(t6,(t59,(t42,(t44,(t94,(t50,(t53,(t58,(t1,(t71,(t74,(t11,(t95,(t27,(t92,(t82,(t15,(t69,(t55,(t61,(t3,(t97,(t19,(t13,(t7,(t45,(t9,(t83,(t70,(t4,((t5,(t22,(t28,(t48,(t49,(t68,(t79,(t2,(t31,(t81,(t96,(t38,(t29,(t60,(t67,(t89,(t73,(t32,(t88,(t39,(t62,(t43,(t64,(t24,(t77,((t66,(t23,t52)),(((t12,t78),t21),(t30,((t41,t75),(t34,(t86,t36))))))))))))))))))))))))))))))),t99)))))))))))))))))))))))))))))))))))))))))))))))))))))))))),t14))))),root);
data/SuperTripletsBenchmark/model-trees/model-47.nwk.model_tree	data/SuperTripletsBenchmark/source-trees/d25/k40/data-d25-k40-47_phybp-s0r.nwk.source_trees	12.30080270767212	11.719999999999999	((t37,(t27,(t59,(t42,(t61,(t88,(t47,(t58,(t64,((t8,(t71,(t18,(t38,(t77,(t92,(t33,(t24,(t32,(t93,(t82,(t46,(t62,(t35,(t44,(t49,(t94,(t99,(t45,(t29,(t95,(t9,(t73,(t74,(t89,(t51,(t25,(t69,(t84,(t2,(t63,(t16,(t70,(t7,(t54,(t5,(t78,(t75,(t13,(t83,(t80,(t87,(t6,(t85,(t100,(t1,(t41,(t72,(t79,(t68,(t28,(t97,(t19,(t36,(t11,(t91,(t76,(t86,(t30,(t39,(t20,(t66,(t40,(t14,((t60,(t67,(((t23,((t26,(t10,t57)),(t21,(t34,t55)))),t65),((t53,(t96,t56)),t4)))),(t43,(t31,(((t17,((t50,t15),(t90,t98))),t12),((t52,(t3,t81)),t22))))))))))))))))))))))))))))))))))))))))))))))))))))))))))))))))))))),t48)))))))))),root);
data/SuperTripletsBenchmark/model-trees/model-48.nwk.model_tree	data/SuperTripletsBenchmark/source-trees/d25/k40/data-d25-k40-48_phybp-s0r.nwk.source_trees	13.078826189041138	12.33	((t80,(t27,(t58,(t89,(t60,(t82,(t29,(t71,(t45,(t74,(t47,(t56,(t83,(t19,(t32,(t18,(t38,(t46,(t64,(t43,(t73,(t20,(t88,(t85,(t21,(t79,(t75,(t87,(t36,(t30,(t24,(t78,(t84,(t2,(t39,(t62,(t98,(t95,(t53,(t28,(t12,(t72,(t57,(t44,(t26,(t37,(t76,(t34,(t63,(t6,(t92,(t52,(t40,(t8,(t16,((t70,(t77,(t50,(t3,(t35,(t13,(t81,(t94,(t4,((((t54,t1),(t5,(t49,t99))),((t86,t42),(t48,(t67,t61)))),(t17,(t7,(t69,(t93,((t41,(t15,(t23,(t9,t10)))),t90))))))))))))))),(t59,(t68,(t97,(t31,(((t91,(t96,t66)),(t11,t65)),((t55,(t14,t25)),((t22,(t33,t51)),t100))))))))))))))))))))))))))))))))))))))))))))))))))))))))))))))),root);
data/SuperTripletsBenchmark/model-trees/model-49.nwk.model_tree	data/SuperTripletsBenchmark/source-trees/d25/k40/data-d25-k40-49_phybp-s0r.nwk.source_trees	7.987499475479126	7.38	((t73,(t74,(t23,(t1,(t35,(t90,(t41,(t92,((t97,(t6,(t10,(t78,(t52,(t46,(t40,(t33,(t56,(t63,(t4,(t9,(t7,(t12,(t76,(t50,(t61,(t75,(t58,(t17,(t66,(t80,(t36,(t68,(t30,((t39,(t8,(t48,(t37,(t55,(t44,(t72,(t100,(t28,(t20,(t31,(t59,(t71,(t11,(t89,((t49,(t77,(t88,((t86,t51),((t15,(t79,(t45,(t32,((t85,(t38,(t25,(t54,t26)))),(t70,(t95,((t43,(t34,(t67,t3))),((t47,t62),t91))))))))),t24))))),t57)))))))))))))))),t98)))))))))))))))))))))))))),(t93,(t16,(t60,(t64,(t94,(((t21,t29),((((t87,t22),t19),(t84,t83)),t5)),((t96,t2),((t81,(t27,t82)),(t13,((((t42,t69),t53),(t99,t65)),(t14,t18)))))))))))))))))))),root);
data/SuperTripletsBenchmark/model-trees/model-50.nwk.model_tree	data/SuperTripletsBenchmark/source-trees/d25/k40/data-d25-k40-50_phybp-s0r.nwk.source_trees	12.348457336425781	11.74	((t73,(t49,(t54,(t59,(t42,(t6,(t4,(t13,(t60,(t40,(t72,(t16,(t89,(t55,(t8,(t78,(t79,(t22,(t99,(t26,(t71,(t58,(t38,(t27,(t9,(t30,(t50,(t76,(t46,(t31,(t84,(t94,(t25,(t33,(t64,(t67,(t69,(t17,(t21,((t7,(t48,(t57,(t28,(t47,(t32,(t75,(t74,(t1,(t43,(t52,(t80,(t3,(t66,(t45,(t86,(t91,(t44,(t62,(t41,(t68,(t61,(t39,(t29,(t100,(t15,(t37,(t85,(t83,(t77,(t18,((t53,((t82,(t87,(t23,(t20,(t12,((t19,t56),(t95,t96))))))),t97)),(t98,(t88,(t90,(t70,(t35,((t34,(t5,(t14,t51))),((t10,t63),(t11,(t65,(((t24,t2),t36),(t93,t81))))))))))))))))))))))))))))))))))))))))))),t92)))))))))))))))))))))))))))))))))))))))),root);
data/SuperTripletsBenchmark/model-trees/model-51.nwk.model_tree	data/SuperTripletsBenchmark/source-trees/d25/k40/data-d25-k40-51_phybp-s0r.nwk.source_trees	12.148196458816528	11.57	((t70,(t16,(t73,(t6,(t18,(t81,(t80,(t65,(t53,(t46,(t87,(t71,(t100,(t4,(t96,(t99,(t14,(t8,(t45,(t29,(t15,(t7,(t21,(t58,(t75,(t32,(t68,(t82,(t88,(t31,(t23,(t62,(t5,(t13,(t92,(t49,(t89,(t27,(t61,(t40,(t10,(t50,(t41,(t48,(t79,((t90,(t30,(t84,(t37,(t17,(t42,(t60,(t86,(t72,(t20,(t85,(t19,(t47,(t39,(t94,(t74,(t25,(t44,(t56,(t57,(t2,(t33,(t67,(t36,(t91,(t76,(t52,((((t34,(t12,t28)),(((t55,t98),t22),((t95,t63),t11))),((((t64,t66),(t3,t51)),((t97,t35),t1)),(t77,((t38,(t43,t93)),t9)))),(((t78,t26),t24),(t83,(t54,t59))))))))))))))))))))))))))))))),t69)))))))))))))))))))))))))))))))))))))))))))))),root);
data/SuperTripletsBenchmark/model-trees/model-52.nwk.model_tree	data/SuperTripletsBenchmark/source-trees/d25/k40/data-d25-k40-52_phybp-s0r.nwk.source_trees	12.708187341690063	12.1	((t85,(t88,(t8,(t80,(t27,(t13,(t55,(t37,(t84,(t40,(t98,(t50,(t2,(t14,(t72,(t48,(t79,(t36,(t20,(t99,(t51,(t34,(t63,(t1,(t54,(t62,(t59,(t44,(t17,(t18,(t66,(t49,(t86,(t67,(t23,(t43,(t30,(t25,(t82,(t73,(t58,(t87,(t95,(t45,(t35,(t38,(t69,(t65,(t11,(t4,(t6,(t71,(t21,(t24,(t19,(t56,(t89,(t39,(t3,(t10,(t68,(t52,(t22,(t31,(t32,(t100,(t7,(t53,(t92,(t76,(t94,(t83,(t70,((t61,(t5,(t46,(t96,(t16,(t91,(t9,(t29,(t47,(t28,((t97,(t33,(t78,(((((t26,t15),t41),t75),t90),(((t77,t42),(t12,t74)),(t60,(t64,t81))))))),t57))))))))))),t93)))))))))))))))))))))))))))))))))))))))))))))))))))))))))))))))))))))))))),root);
data/SuperTripletsBenchmark/model-trees/model-53.nwk.model_tree	data/SuperTripletsBenchmark/source-trees/d25/k40/data-d25-k40-53_phybp-s0r.nwk.source_trees	12.771323442459106	12.16	((t59,(t55,(t77,(t4,(t36,(t33,(t22,(t64,(t82,(t47,(t50,(t88,(t39,(t79,((t53,(t57,(t21,(t8,(t37,(t62,(t31,(t54,(t80,(t42,(t75,(t29,(t48,(t63,(t81,(t38,(t41,(t2,(t49,(t71,(t95,(t65,(t25,(t85,(t97,(t91,(t87,(t90,(t56,(t45,(t73,(t46,(t68,(t52,(t51,(t15,(t19,(t72,(t67,((t83,(t69,(t32,(t28,(t96,(t94,(t92,(t1,(t18,(t34,(t7,(t76,(t10,(t3,(t86,(t9,(t78,(t6,(t66,(t35,(t13,((t58,(t23,(t89,(t74,(t60,(((t98,t100),(t5,(((t14,(t43,t20)),(t99,((t40,t30),t84))),t44))),(t93,(t61,((t11,(t27,t26)),(t70,t16)))))))))),t12)))))))))))))))))))))),t24)))))))))))))))))))))))))))))))))))))))),t17))))))))))))))),root);
data/SuperTripletsBenchmark/model-trees/model-54.nwk.model_tree	data/SuperTripletsBenchmark/source-trees/d25/k40/data-d25-k40-54_phybp-s0r.nwk.source_trees	13.386313438415527	12.69	((t61,(t54,(t42,(t75,(t1,(t82,(t67,(t40,(t26,(t93,(t18,(t69,(t70,(t85,(t66,(t71,(t86,(t27,(t92,(t20,(t52,(t73,(t45,(t5,(t29,(t59,(t72,(t6,(t81,(t88,((t34,(t25,(t4,(t39,(t79,(t83,(t77,(t56,(t68,(t95,(t36,(t37,(t78,(t41,(t89,(t21,(t38,(t2,(t47,((t74,(t58,(t35,(t55,(t46,(t63,(t9,(t33,(t15,(t87,(t48,(t22,(t32,(t80,(t13,(t10,(t53,(t60,(t24,(t49,(t16,(t23,(t14,(t30,(t97,(t99,(t44,(t28,(t96,(t90,((t91,t17),(t31,(t62,(t8,(t98,(t11,(t84,(((t65,t3),t7),((t43,(t50,((t12,t51),(t94,t76)))),(t57,t19)))))))))))))))))))))))))))))))))))))))),t100)))))))))))))))))))),t64))))))))))))))))))))))))))))))),root);
data/SuperTripletsBenchmark/model-trees/model-55.nwk.model_tree	data/SuperTripletsBenchmark/source-trees/d25/k40/data-d25-k40-55_phybp-s0r.nwk.source_trees	12.794693231582642	12.2	((t35,(t55,(t39,(t9,(t79,(t20,(t96,(t23,(t26,(t28,(t81,(t41,(t88,(t84,(t52,(t56,(t76,(t65,(t68,(t64,(t89,(t54,(t60,(t92,(t74,(t46,(t40,(t24,(t82,(t59,(t48,(t1,(t70,(t67,(t6,(t90,(t69,(t10,(t77,(t71,(t78,(t32,(t61,(t25,(t83,(t45,(t97,(t7,(t50,(t99,(t15,(t30,(t21,(t47,(t34,(t63,(t29,(((t93,(t38,(t3,(t58,(t100,((t62,(t86,(t73,(t11,(t5,(t43,(t85,(t4,(t13,(t94,(t57,(t44,(t51,(t16,(t14,(t8,(t53,(t27,(t87,(t19,(t95,(t72,(t2,(t49,((t66,(t17,((t22,t37),(t80,t12)))),(t36,((t33,t91),(t42,t98)))))))))))))))))))))))))))),t31)))))),t18),t75)))))))))))))))))))))))))))))))))))))))))))))))))))))))))),root);
data/SuperTripletsBenchmark/model-trees/model-56.nwk.model_tree	data/SuperTripletsBenchmark/source-trees/d25/k40/data-d25-k40-56_phybp-s0r.nwk.source_trees	12.88932180404663	12.260000000000002	((t97,(t98,(t88,(t63,(t15,(t71,(t55,(t66,(t92,(t8,(t43,(t29,(t67,(t7,(t3,(t64,(t78,(t23,(t21,(t1,(t82,(t70,(t84,(t18,(t91,(t51,(t17,(t75,(t38,(t59,(t49,(t65,(t57,(t58,(t76,(t54,((t44,(t16,(t72,(t30,(t93,(t79,(t19,(t39,(t48,(t32,(t50,(t69,(t5,(t9,(t60,(t86,(t22,(t74,(t53,(t52,(t40,(t13,((t87,(t36,((t31,(t85,(t45,(t27,(t56,(t12,(t94,(t6,(t28,(t2,(t46,(t89,(t81,(t20,(t14,(t11,(((t35,t47),((t77,t37),(t4,((((t33,t26),t62),t61),t34)))),((t25,(t95,t80)),((t83,(t96,t10)),((t100,t24),((t99,t42),t90))))))))))))))))))))),t68))),t41))))))))))))))))))))))),t73))))))))))))))))))))))))))))))))))))),root);
data/SuperTripletsBenchmark/model-trees/model-57.nwk.model_tree	data/SuperTripletsBenchmark/source-trees/d25/k40/data-d25-k40-57_phybp-s0r.nwk.source_trees	13.070751667022705	12.370000000000001	((t66,(t80,(t78,(t2,(t64,(t16,(t99,(t48,(t45,(t85,(t76,(t13,(t14,(t34,(t96,(t17,(t51,(t53,(t18,(t33,(t37,(t52,(t47,(t92,(t20,(t79,(t95,(t44,(t58,(t65,(t15,(t7,(t94,(t74,(t12,(t69,(t31,(t49,(t26,(t62,(t91,(t57,(t50,(t25,(t59,(t61,(t21,(t75,(t54,(t97,(t98,(t41,(t86,(t81,(t56,(t63,(t24,(t55,(t27,(t28,(t68,(t23,(t70,(t4,(t43,(t82,(t19,(t46,(t30,(t60,(t89,(t9,(t29,(t11,(t77,(t72,(t100,(t87,(t88,(t3,(t90,(t5,(t39,(t36,((t10,(t35,(t38,(t67,(t84,(t32,((t8,((t71,t93),((t6,(t1,t40)),t22))),(t73,t83)))))))),t42))))))))))))))))))))))))))))))))))))))))))))))))))))))))))))))))))))))))))))))))))))),root);
data/SuperTripletsBenchmark/model-trees/model-58.nwk.model_tree	data/SuperTripletsBenchmark/source-trees/d25/k40/data-d25-k40-58_phybp-s0r.nwk.source_trees	12.850343227386475	12.21	((t8,(t91,(t34,(t39,(t88,(t25,(t82,(t49,(t74,(t36,(t29,(t90,(t62,(t21,(t94,(t69,(t67,(t26,(t19,(t100,(t38,(t66,(t78,(t71,(t53,(t83,(t43,(t86,(t4,(t85,(t61,(t17,(t40,(t70,(t33,(t81,(t80,(t7,(t48,(t37,(t30,(t59,(t95,(t54,(t2,(t60,(t32,(t31,(t73,(t96,(t3,(t57,(t87,(t11,(t14,(t79,(t52,(t84,(t45,(t35,(t16,(t15,(t20,(t76,(t22,(t99,(t92,(t97,(t41,(t56,(t98,(t89,(t77,(t50,(t64,(t10,(t55,(t46,(t42,(t12,(t13,(t47,(t24,(t27,(t51,(t9,((t23,t72),(((t1,t75),t28),(((t18,((t68,t93),t65)),((t63,t44),(t5,t6))),t58))))))))))))))))))))))))))))))))))))))))))))))))))))))))))))))))))))))))))))))))))))))))),root);
data/SuperTripletsBenchmark/model-trees/model-59.nwk.model_tree	data/SuperTripletsBenchmark/source-trees/d25/k40/data-d25-k40-59_phybp-s0r.nwk.source_trees	12.606790542602539	11.99	((t43,(t45,(t99,(t100,(t9,(t48,(t86,(t71,(t33,(t80,(t52,(t62,(t5,(t98,(t69,(t13,(t57,(t44,(t89,(t91,(t34,(t75,(t84,(t97,(t46,(t76,(t77,(t38,(t83,(t78,(t72,(t63,(t8,(t55,(t54,(t68,(t79,(t61,(t37,(t19,(t59,(t12,(t40,(t60,(t88,(t92,(t81,(t18,(t90,(t65,(t39,(t28,(t82,(t16,(t14,(t30,(t22,(t73,(t23,(t7,(t66,(t35,(t24,(t6,(t27,(t56,(t93,(((((t20,t85),t4),(t64,t41)),((((t10,t49),t17),t53),t1)),(t21,((t42,(t67,(t50,(t2,(t3,(t74,(t11,(t36,(t87,(t70,((t25,((t32,t31),(t58,t15))),(t95,(((t26,t96),t47),t29))))))))))))),(t51,t94))))))))))))))))))))))))))))))))))))))))))))))))))))))))))))))))))))))),root);
data/SuperTripletsBenchmark/model-trees/model-60.nwk.model_tree	data/SuperTripletsBenchmark/source-trees/d25/k40/data-d25-k40-60_phybp-s0r.nwk.source_trees	13.054713487625122	12.43	((t64,(t57,(t17,(t66,(t74,(t70,(t90,(t61,(t65,(t16,(t39,(t38,(t77,(t99,(t54,(t44,(t73,(t86,(t60,(t30,(t47,(t13,(t93,(t19,(t27,(t82,(t24,(t83,(t9,(t20,(t18,(t52,(t11,((t58,(t14,(t96,(t2,(t26,(t49,(t25,(t5,(t29,(t23,(t31,(t3,(t6,(t45,(t92,(t72,(t79,(t50,(t67,(t7,(t68,(t75,(t62,(t80,(t95,(t12,(t37,(t76,(t69,(t40,(t56,(t15,(t97,(t4,(t36,(t46,(t100,(t51,(t71,(t34,(t10,(t88,(t32,(t41,(t78,(t91,(t1,(t81,(t98,(t22,(t33,(t48,((t89,((t21,t43),(t35,t85))),(((t53,t63),t55),((t87,(t84,t94)),(t8,(t42,t59))))))))))))))))))))))))))))))))))))))))))))))))))))))))),t28)))))))))))))))))))))))))))))))))),root);
data/SuperTripletsBenchmark/model-trees/model-61.nwk.model_tree	data/SuperTripletsBenchmark/source-trees/d25/k40/data-d25-k40-61_phybp-s0r.nwk.source_trees	12.701194763183594	12.030000000000001	((t68,(t49,(t61,(t44,(t65,(t95,(t54,(t82,(t6,(t64,(t55,(t30,(t86,(t29,(t66,(t35,(t81,(t87,(t14,(t76,(t42,(t48,(t69,(t59,(t18,(t38,(t60,(t53,(t33,(t97,(t8,(t22,(t57,(t56,(t13,(t25,(t94,(t11,(t47,(t91,(t32,(t99,(t21,(t31,(t17,(t36,(t40,(t24,(t2,(t34,(t43,(t62,(t9,(t27,(t46,(t7,(t96,(t75,(t39,(t15,(t78,(t63,(t90,(t92,(t70,(t4,(t28,(t72,(t45,(t79,(t74,(t73,(t41,(t100,(t1,(t88,(t26,(t37,(t58,(t85,(t5,((t98,(((t12,t89),t71),(((t19,t83),((t51,t93),t16)),t84))),(t80,(((t52,t77),(t23,(t3,t10))),((t50,t67),t20))))))))))))))))))))))))))))))))))))))))))))))))))))))))))))))))))))))))))))))))))))),root);
data/SuperTripletsBenchmark/model-trees/model-62.nwk.model_tree	data/SuperTripletsBenchmark/source-trees/d25/k40/data-d25-k40-62_phybp-s0r.nwk.source_trees	12.85669231414795	12.24	((t48,(t11,(t75,(t52,(t22,(t15,(t83,(t45,(t68,(t88,(t60,(t28,(t84,(t97,(t82,(t93,(t96,(t87,(t46,(t26,(t61,(t90,(t63,(t9,(t64,(t40,(t27,(t99,(t21,(t30,(t72,(t66,(t100,(t89,(t3,(t39,(t8,(t76,(t41,(t62,((t42,(t19,(t79,(t4,(t78,(t18,(t85,(t58,(t1,(t47,(t6,(t5,(t16,(t74,(t25,(t38,(t69,(t14,(t17,(t59,(t32,(t10,(t44,(t20,(t77,(t29,(t35,(t51,(t43,(t2,(t81,(t7,(t56,(t36,(t34,(t86,(t80,(t54,(t95,(t50,(t24,(t92,(t55,(t23,(t98,(t67,((t65,(((t70,t53),t31),t49)),(((t33,t73),t13),(((t91,t12),t71),(t57,t37)))))))))))))))))))))))))))))))))))))))))))))))))),t94))))))))))))))))))))))))))))))))))))))))),root);
data/SuperTripletsBenchmark/model-trees/model-63.nwk.model_tree	data/SuperTripletsBenchmark/source-trees/d25/k40/data-d25-k40-63_phybp-s0r.nwk.source_trees	12.524324655532837	11.91	((t88,(t22,(t95,(t32,(t38,(t13,(t64,(t14,(t67,(t47,(t10,(t8,(t68,(t81,(t39,(t51,(t96,(t30,(t6,(t28,(t78,(t70,(t50,(t11,(t97,(t43,(t15,(t61,((t94,(t98,(t80,(t53,(t73,(t5,(t12,(t26,(t90,(t16,(t34,(t49,(t59,(t35,(t23,(t9,(t92,(t79,(t27,(t65,(t85,(t100,(t33,(t46,(t41,(t18,(t63,(t21,(t89,(t56,(t74,(t25,(t19,((t37,(t55,(t54,t60))),(t83,(t4,(t99,(t17,((((t72,(t77,t42)),t44),(t45,(((t75,t48),t36),(t66,((t2,t57),(t82,(t71,(t7,t3)))))))),(t84,(t31,(t91,(((t40,((t87,t1),t29)),t20),((t86,t93),(t76,(((t69,t62),t52),t58)))))))))))))))))))))))))))))))))))))))))))))),t24))))))))))))))))))))))))))))),root);
data/SuperTripletsBenchmark/model-trees/model-64.nwk.model_tree	data/SuperTripletsBenchmark/source-trees/d25/k40/data-d25-k40-64_phybp-s0r.nwk.source_trees	10.157348394393921	9.52	((t84,(t42,(t92,(t18,(t87,(t58,(t20,(t16,(t96,(t55,(t44,(t69,(t60,(t29,(t98,(t65,(t82,(t33,(t71,(t70,(t27,(t25,(t77,(t88,(t35,(t76,(t86,(t66,(t30,(t10,((t63,((t4,(t43,((t28,(t61,t39)),((t17,t75),t1)))),(t38,(t64,(t24,((t80,(t21,(t6,(t59,(t74,((t57,(t47,t7)),(((t72,t83),t19),(t36,t8)))))))),t5)))))),(t37,(t68,(t53,(t62,(t14,(t22,(t41,(t56,(t93,(t46,(t91,(t78,(t32,(t31,(t13,(t49,(t81,(t3,(t2,(t100,(t99,(t79,(t26,(t51,(t12,(t23,(t95,(t34,(t54,(((t11,(t89,((t48,t50),(t94,t15)))),(t85,(t97,t40))),(((t9,t67),t73),((t52,t45),t90))))))))))))))))))))))))))))))))))))))))))))))))))))))))))))))),root);
data/SuperTripletsBenchmark/model-trees/model-65.nwk.model_tree	data/SuperTripletsBenchmark/source-trees/d25/k40/data-d25-k40-65_phybp-s0r.nwk.source_trees	12.586946725845337	11.98	((t58,(t37,(t74,(t66,(t27,(t53,(t77,(t69,(t41,(t99,(t72,(t79,(t5,(t65,(t56,(t100,(t45,(t36,(t1,(t22,(t33,(t7,(t30,(t64,(t10,(t20,(t78,(t16,(t81,(t83,(t98,(t95,(t14,(t59,(t67,(t12,(t2,(t86,(t89,(t71,(t40,(t87,(t43,(t93,(t62,(t32,(t19,(t17,(t13,(t51,(t82,(t50,(t61,(t84,(t35,(t75,(t29,(t96,(t90,(t80,(t46,(t48,(t26,(t55,(t9,(t73,(t94,(t24,(t28,(t6,(t11,((t60,(t18,(t39,(t49,(t21,(t42,(t25,(t70,(t4,(t91,((t38,(t8,(t92,(t15,(t85,(t63,(t23,(t34,(t97,(t76,((t52,((t88,(t47,t54)),t68)),(t3,t57)))))))))))),t44))))))))))),t31)))))))))))))))))))))))))))))))))))))))))))))))))))))))))))))))))))))))),root);
data/SuperTripletsBenchmark/model-trees/model-66.nwk.model_tree	data/SuperTripletsBenchmark/source-trees/d25/k40/data-d25-k40-66_phybp-s0r.nwk.source_trees	12.949724912643433	12.290000000000001	((t17,(t39,(t36,(t85,(t26,(t89,(t75,(t63,(t40,(t86,(t24,(t47,(t15,(t88,(t57,((t83,(t10,(t25,(t56,(t20,(t53,((t82,(t98,(t76,(t23,(t7,(t6,(t78,(t84,(t59,(t67,(t77,(t71,(t28,(t18,(t87,(t61,(t3,(t2,(t64,(t29,(t34,(t55,(t95,(t1,(t79,(t96,(t51,((t9,(t73,(t100,(t12,(t13,(t60,(t99,(t33,(t42,(t94,(t46,(t37,(t27,(t62,(t45,(t91,(t14,(t31,(t70,(t22,(t48,(t8,(t90,(t30,(t49,(t38,(t4,(t54,(t68,((t35,(t69,(((t32,(((t81,t92),(t58,(t65,t93))),(t44,(t21,t97)))),(t72,t50)),t43))),t11)))))))))))))))))))))))))))))),(((t16,t41),(t5,t74)),(t52,t66)))))))))))))))))))))))))))))),t80))))))),t19)))))))))))))))),root);
data/SuperTripletsBenchmark/model-trees/model-67.nwk.model_tree	data/SuperTripletsBenchmark/source-trees/d25/k40/data-d25-k40-67_phybp-s0r.nwk.source_trees	12.64320421218872	12.020000000000001	((t80,(t76,(t33,(t64,(t27,(t74,(t84,(t48,(t46,(t68,(t94,(t95,(t77,(t38,(t26,(t98,(t78,(t37,(t8,(t6,(t43,(t73,(t69,(t92,(t19,(t35,(t18,(t75,(t16,(t71,(t20,(t67,(t5,(t11,(t41,(t65,(t14,(t39,(t9,(t70,(t97,(t87,(t88,(t51,(t54,(t82,(t10,(t28,(t22,(t7,(t36,(t21,(t53,(t30,(t4,((t89,(t100,(t79,(t56,(t3,(t40,(t13,(t29,(t58,(t2,(t1,(t31,(t47,(t72,(t91,(t83,(t93,(t57,(t62,(t61,(t63,(t24,(t34,(t59,(t52,(((t90,(((t15,t60),t99),(t42,((t25,(t44,(t17,t66))),(t23,t50))))),t81),((t45,t86),(t55,(t49,(t32,(t96,t12))))))))))))))))))))))))))))))),t85)))))))))))))))))))))))))))))))))))))))))))))))))))))))),root);
data/SuperTripletsBenchmark/model-trees/model-68.nwk.model_tree	data/SuperTripletsBenchmark/source-trees/d25/k40/data-d25-k40-68_phybp-s0r.nwk.source_trees	12.810940980911255	12.229999999999999	((t88,(t79,(t11,(t35,(t1,(t4,(t85,(t52,(t5,(t43,(t97,((t50,(t58,(t37,(t42,(t3,(t66,(t87,(t6,(t15,(t56,(t78,(t65,(t34,(t19,(t31,(t48,(t21,(t67,(t57,(t26,(t36,(t86,(t25,(t99,(t76,(t90,(t82,(t60,(t39,(t94,(t18,(t68,(t96,(t40,(t72,(t30,(t95,(t70,(t8,(t75,(t77,(t98,(t33,(t41,(t55,(t38,(t16,(t91,(t59,(t23,(t7,(t71,(t81,(t74,(t10,(t17,(t54,(t29,(t83,((t27,(t28,(t53,(t2,(t12,(t84,(t89,(t51,(t49,(t80,(t69,(t22,(t13,(t9,(t62,(t93,(t14,(t63,(t73,((t32,(t20,t46)),((t100,t44),(((t47,t61),t64),t45)))))))))))))))))))))),t24)))))))))))))))))))))))))))))))))))))))))))))))))))))))))))),t92)))))))))))),root);
data/SuperTripletsBenchmark/model-trees/model-69.nwk.model_tree	data/SuperTripletsBenchmark/source-trees/d25/k40/data-d25-k40-69_phybp-s0r.nwk.source_trees	12.224357604980469	11.559999999999999	((t4,(t75,(t83,(t16,(t19,(t64,(t45,(t86,(t24,(t43,(t100,(t67,(t79,(t74,(t10,(t53,(t89,(t95,(t34,(t68,(t12,(t37,(t23,(t1,(t60,(t6,(t5,(t62,(t72,(t58,(t27,(t9,(t42,(t59,(t35,(t97,(t44,(t78,(t69,(t71,(t77,(t17,(t33,(t91,(t18,(t94,(t96,(t21,(t15,(t36,(t93,(t25,(t2,(t73,(t76,(t81,(t30,(t70,(t54,(t84,(t57,(t49,(t51,(t85,(t13,((((t66,t92),((t88,t99),(t46,(t80,t7)))),((t28,t47),(t65,((t20,(t3,(t52,t50))),(t31,((t56,(t98,t26)),t61)))))),((((t82,t87),(((t8,t29),t38),t55)),t90),((t41,(t11,((t39,t63),((t48,t22),(t32,t14))))),t40)))))))))))))))))))))))))))))))))))))))))))))))))))))))))))))))))))),root);
data/SuperTripletsBenchmark/model-trees/model-70.nwk.model_tree	data/SuperTripletsBenchmark/source-trees/d25/k40/data-d25-k40-70_phybp-s0r.nwk.source_trees	12.653774738311768	12.1	((t54,(t6,(t44,(t83,(t9,(t73,(t39,((t15,(t34,(t50,(t72,(t79,(t25,(t42,(t51,(t17,(t1,(t32,(t59,(t86,(t27,(t66,(t23,(t13,(t84,(t88,(t19,(t96,(t68,(t91,(t33,(t48,(t87,(t47,(t10,(t20,(t37,(t58,(t49,(t78,(t12,(t70,(t63,(t85,(t26,(t8,(t61,(t65,(t74,(t81,(t43,(t14,(t100,(t52,(t55,(t18,(t99,(t64,(t16,(t29,(t94,(t2,(t21,(t4,(t24,(t45,((t67,(t62,(t75,(t90,(t57,(t93,((t82,(t56,((t35,(t22,(t60,(t97,((t5,(t40,t7)),(((t98,t77),(t92,t36)),((t41,(t28,t38)),t31))))))),t71))),((t46,((t11,(t80,t89)),(t3,(t69,t53)))),t30)))))))),t76)))))))))))))))))))))))))))))))))))))))))))))))))))))))))))),t95)))))))),root);
data/SuperTripletsBenchmark/model-trees/model-71.nwk.model_tree	data/SuperTripletsBenchmark/source-trees/d25/k40/data-d25-k40-71_phybp-s0r.nwk.source_trees	12.661372661590576	12.0	((t62,(t65,(t6,(t10,(t43,(t41,(t81,(t13,(t26,(t90,(t100,(t42,(t73,(t32,(t97,(t55,(t67,(t52,(t60,(t78,(t20,(t24,(t77,(t38,(t27,(t96,(t82,(t58,(t39,(t50,(t47,(t64,(t9,(t68,(t84,(t61,(t89,(t18,(t94,(t31,(t16,(t49,(t85,(t74,(t12,(t54,(t59,(t51,(t88,(t44,(t48,(t87,(t91,(t35,(t57,(t69,(t86,(t98,(t25,(t76,(t1,(t80,(t29,(t11,(t19,(t93,(t2,(t22,(t5,(t71,(t75,(t79,((t3,(t17,(t33,((t37,(t8,(t36,(t99,(t92,(t30,(((t70,t23),t66),((t4,t72),t21)))))))),((t14,(t56,t40)),(t46,t15)))))),(t83,((t7,((t28,t95),(t63,t34))),(t53,t45)))))))))))))))))))))))))))))))))))))))))))))))))))))))))))))))))))))))))))),root);
data/SuperTripletsBenchmark/model-trees/model-72.nwk.model_tree	data/SuperTripletsBenchmark/source-trees/d25/k40/data-d25-k40-72_phybp-s0r.nwk.source_trees	12.372897624969482	11.71	((t40,(t19,(t36,(t32,(t92,(t54,(t62,(t85,(t72,(t4,(t58,(t16,(t20,(t66,(t64,(t1,(t53,(t41,(t60,(t84,(t24,(t6,(t22,(t69,(t46,(t81,(t70,(t82,(t28,(t65,(t73,(t94,(t14,(t38,(t47,(t83,(t39,(t59,(t55,(t11,(t26,(t63,(t45,(t43,(t61,(t87,(t97,(t2,(t34,(t51,(t56,(t57,(t79,(t30,(t25,(t91,(t12,(t67,(t21,(t90,(t86,(t49,(t52,(t95,(t37,(t80,(t50,(t99,(t35,(t33,(t76,(t15,(t93,(t8,(t29,(t100,(t96,(t74,(t77,((((t75,t9),t89),(t13,((t27,t7),t42))),(((((t71,t44),t5),t18),(t3,t98)),(t10,(t31,((t48,t68),((t78,t17),(t23,t88)))))))))))))))))))))))))))))))))))))))))))))))))))))))))))))))))))))))))))))))))))))),root);
data/SuperTripletsBenchmark/model-trees/model-73.nwk.model_tree	data/SuperTripletsBenchmark/source-trees/d25/k40/data-d25-k40-73_phybp-s0r.nwk.source_trees	12.644370079040527	12.0	((t66,(t37,(t28,(t22,(t52,(t56,(t70,((t13,(t4,(t68,(t29,(t90,(t42,(t15,(t2,(t75,(t20,(t21,(t45,(t41,(t69,(t49,(t12,((t40,(t79,(t6,(t99,(t67,(t55,(t86,(t83,(t47,(t72,(t96,(t46,(t26,(t63,(t88,(t30,(t77,(t54,(t53,(t1,(t19,(t100,(t7,(t71,(t62,(t94,(t58,(t59,(t17,(t78,(t85,(t97,(t98,(t92,(t3,(t81,(t16,(t23,(t25,(t51,(t61,(t24,(t60,(t95,(t87,(t43,(t38,(t74,(t35,(t36,(t10,((t48,(t50,(t64,(t44,(t11,(t27,(t80,(t34,(t84,(t89,((t91,(t57,(t93,(((t65,t31),(t73,t32)),((t8,t5),t14))))),((t9,t18),t82)))))))))))),t76)))))))))))))))))))))))))))))))))))))))))))))))))))),t39))))))))))))))))),t33)))))))),root);
data/SuperTripletsBenchmark/model-trees/model-74.nwk.model_tree	data/SuperTripletsBenchmark/source-trees/d25/k40/data-d25-k40-74_phybp-s0r.nwk.source_trees	12.677934646606445	11.870000000000001	((t16,(t90,(t22,(t65,(t5,(t32,(t49,(t23,(t39,(t62,(t78,(t13,(t75,(t73,(t70,(t94,(t43,(t86,(t97,(t35,(t56,(t85,(t37,(t50,(t9,(t100,(t3,(t96,(t79,(t10,(t24,(t55,(t60,(t15,(t88,((t76,(t14,(t84,(t59,(t80,(t30,(t72,(t54,(t11,(t64,(t26,(t7,(t12,(t69,(t53,(t95,((t38,(t61,(t40,(t33,(t58,(t2,(t4,(t31,(t41,(t89,(t52,(t29,(t93,(t74,(t51,(t28,(t92,(t48,(t34,(t83,(t46,(t81,(t47,(t19,(t18,(t20,(t8,(t98,(t87,(t27,(((t63,t1),(t66,(((t99,t77),t21),t25))),(t68,(t6,((t57,(t71,((t42,t82),t45))),((t36,t91),t17))))))))))))))))))))))))))))))))))),t44))))))))))))))))),t67)))))))))))))))))))))))))))))))))))),root);
data/SuperTripletsBenchmark/model-trees/model-75.nwk.model_tree	data/SuperTripletsBenchmark/source-trees/d25/k40/data-d25-k40-75_phybp-s0r.nwk.source_trees	12.470769166946411	11.63	((t79,(t26,(t94,(t92,(t68,(t2,(t15,(t44,(t64,(t9,(t1,(t48,(t65,(t96,(t58,(t82,(t14,(t35,(t17,(t71,(t20,(t28,(t3,(t16,(t10,(t11,(t29,(t12,(t46,(t19,(t24,(t43,(t83,(t41,(t77,(t42,(t80,(t73,(t4,(t76,(t21,(t95,(t49,(t57,(t5,(t85,(t97,((t69,(t75,(t32,((t38,((t62,(((t54,((t93,(t33,t23)),t66)),(t40,t70)),(((t55,(t27,t87)),(t47,t86)),t61))),(t78,((t67,(t7,((t89,(t99,t31)),((t88,t56),(((t22,t25),(t30,t91)),(t18,(t52,(t34,t6)))))))),((t72,t50),(((t13,(t53,(t8,t36))),(t90,(t81,t45))),(((t84,t74),t100),(t37,((t98,(t59,t60)),t51))))))))),t39)))),t63)))))))))))))))))))))))))))))))))))))))))))))))),root);
data/SuperTripletsBenchmark/model-trees/model-76.nwk.model_tree	data/SuperTripletsBenchmark/source-trees/d25/k40/data-d25-k40-76_phybp-s0r.nwk.source_trees	9.237063884735107	8.64	((t75,(t58,(t17,(t48,(t3,(t80,(t9,(t79,(t32,(t76,(t86,(t7,(t35,(t87,(t38,(t63,(t16,(t44,(t81,(t93,(t45,(t56,(t20,(t70,(t6,(t42,(t95,((t49,(t47,(t66,(t19,(t14,((t72,(t69,((((t41,t78),(t18,t1)),(t61,(t73,(t59,(t13,(t68,(t52,(t24,(t96,(t34,(t85,((((t92,(t8,t28)),t29),(t97,t67)),(t65,(t21,t53)))))))))))))),t51))),((t40,(((t15,t98),t90),t94)),(t33,(t10,(t22,(t88,((t62,(t27,(t36,(t50,(t31,(t54,(((t89,(t12,t55)),t43),(t74,(t11,t5))))))))),t25)))))))))))),(t82,((t84,(t99,(t83,(t2,(((t60,t57),t39),(t26,t30)))))),(((t4,t91),(t71,t46)),((t64,t37),(t77,(t23,t100)))))))))))))))))))))))))))))))))),root);
data/SuperTripletsBenchmark/model-trees/model-77.nwk.model_tree	data/SuperTripletsBenchmark/source-trees/d25/k40/data-d25-k40-77_phybp-s0r.nwk.source_trees	13.39249587059021	12.75	((t10,(t75,(t33,(t61,(t46,(t47,(t17,(t100,(t2,(t16,(t70,(t72,(t43,(t98,(t69,(t26,(t59,(t38,(t80,(t89,(t25,(t48,(t12,(t35,(t9,(t71,(t4,(t29,(t18,(t83,(t64,((t77,(t19,(t21,(t63,(t97,(t56,(t30,(t31,(t53,(t34,(t86,(t84,(t58,(t88,(t5,(t23,(t15,(t92,(t67,(t96,(t40,(t60,(t87,(t50,(t94,(t14,(t13,(t8,(t90,(t78,(t93,(t81,(t42,(t37,(t82,(t27,(t32,(t11,(t95,(t49,(t45,(t62,(t76,(t73,(t74,(t79,(t3,(t51,(t57,(t54,(t91,(t22,(t1,(t28,(t7,(t55,(t41,(t36,(((t6,t24),((t66,(t68,t44)),t39)),(t99,(t20,(t85,t65)))))))))))))))))))))))))))))))))))))))))))))))))))))))))))))),t52)))))))))))))))))))))))))))))))),root);
data/SuperTripletsBenchmark/model-trees/model-78.nwk.model_tree	data/SuperTripletsBenchmark/source-trees/d25/k40/data-d25-k40-78_phybp-s0r.nwk.source_trees	13.030702114105225	12.03	((t25,(t97,(t88,(t13,(t68,(t6,(t59,(t81,(t10,(t47,(t42,(t9,(t2,(t30,(t14,(t22,(t62,(t17,(t44,(t7,(t66,(t26,(t71,(t4,(t61,(t37,(t35,(t92,(t87,(t75,(t78,(t80,(t48,(t51,(t70,(t40,(t19,(t33,(t5,(t53,(t52,(t96,(t29,(t21,((t84,(t76,(t12,(t3,((t16,(t34,(t55,(t8,(t86,(t46,(t24,(t91,(t1,(t94,(t100,(t36,(t58,(t60,((t73,(t64,(t28,(t50,(t18,((t85,(t38,(t63,(t83,(((t79,t11),t27),(t67,(t99,((t41,(t39,(t23,t93))),(t82,t57))))))))),t20)))))),(t65,(t98,(t15,(t31,(((t43,((t95,t54),(t56,t45))),t32),((t69,(t89,t49)),(t90,t74)))))))))))))))))))))),t72))))),t77))))))))))))))))))))))))))))))))))))))))))))),root);
data/SuperTripletsBenchmark/model-trees/model-79.nwk.model_tree	data/SuperTripletsBenchmark/source-trees/d25/k40/data-d25-k40-79_phybp-s0r.nwk.source_trees	13.484322309494019	12.65	((t32,(t92,(t75,(t27,(t9,(t51,(t43,(t12,(t16,(t57,(t89,(t24,(t86,(t26,(t49,(t79,(t13,(t42,(t11,(t15,(t28,(t30,(t99,(t52,(t62,(t14,(t3,(t41,(t29,(t2,(t100,(t87,(t38,(t7,(t19,(t71,(t54,(t37,(t97,(t1,(t23,(t63,(t85,(t67,(t18,(t35,(t91,(t88,(t64,(t80,((t6,(t10,(t95,(t36,(t58,(t81,(t33,(t56,(t8,(t96,(t40,(t39,(t74,(t20,(t77,((t83,(t4,(t25,(t82,(t50,(((t22,t98),((t44,t70),(((t84,t76),t48),(t66,(t60,(t94,t47)))))),(t73,(t93,(t34,(t78,(t5,(t69,(t61,(t17,(t55,((t53,t68),(((t90,t46),t59),(t65,(t21,t72))))))))))))))))))),t31)))))))))))))))),t45))))))))))))))))))))))))))))))))))))))))))))))))))),root);
data/SuperTripletsBenchmark/model-trees/model-80.nwk.model_tree	data/SuperTripletsBenchmark/source-trees/d25/k40/data-d25-k40-80_phybp-s0r.nwk.source_trees	13.10024642944336	12.32	((t23,(t27,(t12,(t71,(t67,(t84,(t44,(t88,(t73,(t7,(t4,(t9,(t2,(t89,(t25,(t47,(t21,(t15,(t1,(t26,(t42,(t79,(t97,(t98,(t83,(t20,(t90,(t32,(t54,(t96,(t10,(t68,(t6,(t62,(t45,(t19,(t38,(t85,(t74,(t8,(t77,(t48,(t81,(t30,(t76,(t95,(t66,(t57,(t35,(t72,(t91,(t80,(t16,(t61,(t55,(t63,(t82,(t86,(t56,(t70,(t94,(t50,(t18,(t43,(t34,(t11,(t49,(t5,(t99,(t64,(t28,(t87,(((t93,t22),((t60,(t100,(t58,t53))),((t41,t92),t33))),(((t69,(t17,t78)),t24),((t75,t14),(t59,(t52,(t36,(((t37,t39),(((t51,t40),t31),(t3,t13))),(t46,(t65,t29))))))))))))))))))))))))))))))))))))))))))))))))))))))))))))))))))))))))))))))))),root);
data/SuperTripletsBenchmark/model-trees/model-81.nwk.model_tree	data/SuperTripletsBenchmark/source-trees/d25/k40/data-d25-k40-81_phybp-s0r.nwk.source_trees	12.7630033493042	12.120000000000001	((t57,(t94,(t41,(t93,(t89,(t84,(t13,(t97,(t98,(t53,(t46,(t5,(t29,(t79,(t61,(t55,(t36,(t23,(t73,(t49,(t16,(t7,(t19,(t100,(t24,(t83,(t20,(t47,(t42,(t85,(t76,(t18,(t99,(t32,(t96,(t72,(t17,(t39,(t65,(t67,(t35,(t95,(t9,(t60,(t25,(t27,(t11,(t2,(t68,(t86,(t28,(t34,(t81,(t40,(t88,(t58,(t1,(t44,(t70,(t15,(t59,(t66,(t64,(t54,(t82,(t26,(t69,(t78,(t14,(t74,(t51,(t10,(t30,((t12,(t56,((t21,t22),t6))),((t52,((t45,(t80,((t4,t37),(t31,(t91,(t38,t77)))))),t92)),(t63,(((t62,t71),(t33,(t75,(t50,((t3,(t87,t90)),t43))))),(t8,t48)))))))))))))))))))))))))))))))))))))))))))))))))))))))))))))))))))))))))))))),root);
data/SuperTripletsBenchmark/model-trees/model-82.nwk.model_tree	data/SuperTripletsBenchmark/source-trees/d25/k40/data-d25-k40-82_phybp-s0r.nwk.source_trees	11.91475224494934	11.270000000000001	((t7,(t40,(t67,(t54,(t62,(t97,(t99,(t94,(t13,(t96,(t38,(t42,(t4,(t90,(t3,(t49,(t10,(t85,(t65,(t5,(t41,(t74,(t75,(t34,(t56,(t72,(t22,(t77,(t88,(t33,(t37,(t2,(t27,(t44,(t43,(t52,(t73,(t87,(t81,(t55,(t48,(t15,(t92,(t14,((t91,(t50,(t28,(((((t25,t20),t32),t12),((t68,t59),((t84,t36),t30))),(t53,(t76,(t93,(t11,(t69,(t57,(t51,(t71,(t58,(t83,(t95,(t70,(t66,(t46,(t64,(t29,(t17,(t98,((t23,(t6,(t45,((t31,(t8,t86)),(t1,(t19,(t80,((t63,(((t16,t82),t89),(t39,t60))),((((t26,t100),(t35,t9)),(t21,t61)),(t78,(t47,t18))))))))))),t24))))))))))))))))))))))),t79))))))))))))))))))))))))))))))))))))))))))))),root);
data/SuperTripletsBenchmark/model-trees/model-83.nwk.model_tree	data/SuperTripletsBenchmark/source-trees/d25/k40/data-d25-k40-83_phybp-s0r.nwk.source_trees	12.692063331604004	12.020000000000001	((t76,(t56,(t42,(t36,(t87,(t49,(t89,(t30,(t18,(t35,(t68,(t77,(t57,(t70,(t75,(t54,(t92,((t50,(t62,(t39,(t79,(t96,(t64,(t55,(t8,(t44,(t38,(t34,(t21,(t78,(t2,(t74,(t60,(t47,(t86,(t67,(t20,(t94,(t17,(t14,(t100,(t26,(t97,(t33,(t16,(t4,(t25,(t19,(t66,(t93,(t43,(t65,(t53,(t90,(t88,(t40,(t28,(t46,(t11,(t58,(t23,(t5,(t63,(t82,(t32,(t45,(t48,(t15,(t99,(t71,(t1,(t51,(t41,(t6,(t85,(t7,(t9,(t72,(t59,(t69,(t84,(t98,(t95,((t27,((t3,t12),(t61,((t91,(t10,t80)),(t81,t22))))),(t31,(t29,((t24,(t83,t37)),(t13,t73))))))))))))))))))))))))))))))))))))))))))))))))))))))))))))))))))))))),t52)))))))))))))))))),root);
data/SuperTripletsBenchmark/model-trees/model-84.nwk.model_tree	data/SuperTripletsBenchmark/source-trees/d25/k40/data-d25-k40-84_phybp-s0r.nwk.source_trees	12.401571989059448	11.74	((t6,(t14,(t60,(t39,(t13,(t88,(t64,(t38,(t49,(t56,(t85,(t95,(t5,(t52,(t96,(t30,(t7,(t46,(t50,(t19,(t83,(t2,(t59,(t91,(t45,(t22,(t67,(t32,(t33,(t20,(t25,(t100,(t70,(t16,(t43,(t12,(t68,(t75,(t1,(t51,(t55,(t92,(t27,(t28,(t9,(t73,(t69,(t87,(t80,(t29,(t63,(t93,(t78,(t8,(t99,(t11,(t42,(t34,(t74,(t31,(t3,(t23,(t66,(t21,(t98,(t82,(t4,((t47,(t62,(((((t71,t76),t44),(t86,t72)),((t77,t35),(t18,(t40,(t89,(t26,t24)))))),((t54,(t57,t17)),(t37,((t58,((t15,(t90,(t61,t36))),t79)),(t53,((t41,t84),((t10,t81),(t48,(t65,t97))))))))))),t94)))))))))))))))))))))))))))))))))))))))))))))))))))))))))))))))))))),root);
data/SuperTripletsBenchmark/model-trees/model-85.nwk.model_tree	data/SuperTripletsBenchmark/source-trees/d25/k40/data-d25-k40-85_phybp-s0r.nwk.source_trees	12.01208782196045	11.309999999999999	((t72,(t69,(t87,(t58,(t75,(t36,(t12,(t48,(t55,(t27,(t83,(t99,(t97,(t15,(t1,(t17,(t34,(t88,(t47,(t66,(t32,(t93,(t50,(t8,(t90,(t92,(t11,(t35,(t65,(t29,(t25,(t51,(t61,(t45,(t33,(t84,(t40,(t49,(t9,(t71,(t4,(t59,(t81,(t91,(t5,(t24,(t26,(t56,(t80,((t78,(t2,(t38,(t64,(t14,(t89,(t63,(t20,((t21,(t39,(t23,(t31,(t28,((t54,(t67,(t44,(t18,(t16,(((t6,t86),((t74,t73),(t3,(t52,t98)))),t62)))))),t94)))))),((t19,((t60,(t46,t76)),t79)),(t77,((t70,t10),(t82,t100))))))))))))),((t22,((((t37,t13),((t7,t41),(t42,(t53,t30)))),t96),((t85,t68),(t57,t95)))),t43))))))))))))))))))))))))))))))))))))))))))))))))))),root);
data/SuperTripletsBenchmark/model-trees/model-86.nwk.model_tree	data/SuperTripletsBenchmark/source-trees/d25/k40/data-d25-k40-86_phybp-s0r.nwk.source_trees	11.849710464477539	10.86	((t99,(t12,(t11,(t9,(t96,(t92,(t6,(t97,(t22,(t38,(t23,(t36,(t93,(t3,(t72,(t75,(t37,(t68,(t95,(t85,(t30,(t39,(t48,(t34,(t86,(t16,(t2,(t27,(t78,(t62,(t98,(t50,(t76,(t89,(t64,(t80,((((t44,t73),(t15,((t14,((t63,(t31,t47)),t51)),t19))),((t43,(t69,t7)),(t77,t4))),(t60,(t40,(t53,(t65,(t20,(t67,(t90,(t79,(t8,(t61,(t5,(t59,(t49,(t55,(t35,(t88,(t26,(t56,(t100,(t84,(t66,(t71,(t25,(t41,(t21,(t10,((((t83,((t70,t57),(t13,t46))),(t74,(t54,(t33,t81)))),t32),((t17,t91),(t87,(t52,(t1,(t58,(((t45,t42),(t94,(t82,t28))),(t24,(t29,t18)))))))))))))))))))))))))))))))))))))))))))))))))))))))))))))))))))))))),root);
data/SuperTripletsBenchmark/model-trees/model-87.nwk.model_tree	data/SuperTripletsBenchmark/source-trees/d25/k40/data-d25-k40-87_phybp-s0r.nwk.source_trees	12.725743532180786	12.049999999999999	((t46,(t37,(t54,(t15,(t74,(t69,(t19,(t73,(t9,(t85,(t30,(t1,(t67,(t18,(t47,(t57,(t84,(t11,(t63,(t59,(t82,(t91,(t10,(t72,(t35,(t86,(t93,(t60,(t39,(t28,(t53,(t61,(t8,(t27,(t79,(t77,(t22,(t50,(t51,(t75,(t41,(t31,(t76,(t90,(t42,(t6,(t55,(t62,(t23,(t48,(t95,(t25,(t52,(t68,(t80,(t36,(t71,(t38,(t94,(t66,(t81,(t96,(t29,(t99,(t44,(t20,(((t26,(t33,(t40,(t89,(t21,(((t4,(t2,(t16,(t64,((t12,t56),t98))))),t78),((t34,((t24,t83),t88)),(t100,((t97,t65),t14))))))))),t45),(t92,(t32,(t49,((t5,(t13,(t43,t7))),((t3,t70),((t17,t58),t87))))))))))))))))))))))))))))))))))))))))))))))))))))))))))))))))))))))))),root);
data/SuperTripletsBenchmark/model-trees/model-88.nwk.model_tree	data/SuperTripletsBenchmark/source-trees/d25/k40/data-d25-k40-88_phybp-s0r.nwk.source_trees	12.909966707229614	12.28	((t87,(t53,(t51,(t22,(t98,(t10,(t96,(t97,(t8,(t28,(t62,(t89,(t31,(t76,(t80,(t64,(t48,(t33,(t21,(t18,(t85,(t16,(t49,(t17,(t88,(t39,(t1,(t4,(t45,(t86,(t25,(t24,(t67,(t7,(t66,(t32,(t55,(t68,(t99,(t84,((t37,(t83,(t12,(t61,(t30,(t11,(t9,(t59,(t78,(t93,(t63,(t41,(t92,(t90,(t81,(t69,(t23,(t27,(t74,(t44,(t42,(t94,(t13,(t70,(t26,(t38,(t56,(t5,(t14,(t72,(t15,(t58,(t52,(t95,(t73,(t6,(t43,(t79,(t36,(t54,(t75,(((t29,t77),(((t46,t2),t47),((t57,t19),t50))),(((((t20,t34),t82),(t40,(t65,(t35,t100)))),(t71,t3)),t91))))))))))))))))))))))))))))))))))))))))))),t60))))))))))))))))))))))))))))))))))))))))),root);
data/SuperTripletsBenchmark/model-trees/model-89.nwk.model_tree	data/SuperTripletsBenchmark/source-trees/d25/k40/data-d25-k40-89_phybp-s0r.nwk.source_trees	12.273808479309082	11.629999999999999	((t96,(t88,(t24,(t85,(t60,(t2,(t92,(t68,(t30,(t66,(t39,(t97,(t84,(t70,(t51,(t90,(t20,(t12,(t62,(t100,(t50,(t95,(t19,(t28,(t89,(t83,(t6,(t47,(t75,(t45,(t57,(t11,(t3,(t44,(t41,(t91,(t81,(t13,((t21,(t14,(t15,(t10,(t40,(t58,(t53,(t22,(t54,(t29,(t27,(t33,(t64,(t36,(t32,(t49,(t93,(t4,(t26,(t74,(t5,(t98,(t31,(t55,(t71,(t1,(t23,(t7,(t37,(t48,(t61,(t43,(t76,(t72,(t86,(t17,((t8,(t59,(t63,((((t18,(t9,t78)),(t46,(t69,t52))),(t77,t94)),((t25,(t80,(((t87,t99),t34),(t79,t82)))),((t56,t35),(t73,(t38,(t16,t65))))))))),t42))))))))))))))))))))))))))))))))))))),t67))))))))))))))))))))))))))))))))))))))),root);
data/SuperTripletsBenchmark/model-trees/model-90.nwk.model_tree	data/SuperTripletsBenchmark/source-trees/d25/k40/data-d25-k40-90_phybp-s0r.nwk.source_trees	12.990146398544312	12.370000000000001	((t37,(t57,(t6,(t90,(t8,(t20,(t24,(t68,(t30,(t16,(t91,(t50,(t3,(t47,(t34,(t58,(t38,(t28,(t44,(t76,(t48,(t96,(t5,(t87,(t15,(t59,(t14,(t83,(t35,(t89,(t27,(t45,(t51,(t39,(t78,(t61,(t88,(t31,(t66,(t46,(t7,(t97,(t9,(t60,(t63,(t56,(t33,(t10,(t98,(t77,(t43,(t42,(t52,(t32,(t55,(t12,(t73,(t18,(t40,(t85,(t84,(t70,(t69,(t19,(t62,((t29,(t72,(t26,(t53,(t1,(t11,(t64,(t36,(t75,(t13,((t2,(t92,(t65,(t79,((t94,(t21,(t95,(t67,(t80,(((t93,t4),(t74,t100)),(t81,((t25,t99),((t17,(t71,(t22,t23))),(t82,t54)))))))))),t49))))),t41))))))))))),t86)))))))))))))))))))))))))))))))))))))))))))))))))))))))))))))))))),root);
data/SuperTripletsBenchmark/model-trees/model-91.nwk.model_tree	data/SuperTripletsBenchmark/source-trees/d25/k40/data-d25-k40-91_phybp-s0r.nwk.source_trees	12.962559700012207	12.32	((t25,(t29,(t85,(t35,(t2,(t10,(t81,(t64,(t11,(t44,(t90,(t9,(t87,(t51,(t18,(t92,(t16,(t69,(t75,(t74,(t61,(t15,(t62,(t27,(t52,(t17,(t84,(t26,(t73,(t54,(t47,(t38,(t50,(t45,(t13,(t37,(t6,(t19,(t97,(t22,(t59,(t86,(t93,(t82,(t39,(t34,(t89,(t95,(t71,(t40,(t4,(t28,(t91,(t72,(t23,(t100,(t32,(t68,(t48,(t96,(t12,(t99,((t21,(t94,(t55,(t33,(t98,(t24,(t58,(t5,(t36,(((t88,t77),(t65,((t53,t43),(t83,(t70,t76))))),(t30,(t67,(t3,(t7,(t63,(t80,(t78,(t1,((t56,(((t57,t14),t66),t41)),(t31,((t46,(t79,t42)),(t60,(t49,t8))))))))))))))))))))))),t20))))))))))))))))))))))))))))))))))))))))))))))))))))))))))))))),root);
data/SuperTripletsBenchmark/model-trees/model-92.nwk.model_tree	data/SuperTripletsBenchmark/source-trees/d25/k40/data-d25-k40-92_phybp-s0r.nwk.source_trees	13.03873062133789	12.370000000000001	((t20,(t92,(t33,(t69,(t30,(t82,(t21,(t45,(t71,(t75,(t72,(t7,(t62,(t36,(t73,(t65,(t88,(t48,(t83,(t15,(t43,(t78,(t85,(t27,(t11,(t42,(t74,(t37,(t89,(t23,(t40,(t31,(t29,(t61,(t25,(t93,(t9,(t32,(t58,(t19,(t4,(t8,(t97,(t87,(t51,(t13,(t84,(t52,(t35,(t70,(t39,(t91,(t66,(t54,(t44,(t10,(t41,(t24,(t67,(t94,(t17,(t80,(t79,(t16,(t5,(t95,(t64,(t60,(t6,(t68,(t46,(t99,(t77,(t57,(t90,(t1,(t96,(t2,(t14,(t55,(t56,(t47,(t53,(t26,(t100,(t50,(t18,(t76,(t38,((t98,((t49,((t81,t34),t86)),t28)),(t12,((t59,t63),(t3,t22))))))))))))))))))))))))))))))))))))))))))))))))))))))))))))))))))))))))))))))))))))))))))))),root);
data/SuperTripletsBenchmark/model-trees/model-93.nwk.model_tree	data/SuperTripletsBenchmark/source-trees/d25/k40/data-d25-k40-93_phybp-s0r.nwk.source_trees	13.058104515075684	12.46	((t45,(t68,(t6,(t50,(t71,(t5,(t14,(t28,(t21,(t16,(t91,(t26,(t100,(t72,(t57,(t11,(t36,(t66,(t15,(t37,(t1,(t18,(t92,(t23,(t80,((t29,(t2,(t22,(t75,(t96,(t20,(t19,(t64,(t67,(t74,(t90,(t12,(t25,(t49,(t62,(t89,(t47,(t43,(t85,(t60,(t83,(t56,(t81,(t38,(t53,(t65,(t55,(t17,(t13,(t41,(t84,(t87,(t40,(t93,(t30,(t8,(t24,(t51,(t4,(t86,(t77,(t63,(t32,(t34,(t44,(t3,(t27,(t99,(t7,(((t46,(t95,(t42,(t78,(t59,(t31,(t39,(t10,(t88,(t35,(t52,(t48,(((t97,((t69,(t61,(t98,t33))),t73)),(t54,(t82,(t9,t79)))),t94))))))))))))),t70),t58)))))))))))))))))))))))))))))))))))))))))))))))))),t76)))))))))))))))))))))))))),root);
data/SuperTripletsBenchmark/model-trees/model-94.nwk.model_tree	data/SuperTripletsBenchmark/source-trees/d25/k40/data-d25-k40-94_phybp-s0r.nwk.source_trees	12.589043378829956	12.02	((t2,(t61,(t62,(t91,(t98,(t25,(t88,(t59,(t69,(t14,(t65,(t3,(t70,(t27,(t50,(t43,(t64,(t78,(t80,(t68,(t63,(t35,(t52,(t56,(t72,(t79,(t51,(t41,(t6,(t28,(t39,(t23,(t1,(t4,(t46,(t34,(t32,(t19,(t36,(t42,(t44,(t5,(t76,(t92,(t37,(t9,(t60,(t81,(t45,(t15,(t13,(t99,(t12,(t26,(t100,(((t48,(t22,((t24,t75),t95))),((t57,((t93,t18),t31)),(t33,t38))),(t82,(t16,(t86,(t85,((t94,(t10,(t29,(t40,(t89,((t66,(t8,(t90,(t67,((t96,((t87,((t58,t17),t54)),(t83,(t7,t49)))),t97))))),((t71,t77),t53))))))),(((t73,t74),t84),((((t55,t30),t20),t11),(t21,t47)))))))))))))))))))))))))))))))))))))))))))))))))))))))))))))))),root);
data/SuperTripletsBenchmark/model-trees/model-95.nwk.model_tree	data/SuperTripletsBenchmark/source-trees/d25/k40/data-d25-k40-95_phybp-s0r.nwk.source_trees	13.643821716308594	12.99	((t91,(t74,(t93,(t57,(t22,(t1,(t24,(t5,(t70,(t17,(t48,(t29,(t10,((t53,(t4,(t47,(t40,(t34,(t88,(t11,(t23,(t89,(t64,(t3,(t55,(t2,(t45,(t90,(t81,(t82,(t63,(t6,(t33,(t96,(t77,(t54,(t60,(t38,(t27,(t87,(t30,(t20,(t65,(t43,(t76,(t25,(t26,(t13,(t79,(t59,(t52,(t80,(t58,(t7,(t71,(t39,(t84,(t72,(t14,(t46,(t35,(t51,(t41,(t75,(t73,(t62,(t36,((t86,(t85,(t78,(t16,(t83,(t18,(t68,(t56,(t95,(t61,(t44,(t94,(t8,(t19,(t66,(t21,(t99,((((t9,t15),t32),t92),(t37,((((t69,t100),((t31,t50),t97)),(t49,t42)),(t98,t12))))))))))))))))))))),t28))))))))))))))))))))))))))))))))))))))))))))))))))))))),t67)))))))))))))),root);
data/SuperTripletsBenchmark/model-trees/model-96.nwk.model_tree	data/SuperTripletsBenchmark/source-trees/d25/k40/data-d25-k40-96_phybp-s0r.nwk.source_trees	12.872519731521606	12.209999999999999	((t37,(t23,(t95,(t33,(t9,(t79,(t32,((t72,(t96,(t4,(t14,(t62,(t70,(t27,(t38,(t88,(t34,(t66,((t73,(t47,(t19,(t69,(t40,(t87,(t24,(t94,(t36,(t46,(t29,(t93,(t84,(t99,(t68,(t67,(t44,(t63,(t12,(t6,(t52,(t21,(t58,(t17,((t76,(t92,(t59,(t42,(t60,(t78,(t98,(t80,(t15,(t35,(t85,(t43,(t3,(t20,(t13,(t5,(t61,(t53,(t39,(t75,((t55,(t7,(t50,(t26,(t28,(t65,(t45,(t77,(t91,(t89,(t10,(t82,((t86,(t18,(t56,(t30,(t41,((t2,((t51,t83),(t64,((t90,t100),t11)))),(t8,(t57,(t16,(t48,(((t31,t54),(t81,t49)),t97))))))))))),t25))))))))))))),t1))))))))))))))))))))),t71))))))))))))))))))))))))),t74)))))))))))),t22)))))))),root);
data/SuperTripletsBenchmark/model-trees/model-97.nwk.model_tree	data/SuperTripletsBenchmark/source-trees/d25/k40/data-d25-k40-97_phybp-s0r.nwk.source_trees	11.969811916351318	11.31	((t30,(t22,(t11,(t98,(t74,(t90,(t34,(t27,(t53,(t55,(t80,(t96,(t86,(t76,(t92,(t3,(t6,(t99,(t61,(t84,(t9,(t94,(t100,(t37,(t68,(t54,(t40,(t24,(t77,(t28,(t93,(t49,(t46,(t71,(t89,(t66,(t5,(t82,(t62,((t25,((t44,((t12,t95),(t31,(t63,t36)))),(t23,(t41,(((t13,t17),(((t42,t75),t48),t26)),(((t32,t88),t52),((t58,t59),t35))))))),(t21,(t16,(t79,(t70,(t33,(t43,(t72,(t38,(t18,(t97,(t69,(t10,(t50,(t67,(t45,(t60,(t20,(t29,(t65,(t87,(t14,((t91,((((t83,t57),(t81,t56)),t73),(t39,t51))),((t8,t7),((t4,t85),(t1,(t15,(t2,(((t47,t64),t19),t78)))))))))))))))))))))))))))))))))))))))))))))))))))))))))))))))))))),root);
data/SuperTripletsBenchmark/model-trees/model-98.nwk.model_tree	data/SuperTripletsBenchmark/source-trees/d25/k40/data-d25-k40-98_phybp-s0r.nwk.source_trees	13.336062908172607	12.69	((t65,(t68,(t72,(t30,(t3,(t51,(t81,(t55,(t48,((t16,(t6,(t25,(t84,(t97,(t1,(t63,(t22,(t34,(t61,(t11,(t32,(t2,(t29,(t78,(t43,(t74,(t31,(t83,(t18,(t44,(t89,(t93,(t38,(t58,(t42,(t21,(t92,(t37,(t94,(t69,(t99,(t13,(t71,(t67,(t87,(t49,(t12,(t15,(t47,(t54,(t14,(t60,(t95,(t98,(t100,(t91,(t46,(t76,(t82,(t28,(t24,(t41,(t36,(t45,(t20,(t27,(t85,(t79,(t52,(t23,(t9,(t66,(t90,(t5,(t35,(t19,(t57,(t77,(t40,(t86,(t10,(t96,(t7,(t39,(t88,(t70,(t80,(t56,(t33,(t75,(((((t50,t53),t59),t64),(t4,(t73,(t26,t62)))),t8)))))))))))))))))))))))))))))))))))))))))))))))))))))))))))))))))))))))))))))))))),t17)))))))))),root);
data/SuperTripletsBenchmark/model-trees/model-99.nwk.model_tree	data/SuperTripletsBenchmark/source-trees/d25/k40/data-d25-k40-99_phybp-s0r.nwk.source_trees	12.879165649414062	12.21	((t33,(t97,(t17,(t98,(t37,(t88,(t30,(t71,(t36,(t93,(t12,(t75,(t68,(t41,(t64,(t45,(t29,(t31,(t7,(t16,(t63,(t89,(t28,(t58,(t66,(t9,(t52,(t55,(t39,(t8,(t5,(t86,(t43,(t83,(t60,(t40,(t72,(t96,(t65,(t85,(t100,(t87,(t47,(t42,(t84,(t73,(t79,(t34,(t38,(t69,(t90,(t2,(t62,(t27,(t53,(t57,(t48,(t20,(t99,(t25,(t94,(t80,(t91,(t76,(t21,(t22,(t67,(t15,((t78,(t10,(t56,(((t3,(t54,t95)),t6),(((t44,((t51,(t14,t49)),(t61,(t19,t81)))),t1),((t4,t18),t11)))))),(t70,(((((t23,(t26,t77)),(t74,t92)),(t82,t35)),t24),((t50,((t13,t46),t32)),t59)))))))))))))))))))))))))))))))))))))))))))))))))))))))))))))))))))))))),root);
data/SuperTripletsBenchmark/model-trees/model-100.nwk.model_tree	data/SuperTripletsBenchmark/source-trees/d25/k40/data-d25-k40-100_phybp-s0r.nwk.source_trees	13.090295791625977	12.47	((t27,(t95,(t54,(t37,(t31,(t75,(t80,(t5,(t3,(t26,(t22,(t44,(t57,(t49,(t77,(t55,(t68,(t63,(t89,(t36,(t79,(t1,(t94,(t29,(t19,(t24,(t53,(t45,(t32,(t2,(t86,(t21,(t82,(t58,(t15,(t92,(t74,(t7,(t78,(t6,(t66,(t88,(t59,(t69,(t16,(t47,(t43,(t12,(t9,(t84,(t99,(t51,(t56,(t34,(t18,((t11,(t14,(t38,(t65,(t48,(t40,(t46,(t72,(t97,(t64,(t10,(t87,(t8,(t62,(t76,(t90,(t73,((t96,(t20,(t23,(t52,(t83,(t91,(t42,(t4,(t98,(t81,(t50,(t85,(t41,(((t70,(t33,(t93,(t35,t17)))),(t60,t30)),((t67,(t25,t39)),(t100,(t13,t28))))))))))))))))),t61)))))))))))))))))),t71)))))))))))))))))))))))))))))))))))))))))))))))))))))))),root);
