data/SuperTripletsBenchmark/model-trees/model-1.nwk.model_tree	data/SuperTripletsBenchmark/source-trees/d25/k40/data-d25-k40-1_phybp-s0r.nwk.source_trees	2.4824745655059814	2.0700000000000003	16	66	0.9191919191919192	16	66	0.9191919191919192	((((((t57,(t59,(t91,t60))),(((t27,t23),((t65,t10),t37)),t76)),(((t8,t99),((t24,t45),t25)),(t2,t73))),((((t44,(((t5,t79),t11),t93)),(t12,t41)),((t33,t35),(((t50,t78),t98),t6))),((((((t84,t16),t55),(t31,t72)),(((t4,t95),((t85,t96),t94)),(((t80,t70),t42),((t18,t53),t19)))),((t54,t87),t97)),(t92,t49)))),(((((((((t17,(t9,t88)),(t74,(t51,t1))),t32),(t86,t52)),(t56,(t20,t46))),(t90,t30)),((((t7,t22),(t15,t36)),t82),t89)),((((t63,(t61,t40)),(t77,(t81,t66))),((t83,t14),t13)),t34)),(((((t21,t62),t39),((t28,t3),t48)),((t64,t38),t43)),((((t100,t26),t47),((t67,t68),t29)),(t69,((t75,t71),t58)))))),root);
data/SuperTripletsBenchmark/model-trees/model-2.nwk.model_tree	data/SuperTripletsBenchmark/source-trees/d25/k40/data-d25-k40-2_phybp-s0r.nwk.source_trees	2.612985134124756	2.16	24	114	0.8787878787878788	24	114	0.8787878787878788	(((((((((((t71,t17),t21),t69),t82),(t5,((t77,t38),(t18,t42)))),((((t87,(t34,t80)),t22),t51),t14)),(((t96,t100),(t72,t57)),((((t79,t36),t90),t67),t55))),((((t20,t74),t25),t52),(((((t26,t53),t68),t97),((t39,t1),(t27,t95))),((((((t24,t66),t78),(t15,t41)),(t99,(t56,t19))),(t98,t10)),((t62,t37),t28))))),(((t12,((((t32,(t65,t6)),t83),(t84,((t9,t35),t44))),t13)),(t85,t58)),t92)),(((((t75,t64),(t11,(t91,t33))),(t7,t2)),t30),(((((((t40,t73),t16),t8),((t46,t94),(t43,t89))),(((((t70,t63),t50),t31),t60),t4)),(t49,(t54,t86))),(((((t47,t3),(t59,t29)),(t61,t23)),((t93,t88),(t81,t45))),(t76,t48))))),root);
data/SuperTripletsBenchmark/model-trees/model-3.nwk.model_tree	data/SuperTripletsBenchmark/source-trees/d25/k40/data-d25-k40-3_phybp-s0r.nwk.source_trees	2.4678518772125244	2.0300000000000002	10	41	0.9494949494949495	10	41	0.9494949494949495	(((((((((((t96,t41),t27),(t53,t36)),t12),((t65,t95),((t1,t17),(t59,t25)))),(((t31,t87),t16),(t24,t98))),(((t34,t55),t39),((t11,t71),t78))),(((((t38,t89),t83),t40),t20),((t7,t80),(t37,t57)))),(((((((t68,t73),(t33,t70)),(t18,(t92,t88))),((t56,t23),t42)),(((t44,t29),((t28,t82),((t91,t90),t14))),t8)),(t50,t45)),((((((t35,t79),t99),(t21,t76)),((t2,t67),t72)),t49),((t66,(t75,t32)),t63)))),((((((t6,t19),(t97,t4)),(t85,t26)),(((t54,t74),t3),t13)),(((t86,t60),t48),(((t10,(t61,t94)),(t62,(t43,t51))),((t84,(t81,t9)),t22)))),((((t100,t46),t15),(t30,(t93,t77))),((t5,t69),((t64,t47),(t58,t52)))))),root);
data/SuperTripletsBenchmark/model-trees/model-4.nwk.model_tree	data/SuperTripletsBenchmark/source-trees/d25/k40/data-d25-k40-4_phybp-s0r.nwk.source_trees	2.445796012878418	2.0300000000000002	22	193	0.8888888888888888	22	193	0.8888888888888888	(((((((((t49,((t86,t74),t59)),t53),(t15,t45)),(((t98,t2),(t31,(t25,t55))),(t85,t48))),(t14,(t29,(t38,t87)))),((((((t81,t57),(t90,t17)),(t54,t21)),(t28,t82)),(((t13,((t23,t6),t89)),t94),(t44,t76))),((t84,t67),t12))),(((((t65,t96),t43),t64),((t9,(t61,t4)),((t70,(t83,t22)),(t7,t80)))),((((t69,t68),(t75,t77)),(t42,t95)),(t92,t39)))),((((((((t37,(t41,t33)),t30),t88),(((t5,t19),t97),(t35,t26))),((t34,t79),t1)),((((t66,t60),t27),t62),t50)),(((t47,t91),((t72,(t51,t71)),((t40,t20),t18))),((t8,t100),t24))),((((t36,((t46,t99),t78)),t32),((t16,t52),t56)),((((t58,t3),((t63,t73),t93)),t10),t11)))),root);
data/SuperTripletsBenchmark/model-trees/model-5.nwk.model_tree	data/SuperTripletsBenchmark/source-trees/d25/k40/data-d25-k40-5_phybp-s0r.nwk.source_trees	2.468616485595703	2.09	20	164	0.898989898989899	20	164	0.898989898989899	(((((((((t27,t87),(((t16,t37),t74),(t61,t67))),((t66,t60),t35)),(((((t97,t36),t46),t56),t7),((t24,t33),((t52,t51),t43)))),((((t94,t17),(t15,t57)),(t49,(t55,t63))),(t64,t21))),(((((((((t28,t83),t11),(t44,t50)),t1),t40),(t72,(t91,t82))),(((t59,t41),(t34,t71)),(t69,t80))),(((t23,t29),t85),t99)),(((t6,t88),t86),t2))),(((((t32,t31),t95),((t14,t19),(((t12,t70),t73),t26))),(t79,((t77,(t42,t76)),t45))),((t9,t90),(t65,t10)))),((((((t89,(t96,t47)),t58),t13),(((((t18,t4),t48),t22),t98),t93)),(t39,t68)),(((t81,((t84,t25),t30)),((t20,t78),(((t5,t8),t62),t100))),(((t54,t92),(t75,(t38,t53))),t3)))),root);
data/SuperTripletsBenchmark/model-trees/model-6.nwk.model_tree	data/SuperTripletsBenchmark/source-trees/d25/k40/data-d25-k40-6_phybp-s0r.nwk.source_trees	2.4536798000335693	2.06	22	103	0.8888888888888888	22	103	0.8888888888888888	((((((((t15,t36),(((t54,t46),(t62,t19)),t32)),(t17,(t31,t63))),((t21,t33),((t5,t79),(t76,t4)))),(t8,((((t52,t68),(t81,t39)),t3),(((t86,t87),(t18,t20)),((t58,t72),t65))))),((t49,((t14,t60),(((((t50,t41),t98),t25),t44),(t16,t82)))),(((((t35,(t56,t88)),(t26,t37)),((((t9,t74),t94),t48),t38)),((t2,t6),t10)),((((t78,t11),t40),(t75,t64)),t71)))),(((((((((t13,t73),t83),t34),((t27,t91),t47)),(((t23,(t61,t30)),t85),t24)),(t12,t53)),(t42,t100)),((((((t51,t45),t1),t90),t89),(t96,t66)),((t93,((t77,((t43,t99),t95)),(t92,t28))),t80))),((((((t84,t59),t55),t69),t22),(t97,t67)),((t29,t57),(t7,t70))))),root);
data/SuperTripletsBenchmark/model-trees/model-7.nwk.model_tree	data/SuperTripletsBenchmark/source-trees/d25/k40/data-d25-k40-7_phybp-s0r.nwk.source_trees	2.3645689487457275	2.0300000000000002	24	143	0.8787878787878788	24	143	0.8787878787878788	((((((((((((((t14,t63),t77),t96),t91),t38),t80),(((t27,t47),(t83,t5)),(t99,t37))),(((t85,t73),(t21,t19)),t76)),((t39,t79),t95)),(((t32,t100),((((t59,t67),t25),t43),((t33,(t54,t48)),(t13,(t34,t86))))),((t49,((t42,t82),t4)),((t50,t15),t8)))),(t53,(t16,(t7,t17)))),((((t20,t60),t56),(((t97,t23),t75),t31)),(t69,(t94,((t66,t52),t2))))),(((((((t26,(t44,t74)),(t65,t98)),((((t11,t89),t40),t12),(t84,t10))),(t88,(t6,t70))),((t36,((t24,t9),t1)),(t71,((t81,t61),t90)))),(((((t41,t78),t45),t28),(t55,((t29,t72),t92))),((t87,(t64,t68)),t51))),((((t93,(t58,t3)),(t18,t35)),(((t30,t46),t57),t62)),t22))),root);
data/SuperTripletsBenchmark/model-trees/model-8.nwk.model_tree	data/SuperTripletsBenchmark/source-trees/d25/k40/data-d25-k40-8_phybp-s0r.nwk.source_trees	2.460407257080078	2.09	36	261	0.8181818181818182	36	261	0.8181818181818182	(((((((t47,(((t63,(t16,t57)),t48),t68)),t39),((((((t79,((t61,t20),t29)),t73),(t31,t46)),(t85,t84)),(((t10,t35),t64),((t27,t93),t90))),t37)),((t44,((t80,(t14,t94)),(t60,(t98,t77)))),((t91,t23),t33))),(((((((((t8,t19),t99),(t34,t71)),t36),(t67,((t92,t89),t1))),((t66,(t96,t6)),t95)),(((t2,t49),((t58,t72),(t25,t13))),t62)),(((((t56,t26),((((t40,t53),t52),t42),t43)),(t4,t87)),((t12,t55),t7)),(t21,t45))),(((((t9,t11),(t75,t54)),t88),(t22,t3)),(((t69,t30),((t97,t100),t17)),t86)))),((t18,(t78,((t59,(t50,t51)),(t83,t82)))),((t5,t32),(((t41,t70),t81),((((t24,t76),t15),(t38,t74)),(t65,t28)))))),root);
data/SuperTripletsBenchmark/model-trees/model-9.nwk.model_tree	data/SuperTripletsBenchmark/source-trees/d25/k40/data-d25-k40-9_phybp-s0r.nwk.source_trees	2.5578832626342773	2.13	32	265	0.8383838383838383	32	265	0.8383838383838383	((((((((((t76,t51),t39),(((t31,t53),(t9,t73)),t48)),((t5,t71),((t8,t91),t37))),((t40,t36),(((((t54,t47),t74),((t35,t57),t60)),(t43,t77)),(((((t80,t32),t27),t30),t34),t69)))),((t78,t1),((t59,t2),t44))),((t67,t11),t25)),((t29,(t61,t52)),((t15,t87),t82))),(((((((((t7,t41),t95),t33),(t92,t99)),(t20,t72)),((t75,t85),((t42,t62),t79))),((((((t68,t89),t63),t88),((t16,t23),(t100,t6))),(t66,t45)),(t93,t49))),(((t10,t26),(t81,t98)),(t3,(t22,t13)))),((((t50,t17),((t97,t64),(t83,(t58,(t65,t4))))),(((t21,t70),(((t84,t38),t86),(t96,t94))),((((t56,t24),t90),t14),t46))),(((t12,t18),(t55,t19)),t28)))),root);
data/SuperTripletsBenchmark/model-trees/model-10.nwk.model_tree	data/SuperTripletsBenchmark/source-trees/d25/k40/data-d25-k40-10_phybp-s0r.nwk.source_trees	2.5132768154144287	2.11	22	49	0.8888888888888888	22	49	0.8888888888888888	((((((((t3,t17),t20),(((t60,t82),t1),((t56,t9),t34))),(((((t93,t57),t71),t90),(t83,t47)),(((t23,(t75,t87)),(t44,t49)),(t72,t36)))),((((((t29,(t92,t61)),(t5,t14)),(((t35,t39),t65),(t30,t89))),((t15,t79),((t55,t95),t27))),(((t81,t31),t2),((t80,t41),t4))),((t18,t11),t19))),(((((((t24,t63),t53),(t74,(t84,t59))),t25),(t12,t16)),(((t8,t91),t94),((t62,t70),t77))),((((t88,(t28,t48)),t78),t85),((((t21,t38),((t86,(t43,t66)),(t67,t26))),((t22,t76),((t69,t50),t6))),(t68,((t97,t33),t73)))))),((((t40,t46),(t32,t37)),((t100,(t54,t42)),(t7,t64))),((t96,t45),(((((t98,t52),t99),t10),t58),(t13,t51))))),root);
data/SuperTripletsBenchmark/model-trees/model-11.nwk.model_tree	data/SuperTripletsBenchmark/source-trees/d25/k40/data-d25-k40-11_phybp-s0r.nwk.source_trees	2.573193311691284	2.17	30	132	0.8484848484848485	30	132	0.8484848484848485	((((((((t15,((t12,t41),t77)),t11),((((t60,t68),t54),(t59,t16)),((t17,(t10,t31)),((t70,(t44,t95)),(t93,t4))))),((t84,(t87,(t56,t61))),((t80,t20),t53))),(((((((t85,t57),(t62,t72)),(t100,t2)),t27),((((t97,((t3,t49),((t48,t39),t23))),((t52,t82),t66)),(t13,t79)),(((t89,(t64,t5)),t46),(t30,t19)))),((t33,t99),t34)),(((t50,((t28,t1),t45)),(t18,(t8,t32))),(t24,t38)))),((((((t81,t67),t90),t83),(t7,t42)),(((t51,t73),(t74,t29)),t22)),((t55,(t69,t88)),(t47,t25)))),((((t26,(((t40,t78),t36),(t58,t35))),(t65,t37)),((t75,t92),(t43,t71))),((((t96,(t98,t91)),(t6,(t9,t86))),((t14,t63),t21)),(t76,t94)))),root);
data/SuperTripletsBenchmark/model-trees/model-12.nwk.model_tree	data/SuperTripletsBenchmark/source-trees/d25/k40/data-d25-k40-12_phybp-s0r.nwk.source_trees	2.4877102375030518	2.08	26	119	0.8686868686868687	26	119	0.8686868686868687	((((((((t24,t80),t13),(((((t61,t83),((t31,t35),(t75,t89))),(t21,t36)),t11),t26)),((t86,t29),(t8,t91))),(((t97,t84),t67),t74)),(((((((t43,t88),((t5,t2),t50)),(((t28,t100),t23),(t46,(t54,t56)))),t52),(t62,t82)),((((((t12,t4),t16),(t18,((t34,t41),t72))),(t63,t79)),t37),((t65,t49),(t15,t73)))),(((t20,t30),t1),t44))),((((((((t93,t77),t78),t85),((t47,t59),t9)),(((t48,t95),t33),(t14,(t10,t51)))),(((t22,(t64,t90)),t32),((t58,t66),(t25,t40)))),(((t42,t68),((((t81,t38),t39),(t70,t53)),(t99,(t55,t3)))),t94)),(((((t76,(t98,(t27,t71))),t45),t57),(((t87,t17),(t69,t60)),(t96,t19))),((t7,t6),t92)))),root);
data/SuperTripletsBenchmark/model-trees/model-13.nwk.model_tree	data/SuperTripletsBenchmark/source-trees/d25/k40/data-d25-k40-13_phybp-s0r.nwk.source_trees	2.4580938816070557	2.04	30	287	0.8484848484848485	30	287	0.8484848484848485	(((((((((t91,t72),(t8,t71)),((t74,t70),t29)),((t62,t94),t20)),(((t80,t100),t31),((t33,t11),t76))),((((t30,t39),(((t92,t32),t56),t14)),(((t84,t6),(t55,(t90,t53))),(t36,t89))),(t68,(t98,t1)))),((((((t18,t67),t87),t66),(((t47,t26),t35),t24)),(t38,t79)),(t78,(t42,t77)))),(((((((t52,t3),t95),(t75,t21)),((t9,(t85,t4)),(t34,t65))),(((t83,t5),t22),((t81,t16),t13))),((((t61,t51),((t27,t93),(t41,t48))),(((t97,t45),t54),t73)),((((t2,(t63,t82)),(t96,t60)),((t49,(t43,t99)),(t12,t17))),t64))),((((t59,t40),(t23,t19)),((((t15,t88),t50),t10),((t7,t37),(t44,t86)))),(((t58,t46),t25),((t69,t57),t28))))),root);
data/SuperTripletsBenchmark/model-trees/model-14.nwk.model_tree	data/SuperTripletsBenchmark/source-trees/d25/k40/data-d25-k40-14_phybp-s0r.nwk.source_trees	2.5073022842407227	2.13	28	282	0.8585858585858586	28	282	0.8585858585858586	(((((((t87,(((t46,(t61,t2)),t98),t81)),((t90,((t33,t72),t17)),t83)),(((((((t86,t49),t76),(t77,t51)),t40),((((t97,t7),(t8,t19)),t96),t24)),(((t12,t31),t16),(t28,t52))),((t65,t25),(t23,t63)))),(((t84,((t53,t95),t64)),(t4,t37)),(t50,t62))),(((((((((t38,t26),t47),(t91,t94)),t100),(t54,t18)),t15),(t44,t6)),(t3,((t34,t60),t69))),((((((t35,t74),t13),t75),t73),(((((t27,t30),(t59,t70)),(t5,t66)),(t10,t99)),(((t85,t29),t9),(t58,t48)))),(((t67,(t43,t36)),t56),t68)))),(((((t93,t79),(((t80,t39),t14),t21)),(t32,t20)),((((t41,(t22,t82)),t88),t55),((t11,t45),t1))),((((t71,t89),t57),t92),(t42,t78)))),root);
data/SuperTripletsBenchmark/model-trees/model-15.nwk.model_tree	data/SuperTripletsBenchmark/source-trees/d25/k40/data-d25-k40-15_phybp-s0r.nwk.source_trees	2.4987950325012207	2.0700000000000003	8	37	0.9595959595959596	8	37	0.9595959595959596	(((((((t18,(t11,t19)),((t84,t17),t27)),((((t7,t30),(t47,t35)),(((t77,t48),t62),t85)),(((t95,t36),t68),t54))),(((((t33,(t59,t1)),t5),t75),(t92,t25)),((((t56,(t21,t71)),(((t22,t23),t9),t63)),((t72,t82),(t12,t87))),(t65,t86)))),(((((t93,t37),t60),t20),(t44,t94)),(t14,(t28,t32)))),(((((((t38,(t97,t64)),((t2,t55),(t31,t78))),((t4,t79),(t42,t15))),t57),((((t45,(t61,t39)),((t43,t66),t16)),((t73,(t91,t90)),(((t6,t89),t46),(t13,(t8,t40))))),((((t24,t100),(t49,t88)),((t51,(t98,t67)),t58)),((t52,t26),(t96,t50))))),((t10,t74),t81)),(((t41,t70),(t76,t99)),(((((t69,t3),(t80,t29)),t34),t53),t83)))),root);
data/SuperTripletsBenchmark/model-trees/model-16.nwk.model_tree	data/SuperTripletsBenchmark/source-trees/d25/k40/data-d25-k40-16_phybp-s0r.nwk.source_trees	2.6193392276763916	2.17	32	204	0.8383838383838383	32	204	0.8383838383838383	((((((((t94,t36),(t88,(t76,(t34,t33)))),(t61,(t85,t32))),(t70,t68)),(((((((t78,t11),t2),t38),((t93,(t55,t3)),((((t13,(t64,t73)),t71),(t67,t90)),(t50,(t41,t74))))),(((t14,(t18,t80)),((t30,(t7,t29)),t31)),(t75,(t100,t17)))),(t96,((t65,(t84,(t44,t58))),t15))),((t12,(t25,t35)),((t60,t45),((t95,(t28,t77)),t4))))),(((t62,t26),(t79,(t46,(t23,(t97,t53))))),((t69,(t20,t51)),((t5,(t81,t1)),(t37,t57))))),((((((t43,t52),(t16,(t10,(t54,t40)))),(t42,t87)),((((t98,t66),t92),(t22,t21)),(t27,t47))),(((((t86,t82),t6),t39),t24),t59)),(((((t9,((t83,t99),(t49,t48))),t89),t56),(t63,(t91,t72))),(t8,t19)))),root);
data/SuperTripletsBenchmark/model-trees/model-17.nwk.model_tree	data/SuperTripletsBenchmark/source-trees/d25/k40/data-d25-k40-17_phybp-s0r.nwk.source_trees	2.4571268558502197	2.09	14	121	0.9292929292929293	14	121	0.9292929292929293	(((((t16,(((t54,t21),t55),t53)),(((t56,t87),t83),((t98,((t14,t71),t4)),t28))),(((((((t34,t72),t96),(t51,t95)),(t8,t17)),((t42,(t62,t52)),t13)),(t12,(((t97,t15),(t24,t76)),t36))),((((((((t27,t77),(t9,t19)),t39),((t6,(t20,t49)),t70)),(((t31,(t22,(t35,(t64,t80)))),(t7,t33)),(t43,t45))),(t73,t57)),((t38,t99),t26)),(t66,t89)))),((((((((t44,t94),((t85,t2),t58)),(((t11,(t100,t30)),t29),t47)),t92),((t5,t3),t10)),(t59,t37)),((((t75,t60),(t84,(t61,t25))),(t86,t79)),((((t18,t23),t74),t81),((t93,t67),t68)))),(((t90,(t48,t1)),(t91,t46)),((((t41,(t50,t78)),t63),t69),((t32,(t65,t82)),(t40,t88)))))),root);
data/SuperTripletsBenchmark/model-trees/model-18.nwk.model_tree	data/SuperTripletsBenchmark/source-trees/d25/k40/data-d25-k40-18_phybp-s0r.nwk.source_trees	2.3991165161132812	2.02	30	158	0.8484848484848485	30	158	0.8484848484848485	(((((((((t44,t14),t27),(((t50,t1),(t35,t45)),t22)),t51),(t37,(t55,t46))),(((t5,t31),t85),(t52,(t43,((t49,t74),(t80,t90)))))),((((((t100,t41),((t54,t2),t34)),((t97,t38),t70)),((((t84,t57),(t61,t26)),(t71,t79)),t60)),(((((t30,t53),t36),t81),t76),((((t7,t65),t66),((t8,t91),t92)),(((t69,t73),t32),((t9,t48),(t63,t89)))))),((((t21,t16),(((t93,(t86,t4)),t94),t47)),(((t56,t19),t98),t95)),((t24,t40),(((t72,(t82,t88)),(t96,t6)),t17))))),(((((((t78,(t58,t13)),t87),(((t42,t39),t68),t64)),t83),(((t59,t10),t29),t28)),((t15,((t25,(t23,t20)),t67)),t3)),((t11,(t62,t99)),((t77,(t12,t18)),(t75,t33))))),root);
data/SuperTripletsBenchmark/model-trees/model-19.nwk.model_tree	data/SuperTripletsBenchmark/source-trees/d25/k40/data-d25-k40-19_phybp-s0r.nwk.source_trees	2.449209690093994	2.06	28	106	0.8585858585858586	28	106	0.8585858585858586	(((((((((t76,t53),(t85,t41)),((t21,t25),(((((t30,t35),t79),(t78,((t99,t82),t94))),(t20,t19)),t86))),((t75,((t16,t38),t61)),t24)),(((t6,(t71,t36)),((t43,t13),t42)),(((t1,t17),t2),(t98,t68)))),(((((t5,t40),((t80,t32),t8)),(t66,t55)),((t69,(t44,t57)),t4)),(t59,t10))),((((((t67,t52),t64),t81),(t92,t28)),t9),((t54,t84),t3))),(((((t14,(t31,t74)),(t27,t77)),(((((((t96,t87),t22),t83),t26),(((t49,t72),t73),t15)),t91),t60)),((((t97,t18),t23),(t11,(t12,t62))),((t50,((((t63,(t51,t45)),t88),t56),t47)),((t58,t70),(((t34,t89),t7),t93))))),((((t90,t33),t37),(t65,t46)),(((t29,t95),t48),(t100,t39))))),root);
data/SuperTripletsBenchmark/model-trees/model-20.nwk.model_tree	data/SuperTripletsBenchmark/source-trees/d25/k40/data-d25-k40-20_phybp-s0r.nwk.source_trees	2.3278400897979736	1.98	26	95	0.8686868686868687	26	95	0.8686868686868687	(((((((((t90,t17),t70),t41),((t46,t87),(t69,t93))),(((t56,t22),(t60,t36)),(((t50,t13),t30),(t42,t52)))),(t3,t94)),((((t62,(t25,t71)),(((t59,(t4,(t28,t31))),((t66,t73),t86)),((t12,t57),(t7,t81)))),t49),((((t100,t88),((t20,t35),(t80,t76))),(t65,t32)),((t54,t2),t95)))),(((((t27,t15),((t68,(t75,t1)),(t85,t40))),((t99,(t21,t55)),((t47,t58),(t64,t53)))),((((t78,t19),t39),((t43,t10),t77)),((t98,t9),(t92,t82)))),((((t33,((t84,t6),(((t16,t23),t67),t63))),(t89,((t34,t96),t51))),(t61,t72)),(((((t83,t29),(t79,(t91,t37))),(((t44,t24),t45),((t5,t74),t14))),((t18,t11),(t97,t38))),(t26,(t8,t48)))))),root);
data/SuperTripletsBenchmark/model-trees/model-21.nwk.model_tree	data/SuperTripletsBenchmark/source-trees/d25/k40/data-d25-k40-21_phybp-s0r.nwk.source_trees	2.5139877796173096	2.05	26	147	0.8686868686868687	26	147	0.8686868686868687	(((((((t48,t36),(t73,t57)),(((t97,t6),t83),(((t96,(t61,t19)),(t74,t11)),t52))),(((t51,t94),((t81,t78),(t28,t1))),(((t90,(t55,t72)),(t5,t89)),(t21,t60)))),(((t100,(t9,t20)),((t14,t16),t66)),(((((t92,t33),t75),(t26,t29)),(t54,t68)),(((t41,t79),t86),t45)))),((((t58,((t62,(t35,t95)),t32)),t17),((t18,(((t98,t40),t85),t64)),((t59,t49),t38))),(((((((t42,t63),((t65,t15),t99)),t91),(t56,(t3,t4))),((t2,t31),(t88,(t53,t71)))),(((((t22,t93),t24),t44),(t25,t77)),t82)),((((((t69,t87),t70),t34),(t10,(((t80,t30),t8),(t43,t13)))),((t84,(t12,(t27,t39))),t67)),(((t23,t46),(t50,t37)),((t47,t76),t7)))))),root);
data/SuperTripletsBenchmark/model-trees/model-22.nwk.model_tree	data/SuperTripletsBenchmark/source-trees/d25/k40/data-d25-k40-22_phybp-s0r.nwk.source_trees	2.512239933013916	2.0700000000000003	24	189	0.8787878787878788	24	189	0.8787878787878788	((((((((((t55,t73),(t52,t51)),((t3,t17),t48)),((t38,(t47,t6)),t45)),((((t5,t57),(t43,t70)),t98),((t77,t35),t91))),(((((t92,t61),(t25,t68)),(((t10,t29),(t9,t8)),(t74,t37))),(t49,(t28,t11))),((t23,t46),t59))),(((((t13,t33),((t34,t83),t27)),t58),t85),(((t30,t78),((t44,t56),t64)),(t62,(t67,t87))))),((((t96,t19),t1),t4),((t20,(t2,t79)),((t26,(t65,t12)),t88)))),(((((t100,(t18,t82)),(t63,t72)),(t21,t94)),((((t15,t36),(t69,t93)),((t39,((t24,t40),t90)),t54)),(t31,t60))),((((t81,t16),((t53,((t50,t76),t41)),(t66,t95))),((t97,t32),(t14,t71))),((t84,(t22,(((t7,t86),t75),(t42,t99)))),(t80,t89))))),root);
data/SuperTripletsBenchmark/model-trees/model-23.nwk.model_tree	data/SuperTripletsBenchmark/source-trees/d25/k40/data-d25-k40-23_phybp-s0r.nwk.source_trees	2.623537063598633	2.2199999999999998	48	257	0.7575757575757576	48	257	0.7575757575757576	((((((((t66,t45),t61),((t29,(t63,t82)),t32)),(t43,t47)),((t46,(t75,t88)),t57)),((((((t38,t37),(t58,t41)),t90),(t13,t78)),(((((t3,(t22,t5)),(t81,t98)),(t85,t1)),t93),t21)),((((((((t62,(t99,t72)),t25),((t15,t60),(t4,t73))),t89),(t12,t69)),((((t54,(t91,t86)),(((((t24,t26),t44),(t10,t74)),t6),((t33,t53),t23))),(t56,t70)),((t14,t40),(t7,t16)))),(((((t28,t31),t34),t8),t20),((((t30,t79),t2),t36),(t95,t87)))),(((((t76,t19),t100),t35),((t94,(t50,t71)),t67)),(((t83,t17),t55),t64))))),((((((t59,t39),(t68,(t48,t51))),(t80,(t52,(t27,t49)))),((((t42,t77),t9),t11),t65)),((t18,t96),(t92,t84))),t97)),root);
data/SuperTripletsBenchmark/model-trees/model-24.nwk.model_tree	data/SuperTripletsBenchmark/source-trees/d25/k40/data-d25-k40-24_phybp-s0r.nwk.source_trees	2.3418331146240234	1.97	28	93	0.8585858585858586	28	93	0.8585858585858586	((((((t69,(t7,t19)),(t96,(t2,t95))),(((t41,(t54,(t42,t52))),(t6,(t22,t98))),(((t20,(t40,t63)),(t81,t80)),t35))),(((((((t16,t91),t47),t5),((((t74,t17),t46),t27),(t93,t33))),((t66,(t10,t90)),(t24,t12))),((t78,(t39,t11)),(((t32,t51),t64),(t30,t45)))),(((((t57,(t83,t94)),(t28,t13)),((t34,(t48,t36)),(t43,t73))),((t100,t31),(t21,t53))),(t82,(((t25,t60),t86),t87))))),(((((((t67,t4),(t23,t3)),((t68,t79),t29)),((((t15,(t76,t72)),t58),t26),t85)),((((t70,t88),t65),t75),(t92,t49))),(((t18,t8),(t62,t99)),t50)),((((t84,(t9,(t44,t55))),((t77,t89),(((t14,t71),t59),(t56,t1)))),t38),(t97,(t61,t37))))),root);
data/SuperTripletsBenchmark/model-trees/model-25.nwk.model_tree	data/SuperTripletsBenchmark/source-trees/d25/k40/data-d25-k40-25_phybp-s0r.nwk.source_trees	2.439338445663452	2.06	42	203	0.7878787878787878	42	203	0.7878787878787878	((((((((((((t35,t87),(t30,t70)),(t71,t19)),t63),((t98,(t38,t1)),t18)),(t90,t48)),((t47,(t84,t96)),((t49,(t80,t73)),t24))),((((t82,(t8,t74)),(t43,t14)),(t42,t15)),((t34,t4),t64))),((((t100,t6),(t77,t78)),(t89,(t60,t36))),((t25,t94),t92))),((((((((t23,t72),t97),(t5,(t75,t21))),t81),((t7,t39),(t32,t62))),(((t41,(t13,t79)),t85),((t86,t52),(t40,t46)))),((t12,t3),((t20,t37),t11))),(t33,(t44,t29)))),((((((((t50,t76),t45),(((t65,t66),(t91,t10)),t56)),(((t68,(t58,t53)),(t59,t99)),(t61,(((t55,t51),t95),t67)))),(t16,t88)),(((t27,t17),t83),t57)),(t54,t9)),(((((t22,t69),t93),t26),t2),(t28,t31)))),root);
data/SuperTripletsBenchmark/model-trees/model-26.nwk.model_tree	data/SuperTripletsBenchmark/source-trees/d25/k40/data-d25-k40-26_phybp-s0r.nwk.source_trees	2.6848959922790527	2.19	38	192	0.8080808080808081	38	192	0.8080808080808081	((((((((t91,t19),(t13,t86)),t82),((t14,t45),t48)),((((((t43,t87),(t25,t10)),t63),t7),((t3,t94),(t49,(t85,t39)))),((((t18,t74),t60),((t22,t1),t35)),((t75,t24),t68)))),(((((((t5,t66),(t58,t99)),t76),t33),(((((t12,t41),(t54,t21)),t4),t15),t89)),((t98,(t65,t55)),((((t6,t78),t50),t2),((((t42,t62),t16),((t93,t11),(t34,t53))),t81)))),(((((t70,(t61,t90)),t9),t36),(((t84,t67),(t20,t30)),t97)),((t46,t57),t8)))),(((((((t73,t71),t28),(t69,(t26,(t52,t88)))),((((t72,t79),t27),(t64,t83)),((t44,t77),t29))),((t80,t31),t23)),(((((t100,t17),t95),t56),t40),(t59,(t96,t32)))),((t92,t51),(t38,(t47,t37))))),root);
data/SuperTripletsBenchmark/model-trees/model-27.nwk.model_tree	data/SuperTripletsBenchmark/source-trees/d25/k40/data-d25-k40-27_phybp-s0r.nwk.source_trees	2.4148285388946533	2.04	26	221	0.8686868686868687	26	221	0.8686868686868687	((((((((t70,((t25,t48),t75)),t99),((t24,t82),t29)),(((t8,(t54,t27)),t7),((((t13,t66),(t22,t15)),(t69,t33)),(t9,t45)))),(((((t81,t2),(t31,t72)),(t84,t20)),(t91,t94)),((t92,t21),((t96,t100),t53)))),(((((t85,t18),t88),t80),(t16,t6)),(((t49,t11),t74),(((t76,t60),t19),t90)))),((((((((t89,(t64,t87)),t28),((t42,t39),t77)),((t10,t36),(t23,t95))),t79),((((t65,t35),t63),(t83,t41)),t58)),((((t56,t17),((t52,t78),t71)),(((t51,((t30,t46),t26)),t34),(t43,t14))),(((t59,((t44,t98),t73)),t40),t50))),((((t61,t86),t1),((((t62,t67),t93),(t5,t3)),(t38,(t12,t4)))),((((t37,(t97,t57)),t47),t68),(t32,t55))))),root);
data/SuperTripletsBenchmark/model-trees/model-28.nwk.model_tree	data/SuperTripletsBenchmark/source-trees/d25/k40/data-d25-k40-28_phybp-s0r.nwk.source_trees	2.397611379623413	2.0300000000000002	18	91	0.9090909090909091	18	91	0.9090909090909091	(((((((((((t91,t25),t85),(t23,t17)),t40),t14),t16),(t20,(t94,t71))),((((t8,(((t84,t66),t33),t58)),((t52,t57),t74)),((t3,(t54,t29)),((t59,(t21,t1)),t15))),(t27,t67))),((((((t5,t63),t48),t11),(t100,(t56,t30))),(t28,t93)),((((t61,t50),t77),t95),((((t42,t49),t51),t76),(((t86,t68),t39),t82))))),(((((((t70,(t13,t87)),((t10,(t38,t37)),t78)),(t24,t26)),(((((t43,t60),t19),(t34,t89)),((((t96,t35),t32),(t22,t79)),t80)),((t44,t83),t47))),((t92,t18),(t6,t53))),(((t4,(t69,(t55,t90))),t41),((t98,t46),((t9,(((t75,t99),t7),t36)),(t81,t64))))),(((t88,(t65,t62)),(((t31,t72),(t12,t2)),t73)),(t97,t45)))),root);
data/SuperTripletsBenchmark/model-trees/model-29.nwk.model_tree	data/SuperTripletsBenchmark/source-trees/d25/k40/data-d25-k40-29_phybp-s0r.nwk.source_trees	2.419511556625366	2.05	18	85	0.9090909090909091	18	85	0.9090909090909091	(((((((((t69,t76),t88),((t34,t91),((t55,t78),t49))),(t45,(t40,(t1,t19)))),((t12,(t60,t26)),t13)),((((((t59,t16),(t84,((t30,t94),(t85,t36)))),((((t7,t39),t48),(t77,t79)),(t65,t27))),(t64,t33)),((t62,t37),t68)),((t83,(t74,t11)),t3))),(((((t10,t90),t28),(((t23,(t2,t53)),((t38,t70),t56)),((t75,t8),t67))),(t86,t31)),(((t22,t66),(t51,(t92,t43))),((t81,t9),((t15,t72),t82))))),((((((t96,((t20,t41),t44)),(t14,t87)),((t32,t63),t80)),((((t17,(t61,t4)),(t18,t21)),t100),(t99,t89))),((t35,t57),(((t6,(((t98,t95),t29),t50)),(t24,t5)),(t46,t73)))),((((((t52,t71),(t93,t42)),t25),t58),(t97,t47)),t54))),root);
data/SuperTripletsBenchmark/model-trees/model-30.nwk.model_tree	data/SuperTripletsBenchmark/source-trees/d25/k40/data-d25-k40-30_phybp-s0r.nwk.source_trees	2.4764513969421387	2.09	30	193	0.8484848484848485	30	193	0.8484848484848485	(((((((t85,t98),t32),t58),(((t30,t71),((t27,t31),t48)),(t61,t45))),(((((t87,t17),(t25,t3)),(t76,((t42,t19),t37))),t51),(t69,t38))),(((((((t43,t80),t55),(t41,t94)),t96),((((t84,t63),(t26,(t54,t64))),(t56,t83)),(t47,(t68,(t65,t67))))),(((t50,(t10,t29)),((t14,t57),t60)),((t9,t40),((t88,(t46,t1)),t62)))),(((((((((t18,t35),(t5,t77)),t44),t99),t90),(t2,t33)),(((t4,t70),t93),((t100,t52),t53))),((((t16,t20),t75),((t21,t89),t13)),((t97,t7),t73))),(((t8,(t81,t74)),((t12,t66),t59)),(((t34,t15),((((t11,(t22,t86)),(((t95,t36),t72),(t23,t79))),(t49,t82)),(t78,(t28,t39)))),(((t92,t91),t24),t6)))))),root);
data/SuperTripletsBenchmark/model-trees/model-31.nwk.model_tree	data/SuperTripletsBenchmark/source-trees/d25/k40/data-d25-k40-31_phybp-s0r.nwk.source_trees	2.362764358520508	1.99	30	147	0.8484848484848485	30	147	0.8484848484848485	(((((((t69,t89),((t61,t13),(t31,t38))),((((t20,((t40,t41),t34)),(t24,t59)),(t23,t33)),((t37,t17),t42))),((((t46,t60),t4),t87),((t18,(t15,((t82,t36),t53))),t22))),((((((t68,t94),t92),t25),(((t97,t29),t7),((t43,t66),t51))),((((t12,t72),t28),t76),(t47,t93))),(t26,t57))),((((t62,(t35,t11)),t58),((((t21,t90),t83),(((t96,t14),(t10,t70)),t91)),(((((t78,t73),t55),(t44,t8)),(t30,t1)),(((((t2,t49),t54),t52),t67),(t3,(t86,t6)))))),(((((t16,t32),t75),((t9,t74),t39)),((t100,(t98,t63)),(t85,t95))),((((t5,t77),t45),t71),((((t81,t65),t88),(t64,t79)),((t80,t50),(((t27,t48),((t56,t84),t99)),t19))))))),root);
data/SuperTripletsBenchmark/model-trees/model-32.nwk.model_tree	data/SuperTripletsBenchmark/source-trees/d25/k40/data-d25-k40-32_phybp-s0r.nwk.source_trees	2.477482795715332	2.1	34	246	0.8282828282828283	34	246	0.8282828282828283	((((((t25,(t36,t17)),t22),(((((t95,(t84,t41)),(t77,(t67,t71))),t90),(((t50,t20),t56),t60)),((t34,((t7,t6),(t64,t74))),((t98,t2),t35)))),((((t31,t29),((t86,t30),t55)),(t92,t89)),((t5,(t12,t10)),t82))),((((((((((t97,t83),t66),t85),((t54,t27),t51)),(t4,t87)),(((((t32,t48),(t24,t18)),(t65,t23)),((t38,t73),t42)),(((t81,t59),t61),(t96,(t15,t70))))),((t62,(t9,t79)),(t69,t40))),((((t53,t37),t1),((((t8,t11),(t28,t52)),t58),(t93,t100))),((t21,t57),t63))),((((t72,t45),t19),t3),((((t47,t14),(t33,t46)),(t16,t39)),((t75,t49),t26)))),((((((t80,t88),(t76,t94)),t78),(t44,t43)),(t91,t99)),(t13,t68)))),root);
data/SuperTripletsBenchmark/model-trees/model-33.nwk.model_tree	data/SuperTripletsBenchmark/source-trees/d25/k40/data-d25-k40-33_phybp-s0r.nwk.source_trees	2.461042642593384	2.09	16	103	0.9191919191919192	16	103	0.9191919191919192	(((((((t47,t17),t72),(t25,((t44,(t43,t55)),(t49,t4)))),(((((((t15,t78),(((t50,t16),t100),(t69,t62))),(((t59,(t3,t74)),t14),((t7,t80),t18))),((t30,t71),(t61,t35))),(t33,(t93,t70))),((((t94,t36),t8),((t51,(t28,t64)),(t34,t42))),((t65,t31),(t41,t6)))),((t22,((t82,t37),(t98,t39))),((((t54,t40),t48),(t12,t91)),(t24,t38))))),(((((t27,t88),(t11,(t13,t87))),(((t84,t68),t85),((t76,t89),((((t95,t79),t19),t96),(t97,t57))))),(((t20,(t73,t1)),t58),t10)),(t60,t53))),((((t32,(t56,t92)),((((t52,t29),t2),t75),(t81,t5))),((((t26,t99),((t21,t77),t9)),t90),(t46,t45))),(t83,(((t66,t86),t67),(t23,t63))))),root);
data/SuperTripletsBenchmark/model-trees/model-34.nwk.model_tree	data/SuperTripletsBenchmark/source-trees/d25/k40/data-d25-k40-34_phybp-s0r.nwk.source_trees	2.4702868461608887	2.06	30	114	0.8484848484848485	30	114	0.8484848484848485	((((((((t95,((t81,t76),t49)),(t78,t53)),(t8,t66)),((t37,(t28,t4)),t87)),(t90,(t7,t45))),(((((t14,((t3,t26),t42)),t32),(t34,t70)),t24),((t69,((t43,t64),(t63,t36))),((((t33,t68),t35),t44),t27)))),((((((t61,t67),(t72,t1)),t89),((((t86,t99),t93),(t73,t71)),(t13,(t96,(t80,t20))))),((((((t2,t40),(t85,t83)),t48),t58),((t54,t50),t91)),((t59,t57),(t21,t10)))),(((((t18,((t5,t82),((t47,t98),((t84,t88),t9)))),t11),(((t77,(t92,t39)),((t22,t17),t56)),(t16,t41))),(((t100,t94),(t51,t79)),((t75,t52),t19))),((((((t30,t60),t12),t55),(((t62,t46),t25),(((t23,t29),t31),t38))),t74),((t97,t65),(t15,t6)))))),root);
data/SuperTripletsBenchmark/model-trees/model-35.nwk.model_tree	data/SuperTripletsBenchmark/source-trees/d25/k40/data-d25-k40-35_phybp-s0r.nwk.source_trees	2.3933942317962646	2.04	42	209	0.7878787878787878	42	209	0.7878787878787878	((((((((t14,t62),(t91,t77)),(((t40,t38),(t10,t74)),(t24,t9))),((t23,t57),(((t48,t73),t85),t45))),(((((t51,t72),t56),(t26,(t28,t58))),(t97,t60)),(((t92,t2),t87),((t76,(((t15,t78),t43),t54)),t47)))),(((((t98,t88),(t82,t37)),((t84,t42),(t55,t53))),(((t6,t89),t35),t65)),(((((t7,t70),t3),t21),t34),((t67,t30),t12)))),(((((t25,t71),(((t20,t29),(((t100,t94),t17),t16)),(t69,t32))),(t18,t86)),((t83,t31),((((t64,t46),t44),(t22,t8)),((t41,t63),t99)))),((((t93,(((t49,t4),t19),(t59,t13))),((t39,t79),(t11,(t80,t95)))),((((t81,t61),(t1,(t33,t36))),t68),(t75,t66))),(((t96,(t27,t5)),t90),(t50,t52))))),root);
data/SuperTripletsBenchmark/model-trees/model-36.nwk.model_tree	data/SuperTripletsBenchmark/source-trees/d25/k40/data-d25-k40-36_phybp-s0r.nwk.source_trees	2.459719181060791	2.09	14	195	0.9292929292929293	14	195	0.9292929292929293	((((((((((((t97,t90),t24),t78),(((t15,t66),t73),((t47,t63),t26))),((t98,t35),((t61,t19),t80))),t79),((((t84,t4),(t30,t6)),(t51,(t92,t95))),(t44,((t60,t17),t28)))),((t21,(t67,t1)),(t69,((t10,t38),t59)))),((t5,t46),t34)),((t16,t57),t58)),(((((t52,t94),((t55,t71),t7)),((t54,t74),t81)),(((t32,t89),(t50,t48)),(((((t77,t72),t8),(t13,t39)),(t23,(t83,t31))),(t70,t29)))),((((((t12,t100),(t85,t49)),(t18,t2)),(((t9,t36),t76),t45)),(((t14,t40),(t91,t25)),(t43,t41))),((((((t99,(t27,t62)),t87),(t93,t88)),((t86,t37),t82)),((t56,t11),(t3,(t22,t96)))),(((((t33,(t65,t20)),t53),t42),t68),(t75,t64)))))),root);
data/SuperTripletsBenchmark/model-trees/model-37.nwk.model_tree	data/SuperTripletsBenchmark/source-trees/d25/k40/data-d25-k40-37_phybp-s0r.nwk.source_trees	2.418203592300415	2.04	20	96	0.898989898989899	20	96	0.898989898989899	(((((((t85,t29),t87),((t74,(t68,(t51,t71))),((((t50,t78),(t97,t59)),t28),t21))),(((((t56,t83),(t5,(t7,t54))),t64),(((t80,t33),t81),(t13,t95))),(t23,t11))),(((((t46,(t16,(t92,t52))),(((((t72,t73),t44),(t100,t41)),((t90,t77),(t63,t1))),(t32,t99))),(((t69,t62),(((((t2,t60),t53),t39),t37),t25)),(t70,(t55,t48)))),t42),(((t6,(t65,t49)),t96),t19))),((((((t14,(t75,t10)),((t34,t67),t15)),(((t8,(t66,(t18,t40))),(t86,(t76,t57))),(t89,(t98,(t94,t79))))),((t30,(t12,t31)),(t9,t93))),(t27,(t47,t58))),(((((t24,t88),t3),t61),((((t45,t17),t36),t43),t91)),((t84,(t22,t82)),((t38,((t20,t26),t35)),t4))))),root);
data/SuperTripletsBenchmark/model-trees/model-38.nwk.model_tree	data/SuperTripletsBenchmark/source-trees/d25/k40/data-d25-k40-38_phybp-s0r.nwk.source_trees	2.4189953804016113	2.04	32	180	0.8383838383838383	32	180	0.8383838383838383	((((((((((t97,t38),((t5,t33),t50)),(t4,t48)),((t32,t72),((t18,t59),t90))),(t31,(t64,t87))),(((t15,t79),(t93,t52)),(t96,t41))),(t54,t99)),(((t70,((t47,t6),t24)),(((t61,t77),t60),t12)),(((((t23,((t7,t68),t43)),(t10,t95)),(t46,t36)),((t9,t3),t80)),(((t67,t40),((t2,t45),t22)),(t84,((t44,t94),t66)))))),(((((((t26,t19),t58),t92),(t20,t17)),((t29,(t21,t39)),(t55,t11))),(((((t83,t35),t42),(t81,t14)),(((t85,t98),(t16,t76)),t53)),((((t49,t57),t30),t56),((t100,(t69,t13)),t8)))),(((((t91,t73),t63),(t86,t71)),((t62,t1),t65)),(((((t28,t51),(t89,((t75,t27),t88))),t82),(t74,t37)),(t78,(t34,t25)))))),root);
data/SuperTripletsBenchmark/model-trees/model-39.nwk.model_tree	data/SuperTripletsBenchmark/source-trees/d25/k40/data-d25-k40-39_phybp-s0r.nwk.source_trees	2.3689749240875244	2.02	34	235	0.8282828282828283	34	235	0.8282828282828283	((((((t42,(t54,t99)),(((t97,t93),(t5,t87)),(t76,t74))),(((t33,(t55,t36)),(((((t27,t46),t90),t22),(t28,t88)),t91)),(t35,t1))),((t75,t10),(((t32,t86),t20),t26))),(((((((((t12,t51),t15),(t92,t39)),t3),(t98,t71)),((t100,(t34,t73)),(t9,t40))),(((((((t24,t14),(t47,t31)),t6),(t64,t29)),(t13,t63)),t85),(t58,(t62,t37)))),((((t70,t82),t44),(t30,t79)),(((t56,(t21,t17)),((t7,t38),t66)),t25))),(((((((t69,(t65,t16)),t23),t50),((t81,t19),t4)),(((t43,t60),((t48,t11),t72)),(t2,(t77,t68)))),((((t8,t57),((t18,t89),t67)),(((t52,t53),t59),(t80,t45))),(t49,(t78,t94)))),(((t61,t96),(t84,(t83,t41))),t95)))),root);
data/SuperTripletsBenchmark/model-trees/model-40.nwk.model_tree	data/SuperTripletsBenchmark/source-trees/d25/k40/data-d25-k40-40_phybp-s0r.nwk.source_trees	2.4589171409606934	2.06	38	226	0.8080808080808081	38	226	0.8080808080808081	((((((((((t40,t82),t36),t39),t12),((t13,t57),t52)),((((t4,t70),t72),t43),((((t69,t98),t56),t65),(t64,t55)))),((t41,(t34,t48)),((t58,t11),t10))),((((t90,t38),(t5,t32)),(t31,t30)),(((t100,(((t88,t89),t83),(t6,t63))),((((t99,t71),t2),(t18,t66)),(t93,t62))),((((t59,t26),t8),t15),(((t3,t1),t53),((t81,t86),((t47,t95),t67))))))),((((((t77,(t96,t17)),((t97,t35),(t85,t84))),((((t19,t79),t44),t29),(t22,t46))),(((((t50,t94),(t24,t16)),t74),t37),(((t23,t78),t45),t91))),(((t75,t14),t33),((t27,(t7,t51)),((t25,t73),((t49,t87),t61))))),(((t42,t20),(t54,t76)),((((t80,t60),(t9,t68)),t21),(t92,t28))))),root);
data/SuperTripletsBenchmark/model-trees/model-41.nwk.model_tree	data/SuperTripletsBenchmark/source-trees/d25/k40/data-d25-k40-41_phybp-s0r.nwk.source_trees	2.462151527404785	2.08	30	175	0.8484848484848485	30	175	0.8484848484848485	((((((t18,(t29,t79)),(((((((t2,t78),t77),(((t85,t88),(t43,t15)),t21)),((t64,t58),((t16,t55),t20))),(t54,t32)),(t27,t35)),(t47,t48))),((t39,t72),t36)),((((((t92,t8),t76),t17),t9),((t6,t53),(((t42,t68),t13),t24))),t37)),((((((((t26,t89),t60),t1),(t23,t70)),(((t28,t40),(t81,t38)),(((t46,(t62,t90)),(t5,t59)),(((t14,t10),t4),(t65,(t98,t11)))))),((((t7,t74),((t97,t96),(t63,t87))),((t66,t71),t34)),(t30,((t44,t67),t56)))),(((((t22,t45),(((t80,t49),t41),t19)),(t83,t95)),((t86,(t75,t61)),((t25,t57),t12))),((((t84,t73),t99),(t82,(t91,t51))),(t3,t33)))),(((t69,t94),t93),((t50,t31),(t100,t52))))),root);
data/SuperTripletsBenchmark/model-trees/model-42.nwk.model_tree	data/SuperTripletsBenchmark/source-trees/d25/k40/data-d25-k40-42_phybp-s0r.nwk.source_trees	2.534208297729492	2.16	16	94	0.9191919191919192	16	94	0.9191919191919192	((((((((t75,t57),(t92,(t60,t48))),(((((t56,t52),(t28,t62)),t83),(((((t42,t38),t6),t50),t17),(t9,t53))),((t97,(t54,t37)),(t58,t94)))),((((((t33,(t11,t1)),(t43,t30)),((t98,t20),t31)),t51),((t100,(t96,t10)),t4)),(((((t27,t77),t64),(t76,(t21,t68))),t36),((t71,t88),((t78,t99),t25))))),((((((t5,t14),t63),(t7,t22)),(t34,t32)),(((t18,t79),t40),t87)),(((((t47,t15),t13),((t70,t89),(t59,(t61,t45)))),(t82,(t55,t26))),(((t80,((t85,t66),t44)),t3),t93)))),((t69,(((t46,(t86,t72)),t19),t81)),(t65,t95))),((((t84,((t2,(t12,t67)),t73)),t29),(((((t8,t16),t35),t39),t23),t49)),(((t90,t74),t91),(t24,t41)))),root);
data/SuperTripletsBenchmark/model-trees/model-43.nwk.model_tree	data/SuperTripletsBenchmark/source-trees/d25/k40/data-d25-k40-43_phybp-s0r.nwk.source_trees	2.410078287124634	2.0300000000000002	18	75	0.9090909090909091	18	75	0.9090909090909091	(((((((((t80,t42),(t100,t74)),((((((t40,t6),t19),((t43,t48),t33)),(t7,t84)),t24),t91)),((t26,((t56,t59),t28)),t72)),t92),((((t89,(t22,t70)),(t96,t95)),(t31,(t34,t1))),((t10,t94),((t20,t36),(t83,t2))))),(((((t15,t49),t73),((t14,t41),t12)),(((t58,t29),t27),(t81,t61))),((((t57,(t21,t62)),(t60,t17)),((t44,t66),t63)),t77))),(((((t18,t47),(((t39,t87),(t85,t64)),(t55,t67))),(((t45,(t16,t25)),t4),(t76,t78))),(((((((t79,(t65,t30)),t75),(t23,((t97,t52),t9))),t71),(t86,t35)),(((t88,((t90,t99),t13)),((t38,(t50,t32)),t54)),t37)),((t69,t46),((t11,(t53,t68)),(t8,t82))))),(((t98,t51),(t5,t3)),t93))),root);
data/SuperTripletsBenchmark/model-trees/model-44.nwk.model_tree	data/SuperTripletsBenchmark/source-trees/d25/k40/data-d25-k40-44_phybp-s0r.nwk.source_trees	2.5346415042877197	2.1	24	169	0.8787878787878788	24	169	0.8787878787878788	(((((((t92,t71),((((t28,t87),(t65,t80)),t39),t74)),((t21,t51),(t97,t8))),(((((t59,t23),t78),(((t83,t22),((t67,t73),t57)),(t18,t30))),(t90,t31)),(t98,t38))),t76),((((((((t46,t94),t68),((((t61,t48),t69),t99),t4)),(((((t91,t36),t32),t96),(t82,(t25,t20))),(t49,t63))),(((t84,t58),t43),t77)),((((t44,t100),t47),((t24,t11),(t5,t60))),((t64,t6),((t42,t72),(t16,t95))))),(((t53,t45),(t3,(t85,t93))),((t9,(t13,t89)),(t2,t88)))),(((t14,((((t34,t52),(t27,t29)),t10),t37)),((t50,t40),(t75,t81))),(((((t12,t79),(t1,t19)),((t7,t54),t15)),(((t66,t86),t70),(((t41,t17),t26),(t56,t33)))),((t62,t55),t35))))),root);
data/SuperTripletsBenchmark/model-trees/model-45.nwk.model_tree	data/SuperTripletsBenchmark/source-trees/d25/k40/data-d25-k40-45_phybp-s0r.nwk.source_trees	3.4275712966918945	2.09	38	249	0.8080808080808081	38	249	0.8080808080808081	((((((((t69,t82),t81),t36),t87),((((t5,t84),(((t80,t35),t77),t47)),(((t56,t59),(t98,t40)),((t61,t3),((t13,t20),t76)))),((((t19,t17),t24),(t1,(t52,t79))),((t8,t10),(t18,t90))))),(((((t38,(t50,t95)),t4),t42),(((t27,t48),t22),((t14,((t45,(t53,t89)),t46)),(t33,(t16,t11))))),(((((t28,t68),t74),(((t2,t6),t60),t12)),((t44,t83),t37)),(((((t100,(t65,t55)),t29),(t34,t85)),(t57,t88)),t30)))),((((t62,t41),(t64,t94)),(((t21,t49),t99),((((t67,((t54,t70),t66)),t86),(t43,t78)),t51))),(((t93,t25),(((t58,(t15,t23)),t39),((t75,t32),(t91,((t92,t26),t96))))),(((t7,t31),((t97,t9),t63)),((t73,t71),t72))))),root);
data/SuperTripletsBenchmark/model-trees/model-46.nwk.model_tree	data/SuperTripletsBenchmark/source-trees/d25/k40/data-d25-k40-46_phybp-s0r.nwk.source_trees	2.395839214324951	2.01	22	79	0.8888888888888888	22	79	0.8888888888888888	(((((((t93,t14),t85),(t26,t63)),((t100,t35),(((((t16,t10),t76),t56),t98),(((t46,t51),t37),(t54,t8))))),((((((t58,t42),t1),((t50,((t94,t71),t53)),(t74,t11))),(t65,t59)),((t44,t57),t6)),((((t92,t47),(t95,(t27,t82))),((t91,t15),((((t7,t45),(t55,(t13,t19))),t97),((t61,t3),t69)))),((((t18,(t25,t72)),t90),(t80,t20)),((t84,(t40,t17)),t87))))),((((((((t75,t41),t30),((t86,t36),t34)),((t12,t78),t21)),((t62,t77),(t66,(t23,t52)))),((t24,t43),t64)),((t89,(t32,t73)),(t39,t88))),(((((t83,(t4,t70)),t9),t99),t33),((((((t31,t29),(t67,t60)),(t81,(t96,t38))),((t2,t79),t68)),(t49,t48)),((t28,t5),t22))))),root);
data/SuperTripletsBenchmark/model-trees/model-47.nwk.model_tree	data/SuperTripletsBenchmark/source-trees/d25/k40/data-d25-k40-47_phybp-s0r.nwk.source_trees	2.44549822807312	2.06	32	146	0.8383838383838383	32	146	0.8383838383838383	((((((t69,(t84,t25)),((((((t54,t80),((t83,t13),t5)),(t7,t75)),t70),t78),(t2,(t16,t63)))),((((((((t76,t11),t91),t36),((t30,t39),t86)),(t97,t19)),(t28,t68)),(t100,((t72,t79),(t41,t1)))),((t85,t6),t87))),((((((t14,t66),t20),t40),(((t52,(t81,t3)),t22),((((t98,t90),(t50,t15)),(t12,t17)),(t43,t31)))),((((t53,(t56,t96)),t4),(t67,t60)),(((t34,t55),t21),(((t10,t57),t26),(t65,t23))))),(t71,t88))),((((t38,(t61,t47)),(((t93,t33),(t58,(t92,t77))),((t24,t32),((t46,t82),t51)))),((((t49,t94),t62),(((t35,t73),t44),(t9,t99))),(t95,((t74,t45),(t29,t89))))),((((t59,t37),t42),t27),(((t18,t8),t64),t48)))),root);
data/SuperTripletsBenchmark/model-trees/model-48.nwk.model_tree	data/SuperTripletsBenchmark/source-trees/d25/k40/data-d25-k40-48_phybp-s0r.nwk.source_trees	2.548574209213257	2.17	32	249	0.8383838383838383	32	249	0.8383838383838383	((((((((((t65,t11),(t91,(t96,t66))),(((t100,(t22,(t33,t51))),t16),((t14,t25),t55))),(((t97,t31),t68),t59)),((((t8,t40),(t52,t6)),t92),((t34,t63),t76))),((((t24,t30),t36),t78),(t56,t19))),((((t70,(((t81,t94),t13),t4)),(t77,(t50,(t3,t35)))),((((t61,t67),t48),(t42,t86)),((t54,t1),(t5,(t49,t99))))),((t7,((((t15,((t9,t10),t23)),t93),(t90,t41)),t69)),t17))),((((t84,t39),t2),t38),(((((t44,t72),(t28,t57)),(t12,t53)),(t98,t95)),((t26,t37),t62)))),(((((t21,t73),((t79,((t20,t88),t85)),t75)),(t46,(t43,t64))),((t83,(t32,t87)),((t18,(t47,t45)),t74))),((((t80,t71),(t60,t82)),(t27,t89)),(t58,t29)))),root);
data/SuperTripletsBenchmark/model-trees/model-49.nwk.model_tree	data/SuperTripletsBenchmark/source-trees/d25/k40/data-d25-k40-49_phybp-s0r.nwk.source_trees	2.6187217235565186	2.17	22	192	0.8888888888888888	22	192	0.8888888888888888	((((((((t6,t78),((t97,t10),t52)),(((t33,t63),(t56,t4)),(t40,t46))),((((t98,t80),(t8,t39)),((t66,t36),(t30,t68))),((t7,t9),(((((t61,(t75,t58)),t17),t50),t76),t12)))),(((((((((((t67,t3),t34),t43),((t47,t62),t91)),t95),t70),(((((t54,t26),t25),t38),t85),((((t32,t45),t79),t15),t24))),(t86,t51)),((((t77,t57),(t49,t88)),t89),(t11,t71))),((t100,(t59,(t20,(t28,t31)))),(t44,(t55,t72)))),(t48,t37))),((((t73,t1),t23),t74),(t90,t35))),(((((t96,t2),t16),(t92,t41)),((((t53,(t69,t42)),(t65,t99)),((t18,t14),t13)),((t27,t82),t81))),(((((t22,t87),t19),((t83,t84),t5)),(t21,t29)),(((t60,t94),t64),t93)))),root);
data/SuperTripletsBenchmark/model-trees/model-50.nwk.model_tree	data/SuperTripletsBenchmark/source-trees/d25/k40/data-d25-k40-50_phybp-s0r.nwk.source_trees	2.4794416427612305	2.09	32	87	0.8383838383838383	32	87	0.8383838383838383	(((((((t37,((t83,t77),t85)),(((((t12,((t56,t19),(t96,t95))),t20),((t87,t82),(t97,t23))),(t18,t53)),t15)),((t31,t94),((t100,t29),t39))),(((((t14,t51),t5),t34),(((t65,t11),(((t24,t2),t36),(t81,t93))),(t10,t63))),(((t90,t88),(t35,t70)),t98))),((((((t52,t57),(((t1,(t43,(t75,t74))),t47),t28)),t32),(((((t44,t91),t62),t41),(t61,t68)),((t80,t45),((t66,t3),t86)))),(((((((t48,t17),t67),t21),t7),t46),((t92,t69),t64)),((t84,t33),t25))),(((t27,t38),t50),((((t9,t30),t76),t58),t71)))),(((((t42,t59),t40),(t54,t4)),t49),((((t55,t89),t16),((((t22,t26),t79),(t8,t78)),t73)),((((t6,t60),t13),t99),t72)))),root);
data/SuperTripletsBenchmark/model-trees/model-51.nwk.model_tree	data/SuperTripletsBenchmark/source-trees/d25/k40/data-d25-k40-51_phybp-s0r.nwk.source_trees	2.5101158618927	2.1	18	132	0.9090909090909091	18	132	0.9090909090909091	(((((((((t67,t33),t36),t2),(t91,t76)),((((t44,t56),t57),t25),t74)),(((t19,(t47,t94)),t39),t71)),(((((t11,(t63,t95)),((t98,t55),t22)),(t34,(t28,t12))),((((t3,t51),(t64,t66)),((t97,t35),t1)),((t9,(t38,(t43,t93))),t77))),((((t78,t26),t24),((t54,t59),t83)),t52))),(((((((t14,t99),(t96,t53)),t65),(t46,((t100,t87),t4))),t80),((t18,(t6,t70)),((t81,t73),t16))),(((((t50,t40),((t10,t48),(t41,t79))),(((((t84,t17),(t42,t37)),t69),t90),(((t85,t20),(t30,t60)),(t86,t72)))),(((t92,t13),(((t61,t49),t27),t89)),((t62,t31),t5))),((((t32,t23),((t82,t88),t68)),(t75,t8)),(((t58,t29),(t7,t15)),(t21,t45)))))),root);
data/SuperTripletsBenchmark/model-trees/model-52.nwk.model_tree	data/SuperTripletsBenchmark/source-trees/d25/k40/data-d25-k40-52_phybp-s0r.nwk.source_trees	2.4146828651428223	2.0300000000000002	20	127	0.898989898989899	20	127	0.898989898989899	(((((((((t44,t99),(((t20,(t1,(t34,t62))),(((t54,t63),t51),t36)),t59)),(t48,t17)),(t37,(((t98,t72),(t84,t2)),(t14,(t50,t79))))),((t13,t40),(t27,t55))),((t85,t80),(t8,t88))),(((((((t95,t45),t35),(t87,(t43,t30))),((t69,t38),t23)),(t18,t66)),((t58,t73),t82)),((t67,t86),(t25,t49)))),(((((((t42,t77),(t12,t74)),t33),((t81,t64),t60)),(((t41,(t15,t26)),t75),(t90,t78))),((t5,((((t28,t57),t47),t97),((t9,t29),t91))),((t96,t16),t46))),((((((t53,(t83,t93)),(t76,(t70,t94))),(((t7,t100),(t92,t61)),(t32,t31))),(t22,t52)),(t65,(t11,(t10,t68)))),(((t6,t4),t71),((((((t24,t3),t56),t39),t89),t19),t21))))),root);
data/SuperTripletsBenchmark/model-trees/model-53.nwk.model_tree	data/SuperTripletsBenchmark/source-trees/d25/k40/data-d25-k40-53_phybp-s0r.nwk.source_trees	2.459585189819336	2.0700000000000003	18	99	0.9090909090909091	18	99	0.9090909090909091	((((((((t86,(t76,t3)),(t7,t10)),(((t58,t23),(t89,(t60,t74))),((((t12,t9),t13),t35),((t66,t6),t78)))),(((t18,t1),t92),t34)),(t96,t94)),((((t99,((t40,t30),t84)),(((t43,t20),t14),(t44,t5))),(t98,t100)),(((t16,t70),(t11,(t27,t26))),(t61,t93)))),((((((t46,(t52,t68)),((((t51,t19),t24),t15),((t69,(t28,t32)),((t67,t72),t83)))),(t73,t45)),(((t97,t56),(t65,t95)),(((t25,t90),t87),(t85,t91)))),(((t80,t71),(((t38,t63),t29),(((t81,t2),t48),(t41,t49)))),((t54,t42),t75))),((((((((t31,(t21,t53)),t57),(t8,t37)),t62),((t88,t17),t79)),t39),(t22,(t64,t59))),(((t77,t33),(t4,(t47,t50))),((t55,t82),t36))))),root);
data/SuperTripletsBenchmark/model-trees/model-54.nwk.model_tree	data/SuperTripletsBenchmark/source-trees/d25/k40/data-d25-k40-54_phybp-s0r.nwk.source_trees	2.6243016719818115	2.1799999999999997	22	234	0.8888888888888888	22	234	0.8888888888888888	(((((((((t41,t78),(t21,t38)),t89),(t2,t37)),((t77,t95),t36)),(t83,t68)),((((((t100,t74),t32),((((t10,t53),t13),t80),((((t97,t14),(t23,t30)),t16),((t24,t60),t49)))),(((t63,(t9,t46)),((t55,t33),(t58,t35))),(t87,(t22,(t15,t48))))),((((((((t12,t51),((t76,t94),t50)),t43),(t19,t57)),((t65,t3),t7)),((t8,((t84,t11),t98)),(t62,t31))),(t91,t17)),((t44,t99),((t28,t96),t90)))),(((t47,t39),(t56,t79)),t4))),((((t66,t52),(((t20,t70),((t85,t86),((t27,t71),t92))),(t69,t18))),((((t5,t29),t45),t73),(((t6,t72),t59),((t34,t81),((t25,t88),t64))))),(((t40,t26),(t42,(t54,t61))),(((t75,t82),(t67,t1)),t93)))),root);
data/SuperTripletsBenchmark/model-trees/model-55.nwk.model_tree	data/SuperTripletsBenchmark/source-trees/d25/k40/data-d25-k40-55_phybp-s0r.nwk.source_trees	2.558917760848999	2.17	32	273	0.8383838383838383	32	273	0.8383838383838383	((((((((((((t82,t1),((t6,t70),(t24,t67))),((t40,t46),t59)),(t69,t48)),(((((t25,t77),((t97,t45),t83)),(((t32,t90),(t10,t78)),t61)),(t7,t71)),t50)),((((t60,t68),t64),(t54,t89)),((t65,t74),t92))),((t23,t26),t20)),((((t28,t84),(t56,t88)),(t52,t41)),(t81,t76))),(((t9,t39),(t96,t79)),(t55,t35))),(((((t29,(t75,t63)),t21),((t34,t47),t30)),(t15,t99)),((((t62,t38),t31),(t18,t93)),((((t100,t86),t58),t73),t3)))),(((((t8,t14),(t16,t53)),((t44,t57),t51)),(t94,(t85,t43))),((((((t87,t19),(t95,t72)),(((t91,t33),(t98,t42)),t36)),((((t17,(t12,t80)),(t22,t37)),t66),(t2,t49))),((t13,t4),t27)),(t5,t11)))),root);
data/SuperTripletsBenchmark/model-trees/model-56.nwk.model_tree	data/SuperTripletsBenchmark/source-trees/d25/k40/data-d25-k40-56_phybp-s0r.nwk.source_trees	2.5195062160491943	2.1	18	170	0.9090909090909091	18	170	0.9090909090909091	((((((t36,(t40,t68)),(((t41,t87),t31),t13)),((((t20,((t14,t11),t81)),t89),t46),((t85,t45),((t28,(((t2,t94),t6),t27)),(t56,t12))))),((((((((((t33,t26),t62),t61),(t34,t4)),(t77,t37)),(t47,t35)),((t52,t53),(t22,t74))),(t30,t72)),((((t96,t10),t83),(((t42,t99),t90),(t24,t100))),((t80,t95),t25))),((((t48,t39),((t9,t32),t5)),(((t69,t86),((t50,t19),t79)),t60)),((t44,t16),t93)))),(((((((t23,t78),t91),t84),((t75,t49),(t59,t51))),(((t65,t38),((t76,t57),t58)),(t18,(t54,t73)))),(((t64,t21),t1),((t82,t17),t70))),((((((t66,t3),t71),(((t7,t92),t29),t43)),(t8,t67)),(t15,t63)),(((t97,t98),t55),t88)))),root);
data/SuperTripletsBenchmark/model-trees/model-57.nwk.model_tree	data/SuperTripletsBenchmark/source-trees/d25/k40/data-d25-k40-57_phybp-s0r.nwk.source_trees	2.5037648677825928	2.15	16	51	0.9191919191919192	16	51	0.9191919191919192	(((((((((t86,t41),t98),t97),t54),(((((t9,t29),(((((t87,t88),t90),(t100,t3)),(((t39,t36),t5),t77)),(t72,t11))),((((((t6,(t40,t1)),t22),(t93,t71)),t8),((t83,t73),t32)),((((t67,t38),t84),t35),(t42,t10)))),((((t82,t19),t43),(((t60,t89),t46),t30)),(t4,t70))),((t81,(t23,t68)),(((t28,(t24,t55)),(t56,t63)),t27)))),(t69,(((((t50,t25),t59),((t75,t21),t61)),(t62,(t57,(t91,t26)))),(t31,t49)))),((((t47,t37),t95),((t44,t20),(t92,t52))),(((t15,t94),(t12,(t7,t74))),(t58,(t65,t79))))),((((t2,t78),t80),(t99,(t64,t66))),((((t13,t76),((((t33,(t85,t18)),t51),t14),t17)),(t96,t53)),((t16,t48),(t34,t45))))),root);
data/SuperTripletsBenchmark/model-trees/model-58.nwk.model_tree	data/SuperTripletsBenchmark/source-trees/d25/k40/data-d25-k40-58_phybp-s0r.nwk.source_trees	2.398864984512329	2.01	20	125	0.898989898989899	20	125	0.898989898989899	((((((t66,t82),t8),((((t49,t39),(t74,t36)),t34),(t91,t88))),((((t86,t17),t4),(t29,((((t61,t85),t37),(((t40,t33),t70),t7)),((t30,(t80,t48)),t81)))),(((((t69,(t62,t67)),(t83,t21)),t94),(t25,t90)),(((t38,t19),(t100,t26)),(((t78,t53),t43),t71))))),((((t84,((t54,t31),((t96,t3),t73))),(t2,t45)),(((t14,t87),((t11,t57),t32)),((t52,t79),t60))),(((((((t5,t6),(t44,t63)),t58),(((t93,t68),t65),t18)),((t23,t72),((((t75,t1),t28),t9),t51))),(t24,t27)),(((((((t16,t41),t98),(t56,t89)),(t15,t35)),(t59,t95)),((((t22,t76),t92),t99),(t97,t20))),(((((t42,t46),(t12,(t47,t13))),(t10,t55)),t64),(t50,t77)))))),root);
data/SuperTripletsBenchmark/model-trees/model-59.nwk.model_tree	data/SuperTripletsBenchmark/source-trees/d25/k40/data-d25-k40-59_phybp-s0r.nwk.source_trees	2.484286069869995	2.0700000000000003	48	284	0.7575757575757576	48	284	0.7575757575757576	((((((((t52,t45),((t80,t71),t86)),((t5,t9),t62)),((t100,(t33,t48)),t98)),(t43,t99)),(((((t91,t13),t34),((t76,t46),t63)),((((t8,t38),t72),t89),(((t83,t78),t55),t77))),((t69,t57),((t54,t84),(t97,t75))))),(((((((t17,(t10,t49)),t53),t1),((t64,t41),((t85,t20),t4))),((((t90,t88),(t12,t18)),(t81,t39)),((t40,(t65,t37)),(t59,t19)))),(((((((t29,((t96,t26),t47)),t95),((t70,t87),t36)),(((t58,t15),t25),(t32,t31))),((t3,t74),t11)),(((t42,t2),t50),t67)),((t51,t94),t21))),((((((t24,((t93,(t56,t27)),t6)),t23),t73),t44),((t7,t66),t35)),((((t28,t82),(((t22,t14),t16),t30)),t61),(t60,((t92,t79),t68)))))),root);
data/SuperTripletsBenchmark/model-trees/model-60.nwk.model_tree	data/SuperTripletsBenchmark/source-trees/d25/k40/data-d25-k40-60_phybp-s0r.nwk.source_trees	2.4048445224761963	2.01	6	19	0.9696969696969697	6	19	0.9696969696969697	(((((((((t32,t10),(t41,t88)),t51),(((t81,t1),t71),((t91,t78),t34))),((((((t84,t94),t87),((t42,t59),t8)),((t63,t53),t55)),(t33,(((t85,t35),(t43,t21)),(t48,t89)))),(t22,t98))),(((((t100,t46),t36),t4),(t15,((t97,t56),t40))),((((t12,t69),t37),t76),(t80,t95)))),((((t75,t62),t68),((((t7,t50),t79),t72),t67)),(((t57,t17),t3),(t6,(t92,t45))))),((((((t64,t74),t73),(t47,t60)),((t30,(t44,t54)),t29)),((((t39,t99),((t61,t86),t90)),(t38,((t65,t77),t16))),(t70,(t66,(t93,t2))))),(((t96,t49),(t58,t14)),(((((t24,t83),((t27,t13),(t9,t82))),t19),(t20,((t5,t23),(t25,t26)))),(((t18,t52),t28),(t31,t11)))))),root);
data/SuperTripletsBenchmark/model-trees/model-61.nwk.model_tree	data/SuperTripletsBenchmark/source-trees/d25/k40/data-d25-k40-61_phybp-s0r.nwk.source_trees	2.477954387664795	2.08	18	57	0.9090909090909091	18	57	0.9090909090909091	(((((((((t83,t19),((t93,t51),t16)),t88),((t84,t98),((t12,t89),t71))),((((t77,t52),(t23,(t10,t3))),(((t50,t67),t20),t80)),(((t26,(t85,t37)),t58),t5))),((t73,((t100,t1),t41)),(((t74,(t45,t79)),t72),(t28,t4)))),((t61,t49),((t44,t65),t70))),((((((t76,t29),t48),t86),(((t69,(t42,t38)),t14),t87)),(t18,t59)),(((((((t99,t94),t56),(t21,t13)),(t8,t25)),((((t47,t11),t91),t57),(t22,t32))),(((((t24,t2),(t40,t36)),(t31,t17)),((((t34,t9),t43),t62),((((t15,t78),((t92,t63),t90)),((t75,t96),t39)),(t7,(t27,t46))))),(((t60,((t81,t82),t35)),t66),(t97,t33)))),(((((t53,t95),t30),t54),t64),(t6,(t55,t68)))))),root);
data/SuperTripletsBenchmark/model-trees/model-62.nwk.model_tree	data/SuperTripletsBenchmark/source-trees/d25/k40/data-d25-k40-62_phybp-s0r.nwk.source_trees	2.4680089950561523	2.0700000000000003	18	284	0.9090909090909091	18	284	0.9090909090909091	((((((t86,((t56,t36),t7)),((((t92,t24),t50),t95),((t54,t80),t34))),((((t43,t2),t51),t35),t29)),((((t98,t23),(t55,t67)),(((((t70,t53),t31),t49),t65),t81)),(((t33,t73),t13),(((t12,t91),t71),(t37,t57))))),(((((((t16,t74),t25),(t5,t6)),(((t85,t58),t47),t1)),((((t44,t20),t10),t77),(((t69,t38),t17),((t59,t14),t32)))),((((t4,t79),t97),((t18,t62),t78)),(t42,(t94,t19)))),((((((t66,t48),((t76,t89),((t100,(t8,(t41,t39))),t3))),(((t11,t88),(t46,t72)),(t52,t68))),((((t21,t26),t82),t28),(t30,t87))),(((t84,t15),t22),(t75,(t83,t45)))),((((t96,t90),t60),((t61,t93),t27)),(((t9,t99),t64),(t40,t63)))))),root);
data/SuperTripletsBenchmark/model-trees/model-63.nwk.model_tree	data/SuperTripletsBenchmark/source-trees/d25/k40/data-d25-k40-63_phybp-s0r.nwk.source_trees	2.6982083320617676	2.17	20	86	0.898989898989899	20	86	0.898989898989899	(((((((((((t41,t33),t18),t46),((t65,t100),t85)),(((t5,t79),t27),t73)),(t63,(t21,(((t56,t74),(t25,t19)),t89)))),(((t90,t26),t12),(((((t34,t49),t59),t16),t35),((t9,t23),t92)))),(((t70,t53),t78),(t32,t38))),(((((t28,t50),t15),((t61,t95),(t97,t11))),(t24,t98)),(((t94,(t43,t22)),t88),t80))),(((((t44,((t77,t72),t42)),((((t66,(t2,t57)),(((t7,t3),t71),t82)),t45),(t36,(t75,t48)))),((((t84,(t91,t31)),(((t29,(t87,t1)),t40),t20)),(((t93,t86),((((t69,t62),t52),t58),t76)),t17)),((t4,t99),t83))),(((t54,t60),t55),t37)),((((t47,t68),t67),(((t81,(t64,t30)),t96),(t14,t51))),((((t13,t6),t8),t10),t39)))),root);
data/SuperTripletsBenchmark/model-trees/model-64.nwk.model_tree	data/SuperTripletsBenchmark/source-trees/d25/k40/data-d25-k40-64_phybp-s0r.nwk.source_trees	3.9605603218078613	2.36	26	160	0.8686868686868687	26	160	0.8686868686868687	(((((((((t27,t70),t25),((t33,t71),t65)),((t77,t30),((t76,t35),((t10,(t66,t88)),t86)))),(((t44,t29),t82),(t98,t60))),(((((t92,t18),t16),t58),(t84,t42)),t87)),(((((((((t11,t89),(t15,t94)),(t50,t48)),(t85,(t97,t40))),t56),(((t73,(t9,t67)),((t52,t45),t90)),(((t54,t95),t23),t34))),((t37,(((t62,t41),t53),t68)),(t22,t14))),(((((t99,t79),(t100,t2)),((t12,(t91,t51)),t26)),(t93,t46)),((((t3,t31),t32),(t81,t49)),(t13,t78)))),(t20,((t69,t96),t55)))),((((((t75,t17),t1),((t28,(t61,t39)),t43)),t4),t63),((((t24,t5),t64),(((t38,t6),t21),t80)),((((t7,t47),t57),(t59,t74)),(((t83,t72),t19),(t8,t36)))))),root);
data/SuperTripletsBenchmark/model-trees/model-65.nwk.model_tree	data/SuperTripletsBenchmark/source-trees/d25/k40/data-d25-k40-65_phybp-s0r.nwk.source_trees	2.334962844848633	1.98	22	176	0.8888888888888888	22	176	0.8888888888888888	((((((((t88,(t54,t47)),(t52,t68)),t76),(t3,t57)),(((((t34,t23),t97),t63),t85),(t92,t15))),(((((((t91,t38),t44),t8),t25),(t4,t70)),((t42,(t18,t60)),((t21,t39),t49))),((t28,t24),((t6,t11),t31)))),(((((((((t33,t36),t65),((t56,t45),t99)),(t1,t79)),(t22,t100)),(((t69,t41),t37),t53)),(((t77,t78),(t58,t72)),(t83,t67))),(((((t81,t30),(t10,t74)),(t64,t5)),((t7,t66),t27)),(((t98,t14),t16),((t59,t20),t95)))),(((((t13,t87),t32),(((t86,(t93,t40)),t71),t89)),(((t43,t51),(t2,t82)),((t62,t17),t19))),((((t80,t29),((t96,t90),t75)),(((t12,t50),t35),(t61,t84))),(((t73,(t46,t94)),t26),(t9,(t55,t48))))))),root);
data/SuperTripletsBenchmark/model-trees/model-66.nwk.model_tree	data/SuperTripletsBenchmark/source-trees/d25/k40/data-d25-k40-66_phybp-s0r.nwk.source_trees	2.4816246032714844	2.13	20	80	0.898989898989899	20	80	0.898989898989899	(((((((t86,t17),(t63,t89)),((t75,t26),t40)),((t85,t36),t39)),(((((t80,t20),(t56,t25)),(t57,((t19,t88),(t10,t53)))),(t83,t15)),(t24,t47))),(((((((((((((t30,t49),(t38,t4)),((t68,t11),t54)),t8),(t90,t48)),((t70,t45),(t91,(t14,t31)))),(t46,((t62,t37),t27))),((((((t81,t92),(t32,(t58,(t65,t93)))),((t97,t21),t44)),t43),(t50,t72)),((t69,t35),t22))),((t33,t94),(t42,t99))),(((t12,t60),t9),((t13,t100),t73))),((t34,t55),t95)),(((((t5,t74),(t16,t41)),(t66,t52)),(t96,t51)),(t1,t79))),((((t7,t78),((t23,t6),t76)),(t98,t82)),((((t64,t29),(t2,t3)),(t61,t67)),((t84,(t77,t71)),(((t59,t87),t28),t18)))))),root);
data/SuperTripletsBenchmark/model-trees/model-67.nwk.model_tree	data/SuperTripletsBenchmark/source-trees/d25/k40/data-d25-k40-67_phybp-s0r.nwk.source_trees	2.508449077606201	2.1	22	133	0.8888888888888888	22	133	0.8888888888888888	((((((((t58,t29),((t2,t31),t1)),((((t83,t63),t93),((t57,(t61,t62)),t91)),(t47,t72))),(((((((t42,(t50,t23)),(t25,((t66,t17),t44))),t90),(t99,(t15,t60))),t81),((((t34,t59),t52),t24),t22)),(((t55,t49),(t32,(t12,t96))),(t86,t45)))),((((((t13,(t40,t3)),t79),(t56,t36)),(((t85,t100),t89),t4)),((t30,(t28,t21)),(t7,t53))),(((t54,t51),(t10,t82)),t88))),(((t27,t64),t48),(((t33,(t84,t80)),t76),t74))),((((((((t65,t5),t35),t75),t41),((t71,(t16,t11)),((t18,t20),t67))),(((t87,(t97,t70)),(t9,t39)),t14)),((((t43,t69),t8),((t6,t78),t92)),((t73,t19),t37))),((((t38,t94),(t46,t26)),t77),(t68,(t98,t95))))),root);
data/SuperTripletsBenchmark/model-trees/model-68.nwk.model_tree	data/SuperTripletsBenchmark/source-trees/d25/k40/data-d25-k40-68_phybp-s0r.nwk.source_trees	2.356550693511963	2.0	34	184	0.8282828282828283	34	184	0.8282828282828283	(((((((((t51,t89),(t80,t49)),(t69,(t22,t13))),(t12,t84)),((((t20,t46),t32),((((t64,t45),(t61,t47)),(t44,t100)),t73)),((t9,t62),((t63,(t93,t14)),t29)))),((((t2,t53),t27),t28),(t24,t83))),(((((t74,t17),(t10,t41)),t54),(t98,t33)),((((t23,(t7,t59)),t71),t55),((t38,(t81,t91)),t16)))),(((((t60,(((t95,t68),(t30,t94)),t39)),((t8,t70),t18)),(((t96,t40),((t75,t77),t72)),t56)),((((t31,t82),(((t65,t76),t19),t90)),((t34,t78),(t21,t48))),(((t57,((t86,t36),t25)),t67),(t26,t99)))),(((((t92,t3),((t85,t5),(t97,(t52,t4)))),t1),(t43,t35)),((t11,((t37,(t42,t50)),(t88,(t58,t79)))),(((t15,t6),t66),t87))))),root);
data/SuperTripletsBenchmark/model-trees/model-69.nwk.model_tree	data/SuperTripletsBenchmark/source-trees/d25/k40/data-d25-k40-69_phybp-s0r.nwk.source_trees	2.3667993545532227	2.0	18	51	0.9090909090909091	18	51	0.9090909090909091	((((((((((t25,t76),(t93,t73)),(t81,t2)),(((t30,t49),((t13,t51),t85)),((t54,t57),(t84,t70)))),((t15,t36),t21)),((((t18,t91),t94),t96),t33)),((t97,t77),t59)),((((((t87,t82),t90),(((t8,t29),t38),t55)),((((t14,t32),(t22,t48)),(t11,(t63,t39))),(t40,t41))),((t69,t35),((t44,t71),t78))),(((((t3,t20),(t50,t52)),(((((t98,t26),t56),t61),t31),t65)),(t28,t47)),(((t46,(t7,t80)),((t99,t17),t88)),(t92,t66))))),(((((t37,(t24,t43)),((t12,t45),(t86,t68))),((((t34,t23),t6),(t58,t60)),((t27,t1),((t5,t72),t62)))),((t16,t4),(t75,t83))),((((t95,(t9,t10)),(t64,t89)),t19),((t67,((t74,t53),(t42,t79))),t100)))),root);
data/SuperTripletsBenchmark/model-trees/model-70.nwk.model_tree	data/SuperTripletsBenchmark/source-trees/d25/k40/data-d25-k40-70_phybp-s0r.nwk.source_trees	2.434270143508911	2.05	36	117	0.8181818181818182	36	117	0.8181818181818182	(((((((t18,(t100,t52)),((t99,(t55,t74)),(t81,t14))),((t65,(t43,t8)),(t61,t83))),((t26,(t91,t63)),t85)),((((((t75,t90),t4),(((t93,t57),t94),t30)),((((t69,t53),t3),t64),(((t46,((t80,t89),t11)),t62),t67))),(((t16,t2),(t29,(t24,t21))),(((((t5,(t7,t40)),((t97,t22),t60)),((t56,t71),t35)),(((t41,(t28,t38)),t31),((t92,t36),(t98,t77)))),((t76,t45),t82)))),(((t49,t73),((t10,(t47,t78)),t12)),(((t70,t37),t20),((t58,t33),(t48,t87)))))),(((t15,(t34,t72)),(((t9,t95),t54),(t6,t39))),(((((t1,t88),(t59,t86)),t13),((t84,((t68,t19),(t27,t17))),(t96,(t32,t79)))),(((t66,(t50,t25)),(t23,t51)),(t44,t42))))),root);
data/SuperTripletsBenchmark/model-trees/model-71.nwk.model_tree	data/SuperTripletsBenchmark/source-trees/d25/k40/data-d25-k40-71_phybp-s0r.nwk.source_trees	2.45029878616333	2.06	26	178	0.8686868686868687	26	178	0.8686868686868687	((((((((((t51,t88),t54),t59),(((t44,t48),(t35,t57)),(((t69,t87),t91),t12))),(((t80,t76),((t25,t86),t1)),t98)),(t85,(t74,t26))),((((t43,t13),t81),t62),(t10,t6))),(((((((t47,t82),t16),(t58,t50)),((((t96,t68),t27),(t9,t39)),t64)),((((t61,t18),t94),(t31,t49)),(((t77,t38),(t84,t89)),(t24,t20)))),(t65,t41)),((t90,t73),(((t100,(t42,t78)),(((t55,t67),t32),(t52,t60))),t97)))),(((((((((t66,(t23,t70)),t30),((t4,t72),t21)),(t92,t99)),(t8,(t37,t36))),(((t15,t46),((t56,t40),t14)),((t33,t17),t3))),((t75,t79),t71)),(((((t34,t63),(t7,(t28,t95))),t83),(t53,t45)),(t22,t5))),((t11,t19),((t93,t29),t2)))),root);
data/SuperTripletsBenchmark/model-trees/model-72.nwk.model_tree	data/SuperTripletsBenchmark/source-trees/d25/k40/data-d25-k40-72_phybp-s0r.nwk.source_trees	2.390799045562744	2.0300000000000002	22	170	0.8888888888888888	22	170	0.8888888888888888	((((((((t55,t11),t59),(((((t67,(t12,(t91,t79))),t25),((t87,t57),t30)),(((t97,t56),((t34,t51),t2)),t43)),(((t26,t63),t61),t45))),((t47,t94),t39)),((t83,t73),((t65,t28),(t14,t38)))),((((t81,t46),t70),t82),(t22,t69))),((((((t86,t49),t21),t90),(((t74,(t96,t100)),((((t23,t88),(t78,t17)),((t10,t31),(t48,t68))),(((t44,t71),(t5,t18)),(t98,t3)))),(t52,(((t42,(t7,t27)),t13),((t89,(t75,t9)),t77))))),(((((t50,t99),t80),t37),t95),(((t15,t33),(t76,t35)),((t8,t29),t93)))),((((t92,t32),t36),(((t16,((t64,t20),t53)),((t1,(t58,t41)),t24)),((t54,t4),((((t84,t62),t85),t60),t66)))),((t40,t72),(t6,t19))))),root);
data/SuperTripletsBenchmark/model-trees/model-73.nwk.model_tree	data/SuperTripletsBenchmark/source-trees/d25/k40/data-d25-k40-73_phybp-s0r.nwk.source_trees	2.4392898082733154	2.05	18	77	0.9090909090909091	18	77	0.9090909090909091	(((((((((t50,t48),(t44,t64)),(t11,((t84,t80),(t34,t27)))),((t10,t76),t36)),(((t43,t87),(t35,t74)),(t38,t95))),(((((t24,t60),t61),t23),((t3,((t25,t51),(t81,t16))),t92)),(((((t65,t31),((t32,t73),t93)),((t5,t8),t14)),(t91,t57)),(((t18,t9),t82),t89)))),(((t13,t70),(t66,t33)),(t28,t37))),(((((t20,(t45,(t75,t49))),(t21,t2)),((t56,(t39,t79)),((t12,t40),t69))),((t22,t15),((((t68,(t90,t4)),t52),t42),(t41,t29)))),((((((t100,t1),t98),(((t7,t19),t53),t54)),((((t58,t94),t17),(((t85,(t97,t59)),t78),t62)),(t77,t71))),(t47,t30)),((((t83,t67),t86),(t46,t63)),(((t96,t72),t26),((t55,t6),(t99,t88))))))),root);
data/SuperTripletsBenchmark/model-trees/model-74.nwk.model_tree	data/SuperTripletsBenchmark/source-trees/d25/k40/data-d25-k40-74_phybp-s0r.nwk.source_trees	2.3115620613098145	1.95	16	115	0.9191919191919192	16	115	0.9191919191919192	(((((((((t100,t37),t85),t9),t50),((t56,t94),t97)),(((((t24,t79),t55),(t10,(t15,t60))),((((t84,t76),((t80,t14),t30)),(t59,t67)),(((t54,t72),(t11,((t64,t88),t26))),((t12,(t69,t53)),t7)))),(t96,t3))),(((((t65,t5),t32),t49),(((t23,(t22,t90)),t39),t16)),((t73,((t13,(t62,t78)),t70)),t75))),((((((t66,(((t77,t99),t21),t25)),t27),(t63,t1)),(((t17,(t91,t36)),(((t42,t82),t45),(t71,t57))),(t6,t68))),((((t98,t8),(t20,t87)),(t48,(t18,t19))),(((t81,t47),t28),((t92,t83),(t34,t46))))),(((((t61,t33),t40),((t2,t4),t58)),((((t52,t89),t41),t31),(t29,((t93,t51),t74)))),((t43,t86),((t38,t95),(t44,t35)))))),root);
data/SuperTripletsBenchmark/model-trees/model-75.nwk.model_tree	data/SuperTripletsBenchmark/source-trees/d25/k40/data-d25-k40-75_phybp-s0r.nwk.source_trees	2.422013282775879	2.04	20	214	0.898989898989899	20	214	0.898989898989899	(((((((((t54,(t66,((t23,t33),t93))),(t40,t70)),((((t55,(t27,t87)),t61),(t47,t86)),t62)),(t39,(t32,t38))),(((t63,t57),(t85,t5)),(t69,((t97,t68),t75)))),((t26,t94),(t92,t79))),((((((t81,t45),t90),((t53,(t8,t36)),t13)),(((t84,t74),t100),(t37,(((t59,t60),t98),t51)))),(t50,t72)),((((((t34,t6),t52),t18),((t91,t30),(t22,t25))),(t56,t88)),((((t31,t99),t89),(t7,t67)),t78)))),(((((t14,t82),(t35,t17)),((((((t29,(t16,t19)),(((t46,t11),t43),t12)),((t83,t10),t24)),(t28,t3)),(t20,t71)),((((t73,(t76,t4)),((t42,t95),t21)),((t80,t41),t77)),t49))),(t58,(t65,t48))),((t96,t9),(((t44,t64),(t15,t1)),t2)))),root);
data/SuperTripletsBenchmark/model-trees/model-76.nwk.model_tree	data/SuperTripletsBenchmark/source-trees/d25/k40/data-d25-k40-76_phybp-s0r.nwk.source_trees	2.4475531578063965	2.04	18	69	0.9090909090909091	18	69	0.9090909090909091	((((((((((t5,t11),t74),(t54,t31)),(((t12,t55),t89),t43)),((t50,t36),t27)),((t10,t33),((t88,(t22,t25)),t62))),(t14,(((t90,t94),(t98,t15)),t40))),((((((t52,((t21,t53),t65)),((t97,t67),(t29,((t28,t8),t92)))),((t96,(t34,t85)),t24)),((t61,t73),((t59,t68),t13))),((t69,t72),((t41,t78),((t18,t1),t51)))),((t19,(t47,t66)),t49))),((((((((((t60,t57),t39),t2),(t30,t26)),(t84,(t83,t99))),((((t46,t71),(t91,t4)),t82),((t64,t37),((t23,t100),t77)))),t63),(((t44,t6),t42),((((t20,t70),t93),(t56,t45)),(t81,(t16,t95))))),((t38,(t35,t87)),t7)),(((((t86,t3),t48),t80),((t32,t79),(t9,t76))),((t58,t17),t75)))),root);
data/SuperTripletsBenchmark/model-trees/model-77.nwk.model_tree	data/SuperTripletsBenchmark/source-trees/d25/k40/data-d25-k40-77_phybp-s0r.nwk.source_trees	2.5981929302215576	2.21	30	241	0.8484848484848485	30	241	0.8484848484848485	((((((t80,t35),t38),((t59,((t12,t48),t25)),t89)),(((((((t7,t55),t28),((t41,t36),t1)),(((t24,t6),(((t44,t68),t66),t39)),((t20,(t65,t85)),t99))),(((t49,((t51,t57),t3)),(t54,(t22,t91))),(((t76,t73),t62),(t45,(t74,t79))))),((((t96,t50),(t40,t94)),t67),((t60,t87),t92))),((((((t69,t26),t71),t10),((t9,t4),t29)),((((t21,t31),(t97,t56)),(((((t23,(t58,(t15,t88))),(t5,t84)),t86),t34),((t30,t53),t19))),(t18,(t64,(t83,t52))))),((((((t93,(t90,t78)),t8),t13),((t32,t95),(t81,t42))),((t37,((t27,t82),t11)),t14)),(t77,t63))))),(((((t43,t17),(t47,t2)),t72),(t100,t46)),((((t98,(t61,t16)),t33),t70),t75))),root);
data/SuperTripletsBenchmark/model-trees/model-78.nwk.model_tree	data/SuperTripletsBenchmark/source-trees/d25/k40/data-d25-k40-78_phybp-s0r.nwk.source_trees	2.473776340484619	2.0700000000000003	30	102	0.8484848484848485	30	102	0.8484848484848485	((((((t62,t88),(((((t34,((t16,t72),t26)),t3),(t12,t66)),t71),((t17,((t84,t55),t76)),t77))),(((((t25,t10),(t47,t9)),t2),t30),((((t7,t14),(t22,t42)),t13),((t97,t81),t6)))),(((((t35,t78),(t92,t37)),t61),((((t44,(t29,t53)),t21),t96),((t5,t33),t52))),((t4,(t75,t80)),((((t70,(t51,t19)),t87),t40),t48)))),((((((((t39,(t93,t23)),t41),t83),((t67,t99),(t82,t57))),((t11,t79),t27)),((((t38,t63),t85),t20),(((t50,(t28,t18)),t46),(t64,t73)))),((t8,t68),t86)),(((((((t56,t45),t43),(t54,t95)),t32),(((t90,t74),((t49,t89),t69)),((t15,t31),(t65,t98)))),t59),(((t58,(t60,t36)),((t24,t94),t100)),(t91,t1))))),root);
data/SuperTripletsBenchmark/model-trees/model-79.nwk.model_tree	data/SuperTripletsBenchmark/source-trees/d25/k40/data-d25-k40-79_phybp-s0r.nwk.source_trees	2.615961790084839	2.17	18	57	0.9090909090909091	18	57	0.9090909090909091	((((((((((((t44,t70),((((t47,t94),t60),t66),((t84,t76),t48))),(t22,t98)),((t50,t82),t25)),((t74,t39),(((t77,t31),(t83,t4)),t20))),((((t53,t68),(((t90,t46),t59),((t21,t72),t65))),((t61,t69),(t55,t17))),(t73,(((t34,t5),t78),t93)))),((((t8,t40),(t96,t33)),t81),(t56,t58))),((((t10,t36),t6),t45),t95)),(t64,t80)),(((((((t2,t88),t100),t41),t3),t29),((t23,(t91,t62)),(((t85,t14),t35),((t67,t63),t18)))),(((t7,t87),t52),(((t54,t37),((t97,t1),t71)),(t38,t19))))),(((((t26,t11),t24),(t49,(t86,t79))),(((t28,t15),t42),((t30,t99),(t13,t51)))),(((t12,(t92,t27)),((t75,t9),t43)),(((t57,t89),t16),t32)))),root);
data/SuperTripletsBenchmark/model-trees/model-80.nwk.model_tree	data/SuperTripletsBenchmark/source-trees/d25/k40/data-d25-k40-80_phybp-s0r.nwk.source_trees	2.5026824474334717	2.1100000000000003	16	92	0.9191919191919192	16	92	0.9191919191919192	((((((((t80,t16),(((((t33,(t92,t41)),(t60,(t100,(t58,t53)))),t55),((t22,t93),t86)),t61)),(((t63,(t56,t82)),((t18,(t50,t94)),t70)),(((t5,(t43,t11)),(t34,t49)),((t87,(t28,t64)),t99)))),(((((t39,t37),((t31,(t40,t51)),(t13,t3))),(((t46,(t65,t29)),t36),(t59,t52))),(t75,t14)),((t69,(t78,t17)),t24))),(((t74,t45),((t85,t38),t77)),((((t76,t57),((t35,t95),(t91,t66))),(t72,t19)),((t81,t48),(t8,t30))))),((((((t47,t2),t25),((t21,t1),t89)),(t9,t15)),((t26,t79),(t98,t42))),((((t97,t6),(t32,t90)),((t54,t96),(t10,t68))),((t83,t20),t62)))),((((t27,t23),(t12,t71)),t67),((((t84,t4),t7),t73),(t44,t88)))),root);
data/SuperTripletsBenchmark/model-trees/model-81.nwk.model_tree	data/SuperTripletsBenchmark/source-trees/d25/k40/data-d25-k40-81_phybp-s0r.nwk.source_trees	2.6069533824920654	2.15	36	170	0.8181818181818182	36	170	0.8181818181818182	(((((((t84,t93),(t41,t94)),(t57,t89)),(((((t61,t5),t55),((t7,(((t19,t36),t16),t79)),t23)),((((t100,t53),t73),t98),((t24,t83),(t49,t29)))),((t13,t46),t97))),((((((t86,(t81,t28)),(t34,t96)),((((t59,(t15,t70)),t44),t1),((t58,t88),t40))),t99),(((t18,t2),(t32,t68)),t42)),((((t27,t11),((t85,t9),t25)),((t72,(((t60,t39),t95),t35)),((t67,t17),t65))),((t47,t20),t76)))),((((((t62,t71),(((t75,t50),t43),(((t90,t87),t3),t33))),(t63,(t8,t48))),((((t92,(t80,t45)),(((t91,(t77,t38)),t31),(t4,t37))),t52),t14)),((((((t22,t21),t6),t56),t12),t74),((t10,t30),t51))),(((t69,((t26,t82),t78)),(t54,t64)),t66))),root);
data/SuperTripletsBenchmark/model-trees/model-82.nwk.model_tree	data/SuperTripletsBenchmark/source-trees/d25/k40/data-d25-k40-82_phybp-s0r.nwk.source_trees	2.4451966285705566	2.0300000000000002	26	161	0.8686868686868687	26	161	0.8686868686868687	(((((((((t84,t36),t30),(t59,t68)),((((t25,t20),(t12,t32)),t28),t50)),(t15,((t91,t79),(t92,t14)))),(((t87,((t81,t73),(t55,t48))),t52),(t44,t43))),((((t34,t75),t74),(((((t22,t33),t72),(t56,t77)),(t2,t88)),(t27,t37))),(((t85,t5),t41),t65))),(((((((((t9,t35),(t100,t26)),(t61,t21)),((t18,t47),t78)),(t80,(t1,t19))),(((t89,(t16,t82)),t63),(t60,t39))),((t31,(t8,t86)),((t23,t6),t45))),((((((t17,(t24,t98)),(t64,t29)),((t66,t70),t46)),(t51,((t83,t95),(t58,t71)))),t57),((((t93,t76),t11),t53),t69))),(((((t90,t3),t10),((t38,t4),((t42,t94),t96))),(t54,t49)),((t97,(t62,t40)),((t67,t99),(t7,t13)))))),root);
data/SuperTripletsBenchmark/model-trees/model-83.nwk.model_tree	data/SuperTripletsBenchmark/source-trees/d25/k40/data-d25-k40-83_phybp-s0r.nwk.source_trees	2.6860451698303223	2.1799999999999997	30	98	0.8484848484848485	30	98	0.8484848484848485	((((((((((((t43,t90),t66),t25),t19),((t93,t33),((t16,t53),(t65,t4)))),((t14,t17),(t97,(t86,t26)))),(t21,(t2,t78))),((t67,(t100,(t60,(t47,t94)))),t20)),((t42,(t56,t36)),t76)),((((t28,t88),(t40,t74)),(((((t7,t6),t85),t41),((t51,t1),t71)),((((t63,((t99,t82),t32)),t46),(t15,(t48,t45))),((t5,(t58,t11)),t23)))),((((t24,t83),t37),(t31,(t29,(t13,t73)))),((((t84,t98),t95),((t12,t3),((((t81,t22),t61),((t80,t10),t91)),t27))),(t69,(t59,(t9,t72))))))),((((t89,(t18,t35)),t30),t87),((((((t64,t79),t55),t38),((t96,t8),(t44,t34))),(((t92,t52),((t54,t62),t39)),((t75,t50),t70))),(t77,((t49,t68),t57))))),root);
data/SuperTripletsBenchmark/model-trees/model-84.nwk.model_tree	data/SuperTripletsBenchmark/source-trees/d25/k40/data-d25-k40-84_phybp-s0r.nwk.source_trees	2.470263719558716	2.06	34	359	0.8282828282828283	34	359	0.8282828282828283	((((((((((t61,t36),((t15,t90),t79)),t58),t37),((t84,t41),(((t81,t10),t53),((t97,t65),t48)))),(((t98,t82),t4),((t57,t17),t54))),((((t77,t35),(t18,(((t24,t26),t89),t40))),(((t47,t62),(((t76,t71),t44),(t86,t72))),(t94,t19))),(t50,t46))),(((t64,t14),t88),((t13,t6),(t38,(t60,t39))))),(((((((t31,t74),(t21,t23)),(t66,t3)),((t42,t11),t34)),(((t78,t63),t8),(t93,t99))),(((t29,t87),t69),t80)),((((t12,(t68,t1)),(((((t55,(t28,t51)),t92),(t27,t9)),(t75,t73)),t91)),(((t83,t2),((((t16,t70),t20),(t100,t33)),((t25,(t43,t59)),t32))),((t7,t22),(t67,t45)))),((t30,(t96,t95)),(((t85,t49),t56),(t5,t52)))))),root);
data/SuperTripletsBenchmark/model-trees/model-85.nwk.model_tree	data/SuperTripletsBenchmark/source-trees/d25/k40/data-d25-k40-85_phybp-s0r.nwk.source_trees	2.4578707218170166	2.05	20	112	0.898989898989899	20	112	0.898989898989899	((((((((t93,t66),t83),((t34,(t47,t88)),t50)),((t99,((t27,t17),t15)),t55)),(t8,(t32,t1))),(((((((t62,(t86,t6)),t54),((t74,t73),((t98,t52),t3))),((t18,t16),(t44,t67))),((((t28,t94),t31),t23),(t21,t39))),(((((t20,t63),(t14,t89)),((t64,t38),t2)),t78),(((t19,t79),((t76,t46),t60)),(((t10,t70),(t100,t82)),t77)))),(t11,((t29,(t65,t35)),(t25,(t92,t90)))))),(((((((t40,(t84,t49)),t33),(((t59,t4),t9),((t91,t71),t81))),(((t56,t5),t80),(t24,t26))),((t97,t51),(t61,t45))),((((t13,t37),(((t30,t53),t42),(t7,t41))),(t43,t22)),(t96,((t85,t68),(t95,t57))))),((t69,((((t75,t58),t48),t12),t87)),(t72,t36)))),root);
data/SuperTripletsBenchmark/model-trees/model-86.nwk.model_tree	data/SuperTripletsBenchmark/source-trees/d25/k40/data-d25-k40-86_phybp-s0r.nwk.source_trees	2.6278882026672363	2.11	12	57	0.9393939393939394	12	57	0.9393939393939394	((((((((((t18,t29),t24),((t94,(t28,t82)),(t42,t45))),((t52,t87),(t58,t1))),(t91,t17)),(((((t81,t33),t54),t74),t10),((((t13,t46),t83),(t70,t57)),t32))),(((t26,(t56,t100)),t35),((t84,t88),(t66,(((t25,t41),t21),t71))))),((((t40,t53),t65),t60),(((t67,t20),t90),((t8,(((t55,t49),t59),(t61,t5))),t79)))),((((((t97,t92),t64),(t22,t96)),(((((((t51,((t47,t31),t63)),t14),t19),t15),(t44,t73)),(((t7,t69),t43),(t77,t4))),(t80,t38))),((t12,t99),(t9,t6))),(((((t34,t93),t3),(t23,t86)),(((((t98,t62),(t50,t76)),(t16,t89)),(t2,t78)),(t27,t48))),(((t85,t39),(t75,t37)),((t11,(t30,t68)),(t72,(t95,t36))))))),root);
data/SuperTripletsBenchmark/model-trees/model-87.nwk.model_tree	data/SuperTripletsBenchmark/source-trees/d25/k40/data-d25-k40-87_phybp-s0r.nwk.source_trees	2.6113479137420654	2.1999999999999997	22	45	0.8888888888888888	22	45	0.8888888888888888	((((((((((t49,((t58,t17),t87)),(t3,t70)),((((t13,(t7,t43)),t5),(t32,t20)),(t44,t92))),((t29,t99),((t96,t66),t81))),(t94,((t80,t38),((t71,t36),t68)))),((((((t88,(t24,t83)),t34),(((t97,t65),t14),t100)),((t4,t78),((t16,(t64,((t56,t12),t98))),t2))),((((t21,t89),t40),(t33,t26)),t45)),(((t52,t48),(t25,t95)),t23))),(((t50,t51),(t79,(t22,t77))),(((((t42,(t55,t6)),t76),(t90,t31)),t41),(t75,t62)))),((t93,t86),((t27,(t28,t8)),((t39,(t61,t53)),t60)))),(((((((t18,t1),t19),t73),t15),t37),(((t59,t63),t47),(((t91,t82),((t84,t11),t57)),(t10,t72)))),(((((t67,t30),(t69,t9)),t85),t35),(t54,(t46,t74))))),root);
data/SuperTripletsBenchmark/model-trees/model-88.nwk.model_tree	data/SuperTripletsBenchmark/source-trees/d25/k40/data-d25-k40-88_phybp-s0r.nwk.source_trees	2.4809224605560303	2.09	24	81	0.8787878787878788	24	81	0.8787878787878788	(((((((((t14,(t15,t72)),((t56,t5),t38)),(t26,t70)),((((((((t100,t35),t65),t40),((t34,t20),t82)),(t3,t71)),t91),((((t47,(t2,t46)),(t50,(t19,t57))),(t77,t29)),t75)),(t58,((t95,(t52,t73)),((t43,(t6,t79)),(t54,t36)))))),((((t69,t90),(t81,t92)),(t41,(t93,t63))),((((t27,t23),t74),((t13,(t42,t94)),t44)),t78))),(((t32,t55),(t7,t59)),t66)),(((t84,((t9,t11),(t61,t30))),((t83,(t12,t37)),t60)),((t67,t68),t99))),(((((t98,t31),t22),(((t28,t8),(t62,t53)),t87)),(((t97,t89),t76),(((t48,t51),((t64,t33),t80)),t10))),(((((t4,t39),t85),(t86,t1)),(t18,t45)),((t96,(t24,t25)),(((t16,t17),(t49,t88)),t21))))),root);
data/SuperTripletsBenchmark/model-trees/model-89.nwk.model_tree	data/SuperTripletsBenchmark/source-trees/d25/k40/data-d25-k40-89_phybp-s0r.nwk.source_trees	2.4799435138702393	2.03	14	64	0.9292929292929293	14	64	0.9292929292929293	((((((t5,((t8,t59),t63)),(((((t69,t52),t46),(t18,(t9,t78))),(t77,t94)),t74)),(((t73,((t65,t16),t38)),(t56,t35)),(((t82,t79),((t99,t87),t34)),(t80,t25)))),(((((t43,t76),t61),t37),((t48,t72),((t42,t17),t86))),(((t98,t55),(t7,t31)),((t23,t1),t71)))),(((((((t64,t11),t33),t44),((t36,(t32,t3)),((t49,t26),(t93,t4)))),((((t22,t58),((t29,t53),t54)),((t27,t10),t40)),(((t15,t41),(t91,t57)),(((t81,t21),t13),(t14,t67))))),(((t60,t45),(t24,t88)),(t75,t85))),((((((t95,(t47,t6)),t100),(((t12,t20),t50),t90)),(((t84,t70),t89),t68)),((t92,t19),(t62,(t28,t83)))),(((t97,t66),t51),((t30,t39),(t96,t2)))))),root);
data/SuperTripletsBenchmark/model-trees/model-90.nwk.model_tree	data/SuperTripletsBenchmark/source-trees/d25/k40/data-d25-k40-90_phybp-s0r.nwk.source_trees	2.467909574508667	2.08	24	196	0.8787878787878788	24	196	0.8787878787878788	(((((((t27,t14),((t35,t89),(t46,t45))),((((t7,(t97,t9)),(t39,t88)),((t66,((t31,t78),t61)),t51)),t83)),(((t59,t90),t6),(((((t50,t91),t3),t24),t30),(t5,(t15,t87))))),(((((((t44,t76),t28),(t47,t37)),t34),t58),(t38,(t96,t68))),(((t48,t57),t8),(t16,t20)))),((((((((((t22,t23),t71),t17),(t54,t82)),((t25,t99),t81)),(((t100,t74),(t93,t4)),t80)),((t67,t95),t21)),(((((t65,t49),t79),t94),t36),((t75,t13),((t2,t41),t92)))),((((((t86,t29),(t26,t72)),t62),t70),((t64,t11),(t53,t1))),((t84,t40),((t69,t19),t85)))),(((t18,t32),((((t52,t73),t12),(t42,t55)),t43)),((t60,t63),(((t56,t33),t10),(t98,t77)))))),root);
data/SuperTripletsBenchmark/model-trees/model-91.nwk.model_tree	data/SuperTripletsBenchmark/source-trees/d25/k40/data-d25-k40-91_phybp-s0r.nwk.source_trees	2.6139543056488037	2.16	18	153	0.9090909090909091	18	153	0.9090909090909091	(((((t25,((t2,t10),t90)),((t18,(t81,t35)),t11)),(((((t9,t74),(t92,t16)),t75),(t85,t29)),((t69,t87),(t44,(t64,t51))))),(((((((((t14,t57),t66),t41),t56),t1),((t46,(t42,t79)),(t31,((t8,t49),t60)))),((((t63,(t80,t78)),t67),t30),(t7,t3))),((t65,((t83,(t76,t70)),(t43,t53))),(t77,t88))),((((t26,(t54,t19)),(((t73,(t45,t37)),((t47,t13),t38)),(t50,t6))),(((t27,t84),t17),((t61,t15),(t62,t52)))),(((t100,(t23,t72)),((((t96,t48),t68),t32),(((((((t5,t58),t36),t24),(t98,t33)),(t55,t94)),(t21,t20)),(t12,t99)))),(((t97,t39),((t59,(t22,t86)),t34)),(((t93,t91),t82),((t95,t89),((t4,t71),(t28,t40))))))))),root);
data/SuperTripletsBenchmark/model-trees/model-92.nwk.model_tree	data/SuperTripletsBenchmark/source-trees/d25/k40/data-d25-k40-92_phybp-s0r.nwk.source_trees	2.4202706813812256	2.05	24	235	0.8787878787878788	24	235	0.8787878787878788	(((((((((t9,t20),(t58,t93)),t75),((t92,t21),(t33,t82))),(((t97,((t8,t73),t4)),((t32,t19),t36)),(t7,(t62,t72)))),((((t80,(t94,t17)),((t24,(t67,t41)),t10)),((t54,t91),(t44,t39))),((t52,t87),((((t84,t35),t70),t51),(t13,t66))))),((((t42,(t71,(t25,t74))),(t40,t31)),((((t23,t37),t61),(t15,t89)),(t69,t29))),(((((((t83,t11),t65),t88),t48),(t30,t78)),t85),((t43,t45),t27)))),(((((t26,t53),(t47,t55)),(t14,(t56,t2))),(((t76,t38),((t49,(t86,(t34,t81))),(t28,t98))),((((t22,t3),t12),(t59,t63)),(t100,(t18,t50))))),((((t99,(t96,(t90,t1))),((t46,t57),t77)),(((t60,t6),t68),(t64,t95))),(t5,(t16,t79))))),root);
data/SuperTripletsBenchmark/model-trees/model-93.nwk.model_tree	data/SuperTripletsBenchmark/source-trees/d25/k40/data-d25-k40-93_phybp-s0r.nwk.source_trees	2.4279098510742188	2.0300000000000002	36	172	0.8181818181818182	36	172	0.8181818181818182	(((((((((t7,t27),(t3,t99)),(t44,t86)),((((t24,t4),(t8,t51)),(t40,t60)),((t77,t63),(t34,t32)))),((((t30,t41),(t93,t13)),(t84,t87)),((t65,t17),t53))),((((((t31,t95),t59),(t46,(t42,t78))),((((t52,t35),(t10,t88)),t39),((t83,t70),t55))),((t56,t58),(t81,t38))),(((t9,t79),(t54,t82)),(((t97,t73),(t69,((t98,t33),t61))),(t48,t94))))),(((((t12,t90),t74),(t43,(t47,t89))),(((t62,t49),t25),t67)),(((((t75,t20),(t64,t96)),t19),((t22,t2),t85)),((t80,t76),t29)))),(((((t5,t14),t71),(t50,t45)),(t6,t68)),((((t72,t57),(t91,t26)),((((t100,t11),(t16,t36)),t66),t21)),(((t15,t37),(t28,t18)),((t23,t1),t92))))),root);
data/SuperTripletsBenchmark/model-trees/model-94.nwk.model_tree	data/SuperTripletsBenchmark/source-trees/d25/k40/data-d25-k40-94_phybp-s0r.nwk.source_trees	2.585263729095459	2.13	20	99	0.898989898989899	20	99	0.898989898989899	(((((((((t15,t60),t13),(t81,t45)),(((t92,t37),t76),(t9,t19))),(((t32,(t34,t36)),t42),(t44,t5))),((((((t75,t24),t95),t22),t48),((((t18,t93),t31),t57),((t100,t26),(t38,t33)))),(t12,t99))),((((((t40,t89),(t10,t29)),t94),((((((t7,t49),t83),t96),((t97,t87),((t58,t17),t54))),(t66,((t67,t90),t8))),((t77,t71),t53))),((((((t55,t30),t20),t11),(t47,t21)),(t84,(t74,t73))),t85)),((t16,t86),t82))),(((((((t78,(t56,t63)),(t79,(t52,t35))),((t51,t72),t80)),((t27,t68),(t43,t50))),(((((t70,(t4,t39)),((t46,t1),t6)),(t28,(t23,t41))),(t64,t3)),t65)),((t25,(t61,t62)),t88)),(((t69,t59),t14),((t91,t2),t98)))),root);
data/SuperTripletsBenchmark/model-trees/model-95.nwk.model_tree	data/SuperTripletsBenchmark/source-trees/d25/k40/data-d25-k40-95_phybp-s0r.nwk.source_trees	2.44659161567688	2.09	6	60	0.9696969696969697	6	60	0.9696969696969697	((((((((t34,t23),t89),(t11,t88)),(t47,(t40,t4))),((t10,t67),t53)),((((((t22,t5),((t70,t57),t17)),t24),(t48,t1)),(t29,(t93,t74))),t91)),((((((((((t32,(t9,t15)),t92),t99),((((t97,(t50,t31)),(t69,t100)),(t42,t49)),((t12,t98),t37))),(t44,((t8,t94),((t66,t19),t21)))),(((t68,(t83,t18)),t16),(t95,(t56,t61)))),((t62,t36),(((t28,t86),t85),t78))),((t38,t87),(t27,t30))),((((((t14,((t75,t73),t41)),((t35,t51),t46)),(((t84,t72),t7),((t58,t39),t71))),(t59,(t80,t52))),(t26,(t13,t79))),(t65,(t25,((t43,t20),t76))))),(((((t55,t3),t2),(t64,t45)),(t81,t90)),((((t96,(t54,t77)),t33),t60),((t6,t63),t82))))),root);
data/SuperTripletsBenchmark/model-trees/model-96.nwk.model_tree	data/SuperTripletsBenchmark/source-trees/d25/k40/data-d25-k40-96_phybp-s0r.nwk.source_trees	2.60740327835083	2.19	6	61	0.9696969696969697	6	61	0.9696969696969697	((((((((t48,(t97,((t54,t31),(t81,t49)))),(t8,(t16,t57))),t41),(((t2,(t83,t51)),((t11,(t100,t90)),t64)),((t30,((t18,t86),t56)),(t25,t82)))),((((t55,t39),(t75,t1)),t53),((t7,t50),((((t28,t45),t65),t26),(((t91,t89),t10),t77))))),((((((((t42,t59),(t92,t76)),(t60,(t98,t78))),(t6,t29)),(((t21,t52),((t80,t17),t58)),((t15,t71),(((t20,(t5,(t61,t3))),(t43,t13)),(t85,t35))))),((((t99,t68),(t12,t63)),t93),(t44,(t84,t67)))),(((t46,t36),t94),t24)),(((t69,t19),t87),t40))),((((t47,(t22,t33)),(((t27,t38),t72),t73)),((t62,t4),(((((t66,t88),t74),t34),t14),(t96,t70)))),((t32,(t95,(t9,t79))),(t23,t37)))),root);
data/SuperTripletsBenchmark/model-trees/model-97.nwk.model_tree	data/SuperTripletsBenchmark/source-trees/d25/k40/data-d25-k40-97_phybp-s0r.nwk.source_trees	2.4766058921813965	2.08	38	195	0.8080808080808081	38	195	0.8080808080808081	((((((((((((t13,t17),t26),t41),t23),t25),((t75,t42),t48)),(((t32,t88),t52),((t58,t59),t35))),(((t44,(t31,(t63,t36))),(t12,t95)),((t5,(t62,t82)),t66))),(((t71,t89),t46),t49)),(((((t61,t9),(t84,t86)),t34),(((t55,t11),t76),((((t96,t6),t99),t80),(t92,t3)))),(((t22,(t98,t90)),t74),((t30,t53),t27)))),((((t93,t100),((t77,t37),t28)),((((t24,t40),t54),t68),t94)),((((((t51,t39),t91),(t73,((t83,t57),(t56,t81)))),((t65,(t14,t87)),t29)),(((((t15,t1),((t2,t78),((t64,t47),t19))),(t85,t4)),(t7,t8)),(t20,t60))),((((t33,t70),t43),((t38,t72),(((((t69,t67),t45),t10),t50),(t97,t18)))),(t79,(t21,t16)))))),root);
data/SuperTripletsBenchmark/model-trees/model-98.nwk.model_tree	data/SuperTripletsBenchmark/source-trees/d25/k40/data-d25-k40-98_phybp-s0r.nwk.source_trees	2.541182041168213	2.1100000000000003	16	166	0.9191919191919192	16	166	0.9191919191919192	((((((((t23,(t52,t79)),(t85,t27)),((t20,t45),t36)),((t40,(t9,t86)),((((t77,t57),(t35,t19)),(t5,t66)),t90))),((t10,(t7,t96)),(((t39,t88),(t80,t70)),(((t75,t33),t56),(((((t50,t53),t59),t64),t8),(((t62,t26),t73),t4)))))),(((((t98,t100),t95),t60),(t91,t46)),(((t41,(t28,t76)),t82),t24))),(((((t84,t16),(t6,(t34,t17))),(t97,t25)),((((t68,t11),t61),(t43,t22)),(t81,t32))),((((t78,(t21,((t44,t38),t58))),((((t92,t67),t13),((t15,(t54,t87)),((t14,((t12,t49),t47)),(t99,t37)))),((t69,t71),(t42,t94)))),((t29,t1),(t83,t30))),((((t93,t72),t89),t18),((((t2,(t3,t74)),t65),(t63,(t55,t51))),(t31,t48)))))),root);
data/SuperTripletsBenchmark/model-trees/model-99.nwk.model_tree	data/SuperTripletsBenchmark/source-trees/d25/k40/data-d25-k40-99_phybp-s0r.nwk.source_trees	2.376132011413574	2.0300000000000002	28	266	0.8585858585858586	28	266	0.8585858585858586	((((((((t58,t52),t66),t9),(((((t43,t5),t8),t55),((t86,t60),(t83,t39))),(((t96,(t65,t85)),(t100,(t47,t87))),((t42,t72),t40)))),((t63,t89),(t16,(t28,t45)))),((((t97,(t71,t88)),(t7,t36)),(t93,(t75,t12))),((((t37,(t41,t29)),(t30,t68)),(t64,t33)),(t17,(t98,t31))))),((((((((t27,t62),t53),t2),t57),(t38,t73)),((t69,(t90,t79)),t34)),((t80,t94),((t25,t99),(t20,t48)))),(((((t35,t82),(((t77,t26),t23),(t92,t74))),(t24,t70)),(((((t13,t46),(t50,t32)),t59),t15),t67)),(((((t6,(t3,(t54,t95))),(((t56,t10),t78),t22)),((t11,(t18,t4)),((((t81,t19),t61),((t14,t49),t51)),(t44,t1)))),t84),((t21,t91),t76))))),root);
data/SuperTripletsBenchmark/model-trees/model-100.nwk.model_tree	data/SuperTripletsBenchmark/source-trees/d25/k40/data-d25-k40-100_phybp-s0r.nwk.source_trees	2.747480630874634	2.27	26	132	0.8686868686868687	26	132	0.8686868686868687	((((((((((t21,t2),(t92,t78)),((t58,t15),(t7,t74))),((((t16,(t69,t59)),t66),(t6,t88)),(t86,t82))),((((t68,t89),(t1,t36)),(t55,t94)),((t29,t45),((t63,t53),(t32,t79))))),(t54,(t27,t77))),(((((t47,t9),(t43,t84)),t12),(((t8,t62),(((t76,t73),t61),t90)),(((t10,t99),t87),t64))),(((((t46,t72),(t40,t48)),((t34,((t97,t11),t71)),t14)),(((t65,t18),t38),t24)),(t56,(t51,t19))))),((((((t85,t50),((t81,t98),t4)),t83),(t42,t91)),((t96,t20),(t23,t52))),(((t30,t60),(((t35,t17),t93),(t33,t70))),(((t100,(t28,t13)),((t25,t39),t67)),t41)))),(((((t80,t31),t75),(t95,(t3,t49))),((t5,t37),(t44,t22))),(t26,t57))),root);
