data/SuperTripletsBenchmark/model-trees/model-1.nwk.model_tree	data/SuperTripletsBenchmark/source-trees/d50/k30/data-d50-k30-1_phybp-s0r.nwk.source_trees	1.9819648265838623	1.62	(((((((((t50,t78),t98),t6),(t33,t35)),(((((t5,t11),t79),t93),t44),(t12,t41))),((((t54,t87),t97),(((t31,t72),(t55,(t84,t16))),(((t4,t95),((t85,t96),t94)),(((t80,t70),t42),((t18,t53),t19))))),(t92,t49))),(((t57,(t59,(t91,t60))),(((t27,t23),((t65,t10),t37)),t76)),((t2,t73),((t8,t99),((t24,t45),t25))))),((((((((t15,t36),t7),t22),t82),t89),(((((t17,(t9,t88)),(t74,(t51,t1))),((t86,t52),t32)),((t56,t20),t46)),(t90,t30))),((((t63,(t61,t40)),(t77,(t81,t66))),((t83,t14),t13)),t34)),(((((t100,t26),t47),((t67,t68),t29)),(t69,((t75,t71),t58))),((((t28,t3),t48),(t21,t62)),(((t64,t38),t43),t39))))),root);
data/SuperTripletsBenchmark/model-trees/model-2.nwk.model_tree	data/SuperTripletsBenchmark/source-trees/d50/k30/data-d50-k30-2_phybp-s0r.nwk.source_trees	2.1111574172973633	1.6700000000000002	((((((((t47,t3),(t59,t29)),(t61,t23)),((((t93,t88),(t81,t45)),t54),(t76,t48))),((((t73,t16,t40),t8),((t43,t89),(t46,t94))),(t86,(t4,((t31,(t50,(t70,t63))),t60))))),(((((t11,(t91,t33)),(t75,t64)),(t7,t2)),t30),t49)),((((((t39,t1),(t27,t95)),(((t26,t53),t68),t97)),(((((t15,t41),((t24,t66),t78)),((t56,t19),t99)),(t98,t10)),((t62,t37),t28))),(t52,((t20,t74),t25))),((((((t87,(t34,t80)),t22),t51),t14),(((t5,((t18,t42),(t77,t38))),((t69,t21),(t71,t17))),t57)),(((((t12,(((((t32,(t65,t6)),t83),(t44,t9,t35)),t84),t13)),(t85,t58)),t92),t82),((((t79,t36),(t67,t90)),t55),((t96,t100),t72)))))),root);
data/SuperTripletsBenchmark/model-trees/model-3.nwk.model_tree	data/SuperTripletsBenchmark/source-trees/d50/k30/data-d50-k30-3_phybp-s0r.nwk.source_trees	1.9302997589111328	1.58	(((((((t13,((t54,t74),t3)),(((t97,t4),(t6,t19)),(t85,t26))),t60),((((t10,(t61,t94)),(t62,(t43,t51))),(((t81,t9),t84),t22)),(t86,t48))),(((t64,t47),(t58,t52)),((((t100,t46),t15),(t30,(t93,t77))),(t5,t69)))),((((((((t2,t67),t72),(t35,t79)),(t99,(t21,t76))),t49),((t66,(t75,t32)),t63)),(((((((t68,t73),(t33,t70)),(t18,(t92,t88))),(((((t91,t90),t14),(t28,t82)),(t44,t29)),t8)),(t56,t23)),t42),(t50,t45))),((((((t38,t89),t83),t40),t20),((t7,t80),(t37,t57))),((((((t1,t17),(t59,t25)),(t65,t95)),((((t96,t41),t27),(t53,t36)),t12)),(((t31,t87),t16),(t24,t98))),(((t34,t55),t39),((t11,t71),t78)))))),root);
data/SuperTripletsBenchmark/model-trees/model-4.nwk.model_tree	data/SuperTripletsBenchmark/source-trees/d50/k30/data-d50-k30-4_phybp-s0r.nwk.source_trees	2.0543720722198486	1.6500000000000001	(((((((((((t90,t17),(t81,t57)),((t54,t21),(t28,t82))),((t44,t76),((((t23,t6),t89),t13),t94))),((t84,t67),t12)),((((((t59,(t86,t74)),t49),t53),(t15,t45)),(((t98,t2),(t31,(t25,t55))),(t85,t48))),((t29,(t38,t87)),t14))),(t96,(t43,t64))),((((t69,t68),(t75,t77)),(t42,t95)),(t92,t39))),(((t9,((t7,(t70,(t83,t22))),t80)),(t61,t4)),t65)),((((((t47,t91),((t51,t72),(((t18,t40),t20),t71))),((t8,t100),t24)),((((((t63,t73),(t58,t3)),t93),t10),t11),((t16,t52),t56))),((((t46,t99),t78),t36),t32)),((((((t41,t33),t37),t30),t88),(((t97,(t35,t26)),(t5,t19)),t34)),((t1,t79),((t50,t62),((t66,t60),t27)))))),root);
data/SuperTripletsBenchmark/model-trees/model-5.nwk.model_tree	data/SuperTripletsBenchmark/source-trees/d50/k30/data-d50-k30-5_phybp-s0r.nwk.source_trees	2.078583240509033	1.7	((((((((t85,(t23,t29)),t99),(((t6,t88),t86),t2)),(((((t69,t80),((t59,t41),(t34,t71))),(((((t28,t11),t83),(t44,t50)),(t40,t1)),(t72,(t91,t82)))),t51),t33)),(((((t94,t17),(t15,t57)),(t64,t21)),(t49,(t55,t63))),(((((t74,t37),t67),t87),(t66,t35)),t7))),((((t43,t52),t24),(((t97,t36),t46),t56)),((t60,((t61,t16),t27)),((((((t42,t76),t77),t45),t79),((((t14,t19),(t32,t31)),t95),((t12,t26),(t70,t73)))),((t9,t90),(t65,t10)))))),(((((((((t18,t4,t48),t22),t98),t93),t13),(t58,(t89,(t96,t47)))),(t39,t68)),((((t5,t8),t62),(t100,(t20,t78))),(((t84,t25),t30),t81))),(t3,(t54,(((t38,t53),t75),t92))))),root);
data/SuperTripletsBenchmark/model-trees/model-6.nwk.model_tree	data/SuperTripletsBenchmark/source-trees/d50/k30/data-d50-k30-6_phybp-s0r.nwk.source_trees	2.105295419692993	1.67	((((((t29,t57),(t7,t70)),(((t69,((t84,t59),t55)),t22),(t97,t67))),((((((t51,(t1,t45)),t90),t89),(t96,t66)),((t93,((((t43,t99),t95),t77),(t92,t28))),t80)),((((((t23,(t61,t30)),t85),t24),((t47,(t27,t91)),((t83,t73),(t34,t13)))),(t12,t53)),(t42,t100)))),((((((t86,t87),(t18,t20)),((t58,t72),t65)),(((t52,t68),(t81,t39)),t3)),(((((t76,t4),(t5,t79)),(t21,t33)),((t17,(t31,t63)),((t15,t36),(((t54,t46),(t62,t19)),t32)))),(t8,t49))),((((((((t56,t88),t35),t71),(t26,t37)),((t10,t2),t6)),((((t9,t74),t94),t48),t38)),((((t78,t11),t40),t64),t75)),(((t16,t82),(((t50,t41),(t98,t25)),t44)),(t14,t60))))),root);
data/SuperTripletsBenchmark/model-trees/model-7.nwk.model_tree	data/SuperTripletsBenchmark/source-trees/d50/k30/data-d50-k30-7_phybp-s0r.nwk.source_trees	1.921048879623413	1.55	(((((((t7,t17),t16),t53),(((((t80,((t99,t37),((t83,t5),(t27,t47)))),((t91,(((t14,t63),t77),t96)),t38)),(t76,((t21,t19),(t85,t73)))),((t39,t79),t95)),(((t32,t100),(((((t33,(t54,t48)),((t34,t86),t13)),(t59,t67)),t25),t43)),((((t50,t15),t8),t49),((t42,t82),t4))))),((t69,(((t66,t52),t2),t94)),((t75,((t97,t23),t31)),((t20,t60),t56)))),(((((((t26,(t44,t74)),(t65,t98)),((t40,(t11,t89)),((t84,t10),t12))),(((t24,t9),(t71,((t81,t61),t90))),(t1,t36))),(t88,(t6,t70))),(((((t41,t78),t45),t28),(((t29,t72),t92),t55)),((t87,(t64,t68)),t51))),((((t18,t35),(t93,(t58,t3))),(((t30,t46),t57),t62)),t22))),root);
data/SuperTripletsBenchmark/model-trees/model-8.nwk.model_tree	data/SuperTripletsBenchmark/source-trees/d50/k30/data-d50-k30-8_phybp-s0r.nwk.source_trees	2.073978900909424	1.6400000000000001	((((((((((((((t61,t20),t29),t79),t73),(t31,t46)),(t85,t84)),t37),(((t10,t35),t64),(t93,t90,t27))),t39),(t47,(((t63,(t16,t57)),t48),t68))),(((t44,((t60,(t98,t77)),((t14,t94),t80))),(t33,(t91,t23))),(t21,t45))),(((((((((t40,t52),t53),t42),(t56,t26)),(t4,t87)),t43),((t12,t55),t7)),(((((t97,t100),t17),(t69,t30)),((((t9,t11),(t75,t54)),(t88,(t22,t3))),t86)),t95)),((((((t8,t19),t99),(t34,t71)),(((t92,t89),t1),t67)),(((t2,t49),((t25,t13),(t58,t72))),t62)),((t66,(t96,t6)),t36)))),((((((t15,(t24,t76)),(t38,t74)),(t65,t28)),(t81,(t41,t70))),(t5,t32)),(t18,(t78,((t83,t82),(t50,(t59,t51))))))),root);
data/SuperTripletsBenchmark/model-trees/model-9.nwk.model_tree	data/SuperTripletsBenchmark/source-trees/d50/k30/data-d50-k30-9_phybp-s0r.nwk.source_trees	1.924877643585205	1.57	((((((((t20,t72),((t33,((t7,t41),t95)),(t92,t99))),((t75,t85),((t42,t62),t79))),((((((t68,t89),t63),t88),((t100,t6),(t16,t23))),(t66,t45)),(t93,t49))),(((t10,t26),(t81,t98)),((t22,t13),t3))),((((t46,((t56,t24),t90)),t14),((t21,t70),((t96,(t86,t94)),(t84,t38)))),(((t97,t64),(t83,(t58,(t65,t4)))),(t50,t17)))),((((((((t5,t71),((t8,t91),t37)),((t76,t51),t39)),(((t9,t73),(t31,t53)),t48)),(((((((t54,t47),t74),((t35,t57),t60)),(t43,t77)),((((t80,t32),t27),t30),t34)),t69),(t40,t36))),(((t59,t2),t44),(t78,t1))),(((t55,t19),(t12,t18)),t28)),(((t29,(t61,t52)),((t15,t87),t82)),((t67,t11),t25)))),root);
data/SuperTripletsBenchmark/model-trees/model-10.nwk.model_tree	data/SuperTripletsBenchmark/source-trees/d50/k30/data-d50-k30-10_phybp-s0r.nwk.source_trees	2.043868064880371	1.66	(((((((((t94,(t8,t91)),(t77,t70)),(t12,((((t84,t74),t59),t53),(t24,t63)))),((((t60,t82),t1),(t34,(t56,t9))),((t20,t17),t3))),(((((t72,t36),t90),((t44,t49),(t23,(t75,t87)))),(((t93,t57),t71),(t83,t47))),(t16,t25))),(((t18,t11),t19),(((((t55,t95),t15),(t27,t79)),t2),(((t81,t31),((t80,t41),t4)),(((t30,t89),((t35,t39),t65)),(((t5,t14),t29),(t92,t61))))))),(((((t86,(t43,t66)),(t67,t26)),(t21,t38)),(((t69,t50),t6),(t22,t76))),(((t85,((t28,t48),(t78,t88))),t62),(((t97,t33),t73),t68)))),(((((t100,(t54,t42)),(t7,t64)),((t40,t46),(t32,t37))),t58),(((t13,t51),(((t98,t52),t99),t10)),(t96,t45)))),root);
data/SuperTripletsBenchmark/model-trees/model-11.nwk.model_tree	data/SuperTripletsBenchmark/source-trees/d50/k30/data-d50-k30-11_phybp-s0r.nwk.source_trees	2.0126335620880127	1.6400000000000001	((((((((t6,(t9,t86)),(t98,t91)),(t76,t94)),(t21,(t14,t63))),t96),(((t65,t37),(t26,(((t40,t78),t36),(t58,t35)))),((t75,t92),(t43,t71)))),((((((((t13,t79),(t23,(t66,t82))),((((t48,t39),((t3,t49),t52)),t97),t27)),((t100,t2),((((t5,t89),t64),t46),(t30,t19)))),((t62,t72),(t85,t57))),(((t24,t38),((t18,(t8,t32)),((t1,t45),(t28,t50)))),((t33,t99),t34))),((((((t60,t68),((t59,t16),t54)),t84),(t11,(((t12,t41),t77),t15))),(((t70,(t44,t95)),(t93,t4)),(t17,(t10,t31)))),(((t80,t20),t53),(t87,(t56,t61))))),(((((t74,t29),(t51,t73)),t22),((t7,t42),(t83,(t90,(t81,t67))))),((t47,t25),((t69,t88),t55))))),root);
data/SuperTripletsBenchmark/model-trees/model-12.nwk.model_tree	data/SuperTripletsBenchmark/source-trees/d50/k30/data-d50-k30-12_phybp-s0r.nwk.source_trees	1.929032564163208	1.58	((((((((((((t12,t4),t16),(t18,(t41,t72,t34))),(t63,t79)),t37),((t65,t49),(t15,t73))),t52),((((((t28,t100),t23),(t46,(t56,t54))),((t5,t2),t50)),(t43,t88)),(t62,t82))),(((t20,t30),t1),t44)),(((((t24,t80),t13),(((t11,(t21,t36)),(((t75,t89),(t31,t35)),(t61,t83))),t26)),((t86,t29),(t8,t91))),(t74,((t97,t84),t67)))),(((((((t33,(t48,t95)),(t14,(t10,t51))),(((t93,t77),t78),((t47,t59),t9))),((t25,t40),((t58,t66),(t22,(t64,t90))))),(t85,t32)),((((t99,(t55,t3)),((t70,t53),((t81,t38),t39))),(t42,t68)),t94)),((((((t98,(t27,t71)),t76),t45),t57),(((t87,t17),(t69,t60)),(t96,t19))),((t7,t6),t92)))),root);
data/SuperTripletsBenchmark/model-trees/model-13.nwk.model_tree	data/SuperTripletsBenchmark/source-trees/d50/k30/data-d50-k30-13_phybp-s0r.nwk.source_trees	2.079807996749878	1.66	((((((((t27,t93),(t41,t48)),(t61,t51)),((t97,t45),t54)),(((t2,(t63,t82)),(t96,t60)),((t12,t17),(t49,(t43,t99))))),((((((((t7,t37),(t44,t86)),(((t15,t88),t50),t10)),((t59,t40),(t23,t19))),t64),(((t69,t57),t28),((t58,t46),t25))),(t13,((t22,t5),t16))),((((t85,t4),t9),(t34,t65)),((t75,t21),((t52,t3),t95))))),((((((t84,t6),(t90,t53)),((t89,((t98,t1),t68)),(t76,t33))),((t55,t36),(t39,((((t92,t32),t56),t14),t30)))),((((t91,t72),(t8,t71)),((t70,t29),t74)),((t20,(t62,t94)),t73))),((((((t80,t100),t31),t11),t81),((((((t47,t35),t26),t24),(((t18,t67),t87),t66)),(t38,t79)),(t78,(t42,t77)))),t83))),root);
data/SuperTripletsBenchmark/model-trees/model-14.nwk.model_tree	data/SuperTripletsBenchmark/source-trees/d50/k30/data-d50-k30-14_phybp-s0r.nwk.source_trees	2.064199447631836	1.66	((((((((t11,t45),t1),((t41,(t22,t82)),t88)),t55),(((t93,t79),(((t80,t39),t14),t21)),(t32,t20))),((((t71,t89),t57),t92),(t42,t78))),((((((((((t35,t74),t13),t75),(((((t27,t30),(t59,t70)),(t5,t66)),(t10,t99)),(((t58,t48),((t85,t29),t9)),t73))),(((t56,(t67,(t43,t36))),t68),(((((((t38,t26),t47),(t91,t94)),t100),(t54,t18)),t15),(t44,t6)))),((t69,(t34,t60)),t3)),t83),((t17,(t33,t72)),t90)),((t87,((t98,(t46,(t61,t2))),t81)),((((t4,t37),t84),((t53,t95),t64)),(t50,t62)))),((((((((t97,t8,t19),t7),t96),t24),t40),((t77,t51),(t49,(t76,t86)))),(((t12,t31),t16),t28)),(((t23,t63),t52),(t65,t25))))),root);
data/SuperTripletsBenchmark/model-trees/model-15.nwk.model_tree	data/SuperTripletsBenchmark/source-trees/d50/k30/data-d50-k30-15_phybp-s0r.nwk.source_trees	2.0121965408325195	1.62	((((((((((t12,t87),(t72,t82)),((((t21,t71),t56),((t22,t23),t9)),t63)),(t65,t86)),(((t5,(t33,(t59,t1))),t75),(t92,t25))),((((t62,(t77,t48)),t85),(((t95,t36),t68),t54)),((t7,t30),(t47,t35)))),((t18,(t11,t19)),((t84,t17),t27))),(((t44,(t20,(t60,(t93,t37)))),t94),(t14,(t28,t32)))),(((((((t42,t15),(t4,t79)),((t38,(t97,t64)),((t2,t55),(t31,t78)))),t57),((((t73,(t91,t90)),(((t6,t89),t46),((t8,t40),t13))),((t45,(t61,t39)),((t43,t66),t16))),(((t96,t50),(t52,t26)),(((t24,t100),(t49,t88)),((t98,(t67,t51)),t58))))),((t10,t74),t81)),((t41,(t70,(t76,t99))),(((t3,(t69,(t80,t29))),(t34,t53)),t83)))),root);
data/SuperTripletsBenchmark/model-trees/model-16.nwk.model_tree	data/SuperTripletsBenchmark/source-trees/d50/k30/data-d50-k30-16_phybp-s0r.nwk.source_trees	1.9512736797332764	1.61	(((((((t70,t68),t37),(((t88,((t34,t33),t76)),(t94,t36)),(t61,(t85,t32)))),(((((t95,(t28,t77)),t4),(t60,t45)),((t25,t35),t12)),t69)),(((((t100,t17),t75),((((t31,(t30,(t7,t29))),t14),(t18,t80)),t96)),((((((t13,(t64,t73)),t71),(t67,t90)),(t50,(t41,t74))),(t93,(t55,t3))),(((t78,t11),t2),t38))),(((t65,t84),(t44,t58)),t15))),((((((t22,t21),((t98,t66),t92)),(t27,t47)),(((t16,(t10,(t54,t40))),(t43,t52)),(t42,t87))),(((t6,(t86,t82)),t39),t24)),(((t8,t19),((t56,((((t49,t48),t99),(t83,t9)),t89)),(t63,(t91,t72)))),(((t5,(t57,(t81,t1))),((t79,(((t53,(t97,t23)),t46),t59)),(t62,t26))),(t20,t51))))),root);
data/SuperTripletsBenchmark/model-trees/model-17.nwk.model_tree	data/SuperTripletsBenchmark/source-trees/d50/k30/data-d50-k30-17_phybp-s0r.nwk.source_trees	2.0098514556884766	1.6300000000000001	(((((((((t14,t71),t4),t98),t28),((t56,t87),t83)),((t53,((t54,t21),t55)),t16)),((((((t34,t96),t72),(t51,t95)),(t8,t17)),(((t42,t62),t52),t13)),(((((((((t27,t77),(t9,t19)),t39),((t20,(t49,t6)),t70)),((t43,t45),((t31,(t22,((t64,t80),t35))),(t7,t33)))),(t73,t57)),((t38,t99),t26)),(t66,t89)),((((t97,t76),(t24,t15)),t36),t12)))),((((((((t44,t94),((t85,t2),t58)),((((t100,t30),t11),t29),t47)),t92),((t5,t3),t10)),(t59,t37)),((((((t18,t23),t74),t81),((t93,t67),t68)),(t91,t46)),((t86,t79),((t61,t25),(t84,(t75,t60)))))),(((t88,(t40,(t32,(t65,t82)))),(t69,(((t50,t78),t41),t63))),((t48,t1),t90)))),root);
data/SuperTripletsBenchmark/model-trees/model-18.nwk.model_tree	data/SuperTripletsBenchmark/source-trees/d50/k30/data-d50-k30-18_phybp-s0r.nwk.source_trees	1.9323632717132568	1.56	(((((((((((t69,t73),t32),((t63,(t9,t48)),t89)),(t92,(t8,t91))),(t7,t65)),((((((t30,t53),t36),t81),t76),t66),(((t97,t38),t70),t60))),((((t54,t2),t34),(t100,t41)),(((t61,t26),(t84,t57)),(t71,t79)))),((((t21,t16),(((t93,(t86,t4)),t94),t47)),(t95,((t56,t19),t98))),((((t96,t6),t82),(t17,(t72,t88))),(t24,t40)))),((((((((t35,t45),(t50,t1)),t22),t51),((t44,t14),t27)),((t46,t37),t55)),(((t5,t31),t85),(((t49,t74),(t80,t90)),t43))),t52)),((((((t58,t13),t78),t87),(((t42,t39),t68),t64)),t83),(((t11,(t62,t99)),(((t12,t18),t77),(t75,t33))),((((t15,(((t23,t20),t25),t67)),t3),t28),((t59,t10),t29))))),root);
data/SuperTripletsBenchmark/model-trees/model-19.nwk.model_tree	data/SuperTripletsBenchmark/source-trees/d50/k30/data-d50-k30-19_phybp-s0r.nwk.source_trees	2.0036420822143555	1.61	(((((((t69,(t44,t57)),t4),(((t5,t40),((t80,t32),t8)),(t66,t55))),(((((((((t94,(t99,t82)),((t30,t35),(t78,t79))),(t20,t19)),t86),(t21,t25)),((t85,t41),(t76,t53))),((((t16,t38),t61),t24),t75)),(((t1,t17),(t98,t68)),(t2,((t6,(t71,t36)),((t43,t13),t42))))),(t59,t10))),((((((t67,t52),t64),(t92,t28)),t81),(t9,t50)),((t54,t84),t3))),(((((t27,((((t63,(t51,t45)),t88),t56),t47)),((((t34,t89),t7),t93),(t58,t70))),(((t97,t18),t23),((t12,t62),t11))),(((((((t49,t72),t73),t15),t91),((((t96,t87),t22),t83),t26)),t60),((t14,(t31,t74)),t77))),(((t46,((t90,t33),t37)),t65),(((t29,t95),t48),(t100,t39))))),root);
data/SuperTripletsBenchmark/model-trees/model-20.nwk.model_tree	data/SuperTripletsBenchmark/source-trees/d50/k30/data-d50-k30-20_phybp-s0r.nwk.source_trees	1.904876708984375	1.57	(((((((t61,t72),((t34,t96),t51)),((t33,((t16,t23),(t67,t63))),((t84,t6),t89))),((((t18,((t97,t38),t11)),((((t5,t74),t14),((t44,t24),t45)),((t83,t29),(t79,(t91,t37))))),t49),(t26,(t8,t48)))),((((t27,t15),((((t75,t1),t68),t85),t40)),(((t99,(t21,t55)),((t47,t58),(t64,t53))),((t98,t9),(t92,t82)))),((((t78,t19),t39),t77),(t43,t10)))),(((((((t66,t73),t86),t59),((t28,t31),t4)),((t62,(t25,t71)),((t12,t57),(t7,t81)))),(((t65,t32),((t100,t88),((t80,t76),(t20,t35)))),((t54,t2),t95))),(((t30,(t50,t13)),((t56,t22),(t60,t36))),(((((t90,t17),t70),t41),(t42,t52)),(((t69,t93),(t46,t87)),(t3,t94)))))),root);
data/SuperTripletsBenchmark/model-trees/model-21.nwk.model_tree	data/SuperTripletsBenchmark/source-trees/d50/k30/data-d50-k30-21_phybp-s0r.nwk.source_trees	1.8924603462219238	1.54	(((((((t73,t57),t48),(((t21,t60),((t51,t94),((t81,t78),(t28,t1)))),((t5,t89),((t55,t72),t90)))),((((t97,t6),t83),t36),((t74,t11),(t96,(t61,t19))))),(((((((t92,t33),t75),(t26,t29)),(t54,t68)),((t86,t45),(t41,t79))),((t100,(t9,t20)),((t14,t16),t66))),t52)),(((t17,(t58,((t62,(t35,t95)),t32))),((t18,(((t98,t40),t85),t64)),(t38,(t59,t49)))),(((((t2,t31),(t71,(t53,t88))),((((t42,t63),((t65,t15),t99)),t91),(t56,(t3,t4)))),(((t44,((t22,t93),t24)),(t25,t77)),t82)),(((((t84,(t12,(t27,t39))),t67),(((((t80,t30),t8),(t43,t13)),((t69,t87),t70)),t10)),t34),(((t47,t76),t7),((t23,t46),(t50,t37))))))),root);
data/SuperTripletsBenchmark/model-trees/model-22.nwk.model_tree	data/SuperTripletsBenchmark/source-trees/d50/k30/data-d50-k30-22_phybp-s0r.nwk.source_trees	1.8883795738220215	1.54	((((((((((((t74,t37),((t10,t29),(t9,t8))),((t25,t68),(t92,t61))),(t49,(t28,t11))),((t23,t46),t59)),((((t5,t57),(t43,t70)),t98),((t77,t35),t91))),t85),(((((t55,t73),(t52,t51)),(t3,t17)),(((t38,(t47,t6)),t45),t48)),(t58,t33))),((((t44,t56),t64),((t30,t78),t62)),((t67,t87),(t13,((t34,t83),t27))))),((((t20,(t2,t79)),t26),t88),((t65,t12),(t4,t19)))),((((((t100,(t18,t82)),(t63,t72)),(t21,t94)),((t31,t60),(((t15,t36),(t69,t93)),(t54,(t39,((t24,t40),t90)))))),(t96,t1)),((((t14,t71),(t97,t32)),((t81,t16),((((t50,t76),t41),t53),(t66,t95)))),((t84,((((t7,t86),(t42,t99)),t75),t22)),(t80,t89))))),root);
data/SuperTripletsBenchmark/model-trees/model-23.nwk.model_tree	data/SuperTripletsBenchmark/source-trees/d50/k30/data-d50-k30-23_phybp-s0r.nwk.source_trees	1.9989771842956543	1.62	(((((((((t59,t39),(t68,(t48,t51))),t80),((t27,t49),t52)),((t11,((t42,t77),t9)),t65)),((t18,t96),(t92,t84))),(((t46,(t75,t88)),t57),((((t29,(t63,t82)),t32),((t66,t45),t61)),(t43,t47)))),(((((((t85,t1),((t81,t98),(t3,(t22,t5)))),t93),t21),((((t38,t37),(t58,t41)),t90),(t13,t78))),(((((((t62,(t99,t72)),((((t15,t60),t4),t73),t25)),(t12,t69)),t16),((t97,t89),(t56,t70))),(((((t10,t74),((t44,t24),t26)),((t33,t53),t23)),t6),(t54,(t91,t86)))),((((((t28,t31),t34),t8),t20),((((t30,t79),t2),t36),(t95,t87))),t7))),((t14,t40),((((t67,t71),((t100,(t76,t19)),t35)),(t50,t94)),(((t83,t17),t55),t64))))),root);
data/SuperTripletsBenchmark/model-trees/model-24.nwk.model_tree	data/SuperTripletsBenchmark/source-trees/d50/k30/data-d50-k30-24_phybp-s0r.nwk.source_trees	2.1528799533843994	1.68	((((((((t15,(t76,t72)),t58),t26),(((t23,(t67,t4)),(((t68,t79),t29),t3)),t85)),(((t65,t70),t88),((t92,t49),t75))),((((((t77,t89),((t59,(t14,t71)),(t56,t1))),(t84,((t9,t55),t44))),(t97,(t61,t37))),((t18,t8),(t62,t99))),(t50,t38))),(((((((t96,(t2,t95)),(t7,t19)),t69),((t35,(t81,t80)),(t20,(t40,t63)))),((t41,((t42,t52),t54)),(t6,(t22,t98)))),(((((t16,t91),((t5,t47),t93)),((((t74,t17),t46),t27),t33)),((t10,t90),(t66,(t24,t12)))),(((t39,t11),t78),((t30,t45),((t32,t51),t64))))),((((t57,(t83,t94)),(((t48,t36),t34),(t28,t13))),((((t100,t31),(t21,t53)),t43),t73)),(t82,((t86,(t25,t60)),t87))))),root);
data/SuperTripletsBenchmark/model-trees/model-25.nwk.model_tree	data/SuperTripletsBenchmark/source-trees/d50/k30/data-d50-k30-25_phybp-s0r.nwk.source_trees	1.981933355331421	1.6300000000000001	((((((t33,(t44,t29)),(((((((t86,t52),(t40,t46)),t85),(t41,(t13,t79))),t81),(((t32,t62),(t7,t39)),((t5,(t75,t21)),((t23,t72),t97)))),((t12,t3),((t20,t37),t11)))),(((t34,t4),t64),((((t8,t74),t82),(t43,t14)),(t42,t15)))),((((((t71,t19),((t35,t87),(t30,t70))),t18),(t1,(t98,t38))),(t63,(t90,t48))),(((t49,(t80,t73)),t24),((t84,t96),t47)))),(((((t83,(t27,t17)),t57),(((((t65,t66),((t56,t10),t91)),(((t50,t76),t45),t61)),((((t55,t51),t95),t67),((t58,t53),((t59,t99),t68)))),(t16,t88))),((((((t22,t69),t93),t26),t2),(t28,t31)),(t54,t9))),(((t25,t94),(t60,t89)),((((t100,t6),(t77,t78)),t36),t92)))),root);
data/SuperTripletsBenchmark/model-trees/model-26.nwk.model_tree	data/SuperTripletsBenchmark/source-trees/d50/k30/data-d50-k30-26_phybp-s0r.nwk.source_trees	1.9584674835205078	1.61	((((((((((t12,t41),(t54,t21)),t4),t15),(t82,((((t58,t99),(t5,t66)),t76),t33))),(((((((t6,t78),t50),t2),t81),t92),((t42,t62),((t16,t53),((t93,t11),t34)))),(t98,(t65,t55)))),((((t91,t19),(t13,t86)),((t14,t45),t48)),((((((t25,t10),(t43,t87)),t63),t7),((((t18,t74),t60),((t22,t1),t35)),((t75,t24),t68))),((t94,t89),((t3,t37),(t49,(t85,t39))))))),((t46,t57),(((((t84,t67),(t20,t30)),t97),t8),((t70,(t61,t90)),(t9,t36))))),(((t23,(t80,t31)),(((((t73,t71),t28),t69),((t52,t88),t26)),((((t72,t79),t27),(t64,t83)),((t44,t29),t77)))),((((((t100,t17),t95),t56),t40),((t96,t32),t59)),((t47,t51),t38)))),root);
data/SuperTripletsBenchmark/model-trees/model-27.nwk.model_tree	data/SuperTripletsBenchmark/source-trees/d50/k30/data-d50-k30-27_phybp-s0r.nwk.source_trees	2.026608467102051	1.61	((((((((((t97,t57),t37),t47),t68),(t32,t55)),t78),(((((t62,t67),t93),(t5,t3)),(t38,(t12,t4))),((t61,t86),t1))),(((((t52,t71),(t79,((t77,(t42,t39)),(t89,(t64,t87))))),((t10,t36),t95)),((t58,((t63,(t65,t35)),(t83,t41))),(t28,t23))),(((((t30,t46),(t51,t26)),t34),(t43,t14)),(((((t73,(t44,t98)),t59),t40),t50),(t56,t17))))),((((t6,t16,t80),((t85,t18),t88)),((((t76,t60),t19),t90),((t49,t11),t74))),((((((t69,t33),((t22,t15),(t13,t66))),(t9,t45)),(t8,(t54,t27))),((((t92,t21),t7),((t96,t100),t53)),(((t84,t20),((t81,t2),(t31,t72))),(t91,t94)))),((t29,(t24,t82)),(((t75,(t25,t48)),t70),t99))))),root);
data/SuperTripletsBenchmark/model-trees/model-28.nwk.model_tree	data/SuperTripletsBenchmark/source-trees/d50/k30/data-d50-k30-28_phybp-s0r.nwk.source_trees	1.9748406410217285	1.58	((((((((t56,t30),t100),(((t5,t63),t48),t11)),(t28,t93)),(((((t86,t68),(t39,t82)),((t42,t49),t51)),t76),((t50,(t61,t77)),t95))),((((((t59,(t21,t1)),t15),((t54,t29),t3)),(((((t84,t66),t33),t58),t8),((t52,t57),t74))),(t27,t67)),(((t85,((t91,t25),(t23,t17))),(t14,t40)),((t20,(t94,t71)),t16)))),((((((((((t43,t60),t19),(t34,t89)),(((t22,t79),((t96,t35),t32)),t80)),((t44,t83),t47)),(t24,t26)),((t92,t18),(t6,t53))),((t70,(t13,t87)),(((t38,t37),t10),t78))),((((((t7,(t75,t99)),t36),(t81,t64)),t9),(t98,t46)),(t41,(((t55,t90),t69),t4)))),(((t88,(t65,t62)),((t73,(t31,t72)),(t12,t2))),(t97,t45)))),root);
data/SuperTripletsBenchmark/model-trees/model-29.nwk.model_tree	data/SuperTripletsBenchmark/source-trees/d50/k30/data-d50-k30-29_phybp-s0r.nwk.source_trees	1.9733259677886963	1.59	((((((((t62,t37),t68),(((t84,(((t30,t94),(t85,t36)),(t59,t16))),((t65,t27),((t77,t79),((t7,t39),t48)))),(t64,t33))),((t83,(t74,t11)),t3)),(((((t60,t26),t12),t13),((((t34,t91),((t55,t78),t49)),(t88,(t69,t76))),(t45,((t1,t19),t40)))),(((t51,(t92,t43)),(t22,t66)),((t15,t72),(t81,t9))))),((((((t56,t23),(t2,t53)),(t38,t70)),((t75,t8),t67)),((t86,t31),((t10,t90),t28))),t82)),((((((((((t20,t41),t44),t87),(t96,t14)),(t99,t89)),((t32,t63),t80)),(t100,(t17,((t18,t21),(t61,t4))))),((t46,t73),((t24,t5),(((t50,t29),(t98,t95)),t6)))),(t35,t57)),((((((t93,t42),(t52,t71)),t25),t58),(t97,t47)),t54))),root);
data/SuperTripletsBenchmark/model-trees/model-30.nwk.model_tree	data/SuperTripletsBenchmark/source-trees/d50/k30/data-d50-k30-30_phybp-s0r.nwk.source_trees	1.9387843608856201	1.56	(((((((((t87,t17),(t25,t3)),((t42,t37,t19),t76)),t51),(t69,t38)),((((t85,t98),t32),t58),(((t30,t71),((t27,t31),t48)),(t61,t45)))),((((t47,((t67,t68),t65)),((t26,(t54,t64)),t83)),(t43,t94)),(((t50,(t10,t29)),((t14,t57),t60)),((t9,t40),((t88,(t46,t1)),t62))))),(((((((t21,t89),t13),((t16,t20),t75)),((t97,t7),t73)),(((((((t18,t35),(t5,t77)),t44),t99),t90),(((t4,t70),t93),((t100,t52),t53))),(t2,t33))),(((t84,t63),t56),(t96,(t55,t41)))),((((((t92,t91),t24),(t15,t6)),((((t49,t82),(((t72,(t95,t36)),t79),t23)),((t11,(t22,t86)),t34)),((t28,t39),t78))),((((t12,t66),t59),t8),(t81,t74))),t80))),root);
data/SuperTripletsBenchmark/model-trees/model-31.nwk.model_tree	data/SuperTripletsBenchmark/source-trees/d50/k30/data-d50-k30-31_phybp-s0r.nwk.source_trees	2.001638889312744	1.58	(((((((t15,(((t82,t36),t53),(((t46,t60),t4),t87))),t18),t22),(((((t20,((t40,t41),t34)),(t24,t59)),(t23,t33)),((t37,t17),t42)),((t69,t89),((t31,t38),(t61,t13))))),((((((t97,t29),t7),((t43,t66),t51)),(((t68,t94),t92),t25)),((((t12,t72),t28),t76),(t47,t93))),(t26,t57))),(((((((((t86,t6),t3),((t67,t52),((t2,t49),t54))),(((t78,t73),t55),(t44,t8))),(t30,t1)),(((t21,t90),t83),(((t96,t14),(t10,t70)),t91))),(((t35,t11),t62),t58)),(((t64,t79),((t88,(t81,t65)),((t19,((t27,t48),((t56,t84),t99))),(t80,t50)))),(((t5,t77),t45),t71))),(((t85,t95),(t100,(t98,t63))),((((t16,t32),t75),(t9,t74)),t39)))),root);
data/SuperTripletsBenchmark/model-trees/model-32.nwk.model_tree	data/SuperTripletsBenchmark/source-trees/d50/k30/data-d50-k30-32_phybp-s0r.nwk.source_trees	2.5304393768310547	1.9100000000000001	((((((((t98,t2),t35),(((t7,t6),(t64,t74)),t34)),(((((t84,t41),t95),(t77,(t67,t71))),t90),(((t50,t20),t56),t60))),(((t36,t17),t25),t22)),((((t5,(t12,t10)),t82),t92),((((t86,t30),t55),(t31,t29)),t89))),((((((((t69,t40),(t62,(t9,t79))),((((t32,t48),(t24,t18)),(t65,t23)),(((t38,t73),t42),t61))),((t72,t19),t3)),((((t21,t57),t63),(((((t8,t11),(t28,t52)),(t93,t100)),t58),((t53,t37),t1))),((t96,(t15,t70)),t59))),((((((t54,t27),t51),t85),((t97,t83),t66)),(t4,t87)),t81)),(((((t39,((t14,(t33,t46)),t47)),t16),t26),t45),(t75,t49))),((((t44,t43),((t76,t94),(t80,t88))),((t91,t99),t78)),(t13,t68)))),root);
data/SuperTripletsBenchmark/model-trees/model-33.nwk.model_tree	data/SuperTripletsBenchmark/source-trees/d50/k30/data-d50-k30-33_phybp-s0r.nwk.source_trees	2.2324695587158203	1.75	((((((((((t54,t40),t48),(t12,t91)),(t24,t38)),((t98,t39),(t22,(t82,t37)))),((((((t93,((t28,t64),((t34,t51),t42))),t6),t8),(t94,t36)),((t65,t31),t41)),((((((t3,t74),(t59,t14)),(t18,(t7,t80))),(((t69,t62),(t100,(t50,t16))),(t15,t78))),((t30,t71),(t61,t35))),(t33,t70)))),((((t44,(t43,t55)),(t49,t4)),t25),((t47,t17),t72))),((((((t84,t68),t85),(((t95,t19),(t96,t79)),((t76,t89),(t97,t57)))),((t27,t88),(t11,(t13,t87)))),(((t20,(t73,t1)),t58),t10)),(t60,t53))),(((((((t26,t99),(t21,t77)),t9),t90),(t46,t45)),(((t81,t5),((t52,t29),(t75,t2))),(t32,(t56,t92)))),(t83,(((t66,t86),t67),(t23,t63))))),root);
data/SuperTripletsBenchmark/model-trees/model-34.nwk.model_tree	data/SuperTripletsBenchmark/source-trees/d50/k30/data-d50-k30-34_phybp-s0r.nwk.source_trees	1.9459905624389648	1.57	((((((t69,(t43,t63)),t7),(((((t78,t53),(((t81,t76),t95),t49)),(t8,t66)),(t90,t45)),((t28,t4),(t87,t37)))),((((((t14,((t3,t26),t42)),t32),(t34,t70)),t24),t27),((((t33,t68),t35),t44),(t64,t36)))),(((((t72,(t61,t67)),(t1,t89)),(((t96,(t80,t20)),(t73,t71)),((t86,(t93,t99)),t13))),((((t54,t50),t91),((((t2,t40),(t85,t83)),t48),t58)),((t21,t10),(t59,t57)))),(((((((t22,t17),t56),(t77,(t92,t39))),(t16,t41)),((((((t84,t88),t9),(t47,t98)),t5),t18),t82)),(((t51,t79),(t100,t94)),((t75,t52),t19))),(((((t62,t46),t25),(((t23,t29),t31),t38)),(((t30,t60),t12),t55)),((((t97,t65),(t15,t6)),t74),t11))))),root);
data/SuperTripletsBenchmark/model-trees/model-35.nwk.model_tree	data/SuperTripletsBenchmark/source-trees/d50/k30/data-d50-k30-35_phybp-s0r.nwk.source_trees	1.9912786483764648	1.6	((((((((t93,((t49,t4),((t59,t13),t19))),((t11,(t80,t95)),(t39,t79))),((((((t33,t36),t1),t61),t81),t68),(t75,t66))),(((((t27,t5),t96),t90),t52),t50)),((((t25,t71),((((t100,t17),t16),(t20,t29)),(t69,t32))),(t18,t86)),((t41,t63),(((t64,t46),t44),(t22,t8))))),((((((t55,t53),(t84,t42)),t37),((t98,t88),t82)),((((t6,t89),t35),t65),(t99,t94))),((((t7,t70),(t83,t21)),(t34,t31)),(t12,t67)))),(((((t3,t30),((t91,t77),(t14,t62))),((t74,((t40,t38),t10)),(t24,t9))),((((t48,t73),t85),t45),(t23,t57))),((((((t92,t2),t87),t76),t47),(((t28,t58),(((t51,t72),t56),t26)),(t97,t60))),(((t15,t78),t43),t54)))),root);
data/SuperTripletsBenchmark/model-trees/model-36.nwk.model_tree	data/SuperTripletsBenchmark/source-trees/d50/k30/data-d50-k30-36_phybp-s0r.nwk.source_trees	1.9037258625030518	1.54	(((((((((t97,t24,t90),t78),(((t15,t66),t73),(t26,(t47,t63)))),(((t61,t19),t80),(t98,t35))),(((((((t60,t17),t28),t44),(t30,t6)),((t84,t4),(t51,(t92,t95)))),t79),(((t69,((t10,t38),t59)),t34),(t21,(t67,t1))))),(t5,t46)),((t16,t57),t58)),(((((t54,t74),t81),((t7,(t55,t71)),(t52,t94))),((((((((t77,t72),t8),(t13,t39)),((t83,t23),t31)),(t70,t29)),((t32,t89),(t50,t48))),(t43,t41)),(t14,(t91,t25)))),(((((t85,t49),(t12,t100)),(t18,t2)),(((t9,t36),t76),t45)),(((t56,t11),((t22,t96),t3)),(((((t42,((t33,(t65,t20)),t53)),t68),(t75,t64)),t40),(((t86,t37),t82),((t93,t88),((t27,t62),(t99,t87))))))))),root);
data/SuperTripletsBenchmark/model-trees/model-37.nwk.model_tree	data/SuperTripletsBenchmark/source-trees/d50/k30/data-d50-k30-37_phybp-s0r.nwk.source_trees	2.01188588142395	1.6	(((((((((t80,t33),t81),(t13,t95)),((((t7,t54),(t56,t83)),t5),t64)),(t23,t11)),(((t68,(t51,t71)),(((((t97,t59),(t50,t78)),t28),t21),t74)),((t85,t29),t87))),((((t46,(t16,(t92,t52))),(((t70,(t55,t48)),(((((t2,t60),(t53,t39)),t37),t25),(t69,t62))),((((t100,t41),((t72,t73),t44)),((t63,t1),(t90,t77))),(t32,t99)))),t42),((((t65,t49),t6),t96),t19))),((((t84,(t22,t82)),((t38,((t20,t26),t35)),t4)),(((((t36,(t45,t17)),t43),t91),(t24,t88)),(t61,t3))),(((t47,t58),t27),((((t8,(t66,(t18,t40))),(t86,(t76,t57))),(t89,(t98,(t94,t79)))),((t9,((t30,t12,t31),t93)),(((t14,t10),t75),((t34,t67),t15))))))),root);
data/SuperTripletsBenchmark/model-trees/model-38.nwk.model_tree	data/SuperTripletsBenchmark/source-trees/d50/k30/data-d50-k30-38_phybp-s0r.nwk.source_trees	1.9644527435302734	1.6	(((((((t78,(t34,t25)),((t74,t37),(((t89,((t75,t27),t88)),(t28,t51)),t82))),(((t62,t1),t65),(((t91,t73),t63),(t86,t71)))),(((t29,t39),(t55,t11)),((((t26,t19),t58),t92),(t20,t17)))),((((t57,(t30,t49)),t21),(t100,(t69,t13))),(((((t16,t76),(t85,t98)),t53),(t81,t14)),((t42,(t83,t35)),t56)))),(((((((t4,t48),((t97,t38),((t5,t33),t50))),(((t18,t59),t90),(t32,t72))),(t31,(t64,t87))),((t96,t41),((t93,t52),(t15,t79)))),((((((((t43,t23),(t7,t68)),(t10,t95)),(t46,t36)),t22),((t9,t3),t80)),(((t84,t94),(t44,t66)),t67)),((t12,((t70,((t47,t6),t24)),((t61,t77),t60))),((t2,t45),t40)))),((t54,t8),t99))),root);
data/SuperTripletsBenchmark/model-trees/model-39.nwk.model_tree	data/SuperTripletsBenchmark/source-trees/d50/k30/data-d50-k30-39_phybp-s0r.nwk.source_trees	2.0214593410491943	1.6300000000000001	((((((((t59,(t52,t53)),(t80,t45)),((t18,t89),(t8,(t67,t57)))),(((((t81,t19),t4),(((t65,(t69,t16)),t23),t50)),((t2,(t77,t68)),(((t48,t11),t72),(t43,t60)))),(t49,(t78,t94)))),(((((t100,(t34,t73)),(t9,t40)),(((t3,t39),(((t12,t51),t15),t92)),(t98,t71))),((((((t47,t31),(t24,t14)),((t64,t29),t6)),(t13,t63)),t85),((t62,t37),t58))),(((((t21,t17),t56),(t66,(t7,t38))),((t70,t82),t44)),(t30,t79)))),(((t84,(t83,t41)),(t61,t96)),t95)),(((((t76,t74),((t97,t93),(t5,t87))),(t42,(t54,t99))),((((t91,t88),((((t27,t46),t90),t22),t28)),(t33,t36,t55)),(t35,t1))),(t26,((t20,(t32,t86)),((t75,t10),t25))))),root);
data/SuperTripletsBenchmark/model-trees/model-40.nwk.model_tree	data/SuperTripletsBenchmark/source-trees/d50/k30/data-d50-k30-40_phybp-s0r.nwk.source_trees	1.9521493911743164	1.58	(((((((((t24,t16),(t50,t94)),t74),t37),(((t23,t78),t45),t91)),((((t85,t84),(t97,t35)),((t22,t46),(t29,(t44,(t19,t79))))),(t96,t17))),((((((t80,t60),(t9,t68)),t21),(t92,t28)),((t42,t20),(t54,t76))),((((t5,(t32,t33)),((t75,t14),(t90,t38))),t31),((((t25,t73),((t49,t87),t61)),t15),(((t7,t51),t27),t77))))),(((((t100,((t6,t63),((t88,t89),t83))),((t18,t66),((t2,t71),t99))),(t93,t62)),(((((t47,t95),t67),(t81,t86)),((t3,t1),t53)),(t59,t26))),(((((t4,t70),t72),t43),((((t69,t98),t56),t65),(t64,t55))),(((((t58,t11),t10),(t41,(t34,t48))),(t8,t30)),((t12,t52),((t39,(t36,(t40,t82))),(t13,t57))))))),root);
data/SuperTripletsBenchmark/model-trees/model-41.nwk.model_tree	data/SuperTripletsBenchmark/source-trees/d50/k30/data-d50-k30-41_phybp-s0r.nwk.source_trees	1.9639043807983398	1.6	((((((((((t91,t51),t82),((t84,t73),t99)),(t22,t19)),(t3,t33)),((((t25,t57),t12),(t86,(t75,t61))),t95)),(((t69,t94),t52),(t50,t31))),(((((t23,t70),(((t26,t89),t60),t1)),t65),(((t41,(t80,t49)),t45),(t83,t40))),((((t46,(t62,t90)),(t5,t59)),((t81,t38),t28)),((((t63,t87),((t97,t96),(t7,t74))),((t66,t71),t34)),(((t98,t10),(t14,t4)),(t11,(t30,((t44,t67),t56)))))))),(((((((t27,t35),(((((t64,t58),t55),(t16,t20)),((t2,t78),(((t85,t88),(t43,t15)),(t21,t77)))),(t54,t32))),(t47,t48)),(t18,(t29,t79))),((t39,t72),t36)),((((t76,(t92,t8)),t17),t9),((((t42,t68),t13),t24),(t6,t53)))),(t100,(t93,t37)))),root);
data/SuperTripletsBenchmark/model-trees/model-42.nwk.model_tree	data/SuperTripletsBenchmark/source-trees/d50/k30/data-d50-k30-42_phybp-s0r.nwk.source_trees	2.144955635070801	1.67	(((((t24,t41),(((t90,t74),t91),(((t84,t29),((t12,t67),(t2,t73))),((((t8,t16),t35),t39),(t23,t49))))),(((t72,(t86,t46)),t81),t95)),((((t93,((((t85,t66),t44),t80),t3)),(((t55,t26),t82),(((t47,t15),t13),((t59,(t61,t45)),(t70,t89))))),((((((t5,t14),t63),(t7,t22)),(t34,t32)),t87),((t18,t79),t40))),(((((((((t17,(((t42,t38),t6),t50)),t83),(t9,t53)),((t28,t62),(t56,t52))),((t97,(t54,t37)),(t58,t94))),t69),((t75,t57),((t60,t48),t92))),((((t100,(t96,t10)),t4),(((((t27,t77),t76),(t64,t21)),(t68,t36)),(((t78,t99),t25),(t71,t88)))),(((t20,t31,t98),((t33,(t11,t1)),(t43,t30))),t51))),(t65,t19)))),root);
data/SuperTripletsBenchmark/model-trees/model-43.nwk.model_tree	data/SuperTripletsBenchmark/source-trees/d50/k30/data-d50-k30-43_phybp-s0r.nwk.source_trees	2.0626742839813232	1.6300000000000001	((((((((((t40,t6),(((t43,t48),t33),t19)),(t7,t84)),t24),(((t80,t42),t91),(t100,t74))),((t26,((t56,t59),t28)),t72)),((((t83,t2),(t20,t36)),(t10,t94)),(((t89,(t22,t70)),(t96,t95)),(t31,(t34,t1))))),(((((t57,(t21,t62)),(t60,t17)),((t44,t66),t63)),t77),((((t58,t29),t27),(t81,t61)),((t92,((t15,t49),t73)),((t14,t41),t12))))),(((((t18,t47),(((t85,t64),(t39,t87)),(t55,t67))),((((t16,t25),t45),t4),(t76,t78))),(((((((t53,t68),t11),(t8,t82)),(t69,t46)),t71),t37),((((t23,((t9,t52),t97)),(((t65,t30),t79),t75)),(((t38,(t50,t32)),t54),((t90,t99),(t13,t88)))),(t86,t35)))),((((t5,t3),t98),t51),t93))),root);
data/SuperTripletsBenchmark/model-trees/model-44.nwk.model_tree	data/SuperTripletsBenchmark/source-trees/d50/k30/data-d50-k30-44_phybp-s0r.nwk.source_trees	1.9599621295928955	1.58	(((((((((t44,t100),t47),((t5,t60),(t24,t11))),((t64,t6),((t42,t72),(t16,t95)))),((((t46,t94),t68),(((t69,(t61,t48)),t99),t4)),((((t96,((t91,t36),t32)),((t25,t20),t82)),(t49,t63)),((t84,t58,t43),t77)))),((((t13,t89),t9),(t2,t88)),(((t85,t93),t3),(t53,t45)))),((((((t66,t86),t70),(((t41,t17),t26),(t56,t33))),((t62,t55),t35)),(((t7,t54),t15),((t12,t79),(t1,t19)))),(((((t27,t29),(t34,t52)),t10),t37),((((t50,t40),t75),t81),t14)))),((((t74,(t39,((t65,t80),(t28,t87)))),(t92,t71)),(((((((t67,t73),t57),t22),(((t18,t30),t83),(t78,(t59,t23)))),(t90,t31)),(t98,t38)),((t97,t8),(t21,t51)))),t76)),root);
data/SuperTripletsBenchmark/model-trees/model-45.nwk.model_tree	data/SuperTripletsBenchmark/source-trees/d50/k30/data-d50-k30-45_phybp-s0r.nwk.source_trees	1.9846715927124023	1.6	(((((((((t19,t17),t24),(t1,(t52,t79))),((t18,t90),(t8,t10))),((((t61,t3),((t13,t20),t76)),((t56,t59),(t98,t40))),(((t80,t35),(t47,t77)),(t5,t84)))),(((t81,t36),(t69,t82)),t87)),(((((t44,t83),t37),((((((t2,t6),t60),t12),t74),t30),(t28,t68))),((((t100,(t65,t55)),(t34,t85)),t29),(t88,t57))),(((((t16,t11),((((t53,t45),t89),t46),t14)),t33),(t27,t48)),(((((t50,t95),t38),t4),t42),(t22,t51))))),(((((((t54,t66),(t67,t70)),t86),(t43,t78)),((t21,t49),t99)),((t62,t41),(t64,t94))),(((((t7,t31),((t97,t9),t63)),t93),((t73,t71),t72)),((((t92,t26),(t96,t91)),t32),(((((t15,t23),t75),t58),t39),t25))))),root);
data/SuperTripletsBenchmark/model-trees/model-46.nwk.model_tree	data/SuperTripletsBenchmark/source-trees/d50/k30/data-d50-k30-46_phybp-s0r.nwk.source_trees	1.9322926998138428	1.57	((((((((t44,t57),t6),((((t50,((t94,t71),t53)),(t74,t11)),((t58,t42),t1)),(t65,t59))),((((t18,(t25,t72)),(t80,t20)),t90),((t84,(t40,t17)),t87))),((((t91,t15),((((t55,(t13,t19)),(t7,t45)),t97),((t61,t3),t69))),t93),((t92,t47),((t27,t82),t95)))),(((((t54,t8),((t46,t51),t37)),t98),(((t16,t10),t76),t56)),(((t85,t14),(t26,t63)),(t100,t35)))),((((((t66,(t23,t52)),(t62,t77)),(((t30,(t75,t41)),((t86,t36),t34)),(t78,t12,t21))),((t24,t43),t64)),((t89,(t32,t73)),(t39,t88))),((((t28,t5),t22),((((((t31,t29),(t67,t60)),((t96,t38),t81)),t68),(t2,t79)),(t49,t48))),(((((t4,t70),t83),t9),t99),t33)))),root);
data/SuperTripletsBenchmark/model-trees/model-47.nwk.model_tree	data/SuperTripletsBenchmark/source-trees/d50/k30/data-d50-k30-47_phybp-s0r.nwk.source_trees	1.9533658027648926	1.59	((((((((((t26,t57),t10),(t65,t23)),(t21,(t34,t55))),(t4,((t56,t96),t53))),(t67,t60)),(((t20,(t14,t66)),t40),(((((t98,t90),(t50,t15)),(t12,t17)),(t43,t31)),((t52,(t81,t3)),t22)))),((((((((((t5,t13),t83),(t54,t80)),(t7,t75)),t70),t78),(t2,(t16,t63))),(t69,(t84,t25))),t88),(((t100,(((t72,t79),t1),t41)),((((((t76,t11),t91),t36),((t30,t39),t86)),(t97,t19)),(t28,t68))),((t85,t6),t87)))),((((t61,t47),(((((t46,t82),t51),(t24,t32)),t38),((t93,t33),(t58,(t92,t77))))),((((t44,((t9,t99),(t35,t73))),(t49,t94)),((((t74,t45),(t29,t89)),t95),t62)),t71)),((((t18,t8),t64),t48),(((t59,t37),t42),t27)))),root);
data/SuperTripletsBenchmark/model-trees/model-48.nwk.model_tree	data/SuperTripletsBenchmark/source-trees/d50/k30/data-d50-k30-48_phybp-s0r.nwk.source_trees	1.981034278869629	1.61	((((((((t8,t40),(t52,t6)),t92),((t34,t63),t76)),(((t65,t11),((t96,t66),t91)),(((t16,(t100,((t33,t51),t22))),((t14,t25),t55)),(((t97,t31),t68),t59)))),((((((t81,t94),t13),(((t50,(t3,t35)),t77),t4)),(((t42,t86),((t61,(t67,t48)),t70)),((t5,(t49,t99)),(t54,t1)))),((((((t90,t41),(t9,t93)),((t23,t10),t15)),t69),t7),t17)),((t12,(t98,t95)),t39))),(((t58,t29),(((t80,t71),(t60,t82)),(t27,t89))),(((((t24,t30),t36),(((t18,(t47,t45)),((t56,t74),(t38,t19))),(t87,t32,t83))),(((t79,((t20,t88),t85)),((t21,t73),t75)),(t46,(t43,t64)))),(((t84,t2),((((t28,t57),(t44,t72)),t53),((t26,t37),t62))),t78)))),root);
data/SuperTripletsBenchmark/model-trees/model-49.nwk.model_tree	data/SuperTripletsBenchmark/source-trees/d50/k30/data-d50-k30-49_phybp-s0r.nwk.source_trees	1.9668035507202148	1.61	(((((((((((((t75,t58),t61),t17),t50),t76),t12),(t7,t9)),(((t8,t39),(t98,t80)),((t66,t36),(t30,t68)))),(((((t33,t63),t46),(t56,t4)),t40),((t6,t78),((t97,t10),t52)))),(((t11,t71),((((((((t3,(t34,t67)),t43),t95),t70),((t47,t62),t91)),((((t15,t79),(t32,t45)),t24),((t38,((t54,t26),t25)),t85))),(t86,t51)),(t89,((t77,t57),(t49,t88))))),((t48,t37),((t100,((t20,(t28,t31)),t59)),(t44,(t55,t72)))))),((((t73,t1),t23),t74),(t90,t35))),(((((t96,t2),t16),t41),((((t18,t14),t13),(((t42,t53),t69),(t65,t99))),((t27,t82),t81))),((((t21,t29),((((t83,t84),t5),((t22,t87),t19)),t93)),((t60,t94),t64)),t92))),root);
data/SuperTripletsBenchmark/model-trees/model-50.nwk.model_tree	data/SuperTripletsBenchmark/source-trees/d50/k30/data-d50-k30-50_phybp-s0r.nwk.source_trees	1.9909729957580566	1.6	((((((((((((t96,t95),t12),t20),(t56,t19)),((t97,t23),(t87,t82))),(t18,t53)),(t15,(t37,((t83,t77),t85)))),((t100,t29,t39),(t31,t94))),((((t5,(t14,t51)),t34),((t10,t63),(((t81,t93),((t24,t2),t36)),(t65,t11)))),((((t35,t70),t88),t90),t98))),((((t46,(t25,t33)),(((t92,t69),t64),((((t48,t17),t67),t21),t7))),(((t52,t57),(((t47,((t43,t1),(t75,t74))),t28),t32)),((((t61,t68),((t62,(t44,t91)),t41)),t84),(((t66,t3),t86),(t80,t45))))),((t27,t38),(t50,((((t9,t30),t76),t58),t71))))),(((((t55,t89),t16),(((t8,t78),(t22,t26)),t79)),((((t60,t6),t13),t99),t72)),((t49,t73),((t54,t4),((t42,t59),t40))))),root);
data/SuperTripletsBenchmark/model-trees/model-51.nwk.model_tree	data/SuperTripletsBenchmark/source-trees/d50/k30/data-d50-k30-51_phybp-s0r.nwk.source_trees	2.1182267665863037	1.6500000000000001	((((((((((t10,t48),(t41,t79)),(t90,(t50,t40))),(((t84,t17),(t42,t37)),(((t85,t20),(t30,t60)),(t69,(t86,t72))))),((t5,(t62,t31)),((t89,((t61,t49),t27)),(t92,t13)))),((((t58,t29),(t7,t15)),(t21,t45)),((t75,t8),((t32,t23),((t82,t88),t68))))),(((t81,t73),t16),(t18,(t6,t70)))),(((((t96,t53),(t14,t99)),t65),(((t100,t87),t4),t46)),t80)),(((((((t38,(t43,t93)),t9),t77),(((t64,t66),(t3,t51)),((t97,t35),t1))),(((t11,(t63,t95)),((t22,t98),t55)),((t28,t12),t34))),((((t78,t26),t24),((t54,t59),t83)),t52)),(((((((t67,t33),t36),t2),(t91,t76)),(((t57,(t44,t56)),t25),t74)),(((t47,t94),t19),t39)),t71))),root);
data/SuperTripletsBenchmark/model-trees/model-52.nwk.model_tree	data/SuperTripletsBenchmark/source-trees/d50/k30/data-d50-k30-52_phybp-s0r.nwk.source_trees	1.9544801712036133	1.6	((((((((t9,t29),t91),((t28,t57),(t97,t47))),(t5,((t96,t16),t46))),(((t33,((t42,t77),(t12,t74))),(t60,(t81,t64))),(((t41,(t15,t26)),t75),(t90,t78)))),(((((t6,t4),t71),((t21,((t89,(((t56,t3),t24),t39)),t19)),t8)),(((((((t70,t94),t76),(t53,(t83,t93))),t31),((t92,t61),((t7,t100),t32))),(t22,t52)),((t11,(t10,t68)),t65))),t80)),(((((((t69,((t58,t73),t82)),(t95,t45)),t88),((t18,t35),t66)),((t23,t38),(t43,t87))),(((t25,t49),(t67,t86)),t30)),((((t13,t40),(t27,t55)),((t37,(((t84,t2),(t98,t72)),((t50,t79),t14))),t85)),(((((t20,((t34,t62),t1)),(t36,((t54,t63),t51))),t59),(t44,t99)),(t48,t17))))),root);
data/SuperTripletsBenchmark/model-trees/model-53.nwk.model_tree	data/SuperTripletsBenchmark/source-trees/d50/k30/data-d50-k30-53_phybp-s0r.nwk.source_trees	2.057642698287964	1.6400000000000001	((((((((t79,t17),t88),(((t8,t37),(t57,(t31,(t21,t53)))),t62)),t39),((t64,t59),t22)),(((t55,t82),t36),(((t47,t50),t4),(t77,t33)))),(((((((t18,t1),t92),t34),(((t7,t10),(t3,t86,t76)),(((((t12,t9),t13),t35),((t66,t6),t78)),(((t60,t74),t89),(t58,t23))))),(t96,t94)),((((((t14,t20),t43),((t40,t30),(t84,t99))),(t44,t5)),(t98,t100)),(((t26,(t27,t11)),(t16,t70)),(t61,t93)))),((((((t49,t41),(t48,(t81,t2))),((t38,t63),t29)),(t80,t71)),((t54,t42),t75)),(((((t15,((t51,t19),t24)),((t83,(t67,t72)),(t69,(t28,t32)))),(t46,(t52,t68))),(t73,t45)),(((t85,t91),(t87,(t25,t90))),((t97,t56),(t65,t95))))))),root);
data/SuperTripletsBenchmark/model-trees/model-54.nwk.model_tree	data/SuperTripletsBenchmark/source-trees/d50/k30/data-d50-k30-54_phybp-s0r.nwk.source_trees	2.1211705207824707	1.67	(((((((t75,(t67,t1)),t82),t93),((t40,t26),(t42,(t54,t61)))),(((t66,t52),(((t20,t70),((t85,t86),(t92,(t27,t71)))),(t69,t18))),((((t6,t72),t59),(((t25,t88),t64),(t34,t81))),(((t5,t29),t45),t73)))),(((((((t87,(t22,(t15,t48))),((t100,t74),t32)),(((((((t97,t14),t23),t30),t16),(t49,(t24,t60))),t80),((t10,t53),t13))),(((t9,t46),t63),((t58,t35),(t55,t33)))),(((((t8,((t84,t11),t98)),(t62,t31)),(((((t50,(t76,t94)),(t12,t51)),t43),(t19,t57)),((t65,t3),t7))),(t91,t17)),((t44,t99),((t28,t96),t90)))),(((t47,t39),(t56,t79)),t4)),((((((t41,t78),(t21,t38)),t89),(t2,t37)),(t36,(t77,t95))),(t83,t68)))),root);
data/SuperTripletsBenchmark/model-trees/model-55.nwk.model_tree	data/SuperTripletsBenchmark/source-trees/d50/k30/data-d50-k30-55_phybp-s0r.nwk.source_trees	2.121279239654541	1.7	((((((((((t34,t47),t30),(((t75,t63),t29),t21)),(t15,t99)),((((t62,t38),t31),(t18,t93)),(((t58,t73),(t100,t86)),t3))),t50),t26),(((t9,t39),(t96,t79)),(((((((t56,t88),t28),t84),(t52,t41)),(t81,t76)),((((t64,t68),t60),(t54,t89)),(t92,(t65,t74)))),(((((((t10,t78),(t32,t90)),t61),t48),((((t97,t45),t83),(t25,t77)),(t7,t71))),(t23,t20)),((t59,(t40,t46)),(t69,(((t6,t70),(t24,t67)),(t82,t1)))))))),((((((((t98,t42),(t91,t33)),t36),t95),((((((t12,t80),(t22,t37)),t17),t66),(t2,t49)),(t72,t87,t19))),((t13,t4),t27)),(((t94,(t85,t43)),(((t8,t14),(t16,t53)),(t57,(t44,t51)))),(t5,t11))),(t55,t35))),root);
data/SuperTripletsBenchmark/model-trees/model-56.nwk.model_tree	data/SuperTripletsBenchmark/source-trees/d50/k30/data-d50-k30-56_phybp-s0r.nwk.source_trees	2.3390114307403564	1.76	(((((((t82,t17),t70),((t64,t21),t1)),(((t84,((t23,t78),t91)),((t75,t49),(t59,t51))),((t18,(t54,t73)),(((t76,t57),t58),(t65,t38))))),((((((t24,t100),((t42,t99),t90)),((t96,t10),t83)),((t80,t95),t25)),((((t77,t37),(t4,((((t33,t26),t62),t61),t34))),(t47,t35)),((t22,t74),(t52,t53)))),(((((((t41,t87),t31),t13),t72),(t36,(t40,t68))),(((t46,((((t14,t11),t81),t20),t89)),t30),(((((t6,(t2,t94)),t27),t28),(t56,t12)),(t85,t45)))),((((t5,(t9,t32)),(t48,t39)),(((t69,t86),((t50,t19),t79)),t60)),((t44,t16),t93))))),(((t15,t63),((t8,t67),((((t66,t3),t71),((t7,t92),t29)),t43))),(((t97,t98),t55),t88))),root);
data/SuperTripletsBenchmark/model-trees/model-57.nwk.model_tree	data/SuperTripletsBenchmark/source-trees/d50/k30/data-d50-k30-57_phybp-s0r.nwk.source_trees	2.2939863204956055	1.74	((((((((t50,((t75,t21),t61)),t49),((t57,(t91,t26)),t62)),t69),((((t12,(t7,t74)),(t15,t94)),(t58,(t65,t79))),(((t44,t20),(t92,t52)),((t47,t37),t95)))),((((((((t84,(t67,t38)),t35),(t42,t10)),(t9,t29)),((t32,(t83,t73)),(t8,((t93,t71),((t6,(t40,t1)),t22))))),((((((t87,t88),t3),(t100,t90)),t77),(t5,(t39,t36))),(t72,t11))),((t4,t70),t43)),((((((t56,t63),(t28,(t24,t55))),t27),((t23,t68),t81)),((t82,t19),(t30,((t60,t89),t46)))),(((t97,((t86,t41),t98)),t54),((t59,t25),t31))))),((((t64,t66),t99),((t2,t78),t80)),(((t96,t53),((((t14,t17),(((t85,t18),t33),t51)),t13),t76)),((t16,t48),(t34,t45))))),root);
data/SuperTripletsBenchmark/model-trees/model-58.nwk.model_tree	data/SuperTripletsBenchmark/source-trees/d50/k30/data-d50-k30-58_phybp-s0r.nwk.source_trees	2.0354270935058594	1.59	(((((((t51,((t23,t72),t9)),(((t75,t1),t28),((((t93,t68),t65),t18),(((t5,t6),(t44,t63)),t58)))),(t24,t27)),((((t15,t35),(((t16,t41),t98),(t56,t89))),(((t97,t20),(((t22,t76),t92),t99)),(t59,t95))),(((((t42,t46),((t47,t13),t12)),(t10,t55)),t64),(t50,t77)))),(((((t11,t57),t32),(t14,t87)),(t60,(t52,t79))),(((t84,((t96,t3),t73)),(t54,t31)),(t2,t45)))),(((t29,(((t86,t17),t4),((((((t40,t33),t70),t7),t37),(t61,t85)),((t30,(t80,t48)),t81)))),((((t38,t19),(t100,t26)),(((t78,t53),t43),t71)),((((t69,(t62,t67)),(t83,t21)),t94),(t25,t90)))),(((t66,t82),t8),((((t49,t39),(t74,t36)),t34),(t91,t88))))),root);
data/SuperTripletsBenchmark/model-trees/model-59.nwk.model_tree	data/SuperTripletsBenchmark/source-trees/d50/k30/data-d50-k30-59_phybp-s0r.nwk.source_trees	2.1067254543304443	1.66	((((((t100,t33),(t98,t48)),(((t5,t9),t62),((t52,t45),((t80,t71),t86)))),(((((t63,((t34,(t91,t13)),(t76,t46))),t89),((((t83,t78),t55),t77),((t8,t38),t72))),(((t97,t75),(t54,t84)),(t69,t57))),(t43,t99))),(((((((((t11,(t3,t74)),((t32,t31),((t58,t15),t25))),(((t29,((t96,t26),t47)),t95),((t70,t87),t36))),(((t42,t2),t50),t67)),t88),(((t51,t94),t21),t12)),(t81,t39)),(((((t17,(t10,t49)),t53),t1),((t18,(((t85,t20),t4),(t64,t41))),t90)),((t59,t40),(((t61,t37),t65),t19)))),((((t23,((t7,t66),t35)),(t73,((((t56,t27),t93),t24),t6))),t44),(((t28,t82),(((t22,t14),t16),t30)),(t60,(t68,(t92,t79))))))),root);
data/SuperTripletsBenchmark/model-trees/model-60.nwk.model_tree	data/SuperTripletsBenchmark/source-trees/d50/k30/data-d50-k30-60_phybp-s0r.nwk.source_trees	2.1991190910339355	1.6400000000000001	((((((((((t85,t35),(t43,t21)),(t48,t89)),((t33,((t63,t53),t55)),(((t84,t94),t87),((t42,t59),t8)))),(t22,t98)),((((t41,t88),(t32,t10)),t51),(((t91,t78),t34),((t81,t1),t71)))),(t6,(t92,t45))),(((((t12,t69),t37),t76),(t80,t95)),(((t36,(t100,t46)),t4),(t15,(t40,(t97,t56)))))),((((t57,t17),t3),(((t75,t62),t68),((((t7,t50),t79),t72),t67))),(((((t20,((t5,t23),(t25,t26))),(((t27,t13),((t9,t82),(t24,t83))),t19)),((t31,t11),((t18,t52),t28))),((t96,t49),(t58,t14))),((((t30,t44,t54),t29),(((t64,t74),t73),(t47,t60))),((((t38,((t65,t16),t77)),(((t61,t86),(t39,t99)),t90)),t70),((t93,t2),t66)))))),root);
data/SuperTripletsBenchmark/model-trees/model-61.nwk.model_tree	data/SuperTripletsBenchmark/source-trees/d50/k30/data-d50-k30-61_phybp-s0r.nwk.source_trees	1.9155323505401611	1.55	(((((((((((t10,t3),t23),(t77,t52)),(((t50,t67),t20),t80)),t88),(t5,((t85,t37),t26))),(((((t83,t19),((t93,t51),t16)),(t84,t98)),t58),((t12,t89),t71))),((((t100,t1),t41),t73),((t28,t4),((t45,t79),(t74,t72))))),((t61,t49),(t70,(t44,t65)))),((((((t69,(t42,t38)),t14),(t86,((t76,t29),t48))),t87),(t18,t59)),((((((t53,t95),t30),t54),t64),(t6,(t55,t68))),(((((t31,t17),((t24,t2),(t40,t36))),(((((t15,t78),((t92,t63),t90)),((t96,t39),t75)),((t27,t46),t7)),(((t34,t9),t43),t62))),((t97,t33),((t60,((t81,t82),t35)),t66))),(((t8,t25),(((t99,t94),(t21,t13)),t56)),((((t47,t11),t91),t57),(t22,t32))))))),root);
data/SuperTripletsBenchmark/model-trees/model-62.nwk.model_tree	data/SuperTripletsBenchmark/source-trees/d50/k30/data-d50-k30-62_phybp-s0r.nwk.source_trees	1.9893159866333008	1.59	(((((((((t55,t67),(t98,t23)),t81),((((t70,t53),t31),t49),t65)),(((t33,t73,t13),(t37,t57)),((t12,t91),t71))),(t29,(((t43,t2),t51),t35))),((((t50,(t92,t24)),t95),(t34,(t54,t80))),(t86,(t7,(t56,t36))))),((((((((t100,(t8,t41)),(t3,t89)),(t66,t48)),(((t11,t88),(t46,t72)),(t52,t68))),((t22,(t84,t15)),(t75,(t83,t45)))),(((t21,(t26,t82)),t28),(t30,t87))),((((t61,t93),t27),((t96,t90),t60)),((t64,(t9,t99)),(t40,t63)))),(((((t94,t19),t42),((t97,(t4,t79)),((t18,t62),t78))),t76),(((((t59,t14),t32),((t69,t38),t17)),(((t44,t20),t10),t77)),(((t47,(t85,t58)),t1),((((t16,t74),t25),t39),(t5,t6))))))),root);
data/SuperTripletsBenchmark/model-trees/model-63.nwk.model_tree	data/SuperTripletsBenchmark/source-trees/d50/k30/data-d50-k30-63_phybp-s0r.nwk.source_trees	1.9873363971710205	1.61	((((((t10,((t13,t6),t8)),t39),(((t47,t68),t67),((t14,t51),(((t81,t64),t30),t96)))),((((((t84,(t91,t31)),(((t29,(t87,t1)),t40),t20)),(((t93,t86),t17),((((t69,t62),t52),t58),t76))),((t4,t99),t83)),((((t36,(t75,t48)),(((t2,t57),t66),((t3,t71),(t7,t82)))),t45),(t44,(t42,(t77,t72))))),(((t54,t60),t37),t55))),(((((((t9,t23),t92),(((t16,(t34,t49)),t59),t35)),((t90,t26),t12)),(((((t21,t89),((t56,t74),(t25,t19))),t63),(((t5,t79),t27),(((t65,t100),t85),(((t41,t33),t18),t46)))),t73)),((t32,t38),(t78,(t70,t53)))),(((((t28,t50),t15),((t97,t11),(t61,t95))),(t24,t98)),(((t94,(t43,t22)),t88),t80)))),root);
data/SuperTripletsBenchmark/model-trees/model-64.nwk.model_tree	data/SuperTripletsBenchmark/source-trees/d50/k30/data-d50-k30-64_phybp-s0r.nwk.source_trees	1.9337172508239746	1.57	(((((((((((t64,t5),t24),t74),(((t38,t6),t21),t80)),((((t8,t36),((t83,t72),t19)),t59),((t7,t47),t57))),(((((t75,t17),t1),t28),t63),(((t61,t39),t43),t4))),t92),(((t69,t96),t55),t20)),((((t84,t42),((t18,t58),t16)),t87),(((((t44,t82),t29),(t98,t60)),t65),((((t77,t30),((t76,t35),((t10,(t66,t88)),t86))),((t27,t70),t25)),(t33,t71))))),(((((((t52,t45),t90),(t73,(t9,t67))),(((t54,t95),t23),t34)),((((t50,t48),((t11,t89),(t15,t94))),((t85,t40),t97)),t56)),(t37,((((t62,t41),t53),t68),(t22,t14)))),((((t13,t78),(((t3,t31),t32),(t81,t49))),(t93,t46)),(((t91,t51),(t12,t26)),((t100,t2),(t99,t79)))))),root);
data/SuperTripletsBenchmark/model-trees/model-65.nwk.model_tree	data/SuperTripletsBenchmark/source-trees/d50/k30/data-d50-k30-65_phybp-s0r.nwk.source_trees	1.9481446743011475	1.57	((((((((t4,t70),t25),(((t91,t38),t44),t8)),(((t18,t60),t42),((t21,t49),t39))),(((t6,t11),t31),(t28,t24))),(((t92,t15),((((t34,t23),t97),t63),t85)),((((t52,t68),((t54,t47),t88)),t76),(t3,t57)))),((((((t98,t14),t16),((t59,t20),t95)),((((t10,t74),(t81,t30)),(t64,t5)),((t7,t66),t27))),((((t22,t100),((t1,t79),(((t56,t45),t99),((t33,t36),t65)))),(((t69,t41),t37),t53)),(((t58,t72),(t77,t78)),(t83,t67)))),(((((t61,t84),((t12,t50),t35)),((t80,t29),((t96,t90),t75))),((((t46,t94),t73),t26),(t9,(t55,t48)))),((((t32,t87),(t43,t51)),(((t62,t17),t19),(t2,t82))),(((((t93,t40),t86),t71),t89),t13))))),root);
data/SuperTripletsBenchmark/model-trees/model-66.nwk.model_tree	data/SuperTripletsBenchmark/source-trees/d50/k30/data-d50-k30-66_phybp-s0r.nwk.source_trees	2.013735055923462	1.6300000000000001	((((((((t64,t29),(t2,t3)),(t61,t67)),((t84,(t18,((t59,t87),t28))),(t77,t71))),((((t23,t6),t76),(t7,t78)),(t98,t82))),(((((((t5,t74),(t16,t41)),(t66,t52)),(t96,t51)),(t1,t79)),((t34,t55),t95)),((((((((((t38,t4),(t30,t49)),((t68,t11),t54)),t8),(t90,t48)),(t91,(t14,t31))),(t46,(t27,(t62,t37)))),(((t42,t99),(t33,t94)),t60)),((((((((t65,t93),t58),(t81,t92)),t32),(t44,(t97,t21))),(t50,t72)),(t22,((t69,t35),t43))),(t70,t45))),(t9,((t73,(t13,t100)),t12))))),((((t85,t36),t39),(((t63,t89),(t86,t17)),((t75,t26),t40))),(((t83,t15),(((t80,t20),(t56,t25)),(((t10,t53),(t19,t88)),t57))),(t24,t47)))),root);
data/SuperTripletsBenchmark/model-trees/model-67.nwk.model_tree	data/SuperTripletsBenchmark/source-trees/d50/k30/data-d50-k30-67_phybp-s0r.nwk.source_trees	1.9713561534881592	1.59	((((((((((((t15,t60),t99),t90),(((t50,t23),t42),((t44,(t66,t17)),t25))),t81),((((t34,t59),t52),t24),t22)),((((t12,t96),t32),(t55,t49)),(t86,t45))),((((t91,((t57,(t61,t62)),((t83,t63),t93))),(t47,t72)),((t58,t29),((t2,t31),t1))),(t88,((t10,t82),t54)))),((((t89,(t85,t100)),(((t56,t36),(((t40,t3),t13),t79)),t4)),(((t30,(t28,t21)),(t7,t53)),t51)),t64)),((t74,(((t84,t80),t33),t76)),(t27,t48))),((((((t73,t19),t37),(((t43,t69),t8),((t6,t78),t92))),((((((t16,t11),t71),t67),(t18,t20)),((((t65,t5),t35),t75),t41)),((((t97,t70),(t9,t39)),t87),t14))),((t98,t95),t68)),(((t38,t94),(t46,t26)),t77))),root);
data/SuperTripletsBenchmark/model-trees/model-68.nwk.model_tree	data/SuperTripletsBenchmark/source-trees/d50/k30/data-d50-k30-68_phybp-s0r.nwk.source_trees	1.9642689228057861	1.59	((((((((t19,(t65,t76)),t90),(t31,t82)),((((t25,t57),(t86,t36)),((t26,t99),t67)),((t34,t78),(t21,t48)))),((((t75,t72),t77),(t96,t40)),(((((t30,t94),(t95,t68)),t39),t60),((t18,t8),t70)))),((t43,((((t85,t5),(t97,(t52,t4))),(t92,t3)),t1)),((((t66,t6),t15),t87),((t11,(((t42,t50),t37),t35)),(t88,(t58,t79)))))),((((t29,((t12,t84),((t69,(t22,t13)),((t51,t89),(t80,t49))))),(((((t44,t100),(t45,((t61,t47),t64))),t73),((t20,t46),t32)),(((t93,t14),t63),(t9,t62)))),((((t2,t53),t27),t28),(t24,t83))),((((((t74,t17),(t10,t41)),t54),(t98,t33)),t56),((((t38,(t81,t91)),((t23,(t7,t59)),t71)),t16),t55)))),root);
data/SuperTripletsBenchmark/model-trees/model-69.nwk.model_tree	data/SuperTripletsBenchmark/source-trees/d50/k30/data-d50-k30-69_phybp-s0r.nwk.source_trees	2.0728580951690674	1.6400000000000001	((((((((((t38,t29),t8),t55),((t87,t82),t90)),((((t22,t48),(t14,t32)),(t11,(t63,t39))),(t40,t41))),((t69,t35),((t44,t71),t78))),((((((t18,t91),t94),t96),t33),(((((t25,t76),(t93,t73)),(t81,t2)),((((t13,t51),t85),(t30,t49)),((t84,t70),(t54,t57)))),((t15,t36),t21))),((t97,t77),t59))),((((((((t98,t26),t61),t31),t65),t56),((t3,t20),(t50,t52))),(t28,t47)),(((t92,t66),((t99,t17),t88)),(t46,(t7,t80))))),(((t100,((t67,t74),((t42,t79),t53))),(((t64,t89),(t10,t9,t95)),t19)),((((((t5,t72),t62),(t27,t1)),((t6,(t58,t60)),(t34,t23))),(((t68,t45,t86),t12),(t37,(t24,t43)))),((t16,t4),(t75,t83))))),root);
data/SuperTripletsBenchmark/model-trees/model-70.nwk.model_tree	data/SuperTripletsBenchmark/source-trees/d50/k30/data-d50-k30-70_phybp-s0r.nwk.source_trees	2.0871448516845703	1.65	(((((((((t46,((t11,t89),t80)),t62),((t69,t53),t3)),t67),((((t75,t90),t4),(t30,(t57,(t93,t94)))),(((t21,t16),t92),t64))),((((((t99,(t55,t74)),(t81,t14)),(t18,(t100,t52))),(t61,t83)),(t65,(t43,t8))),((t26,(t91,t63)),t85))),(((((((t36,(t98,t77)),t35),(((t28,t41),t38),t31)),(((t5,t7,t40),((t97,t22),t60)),(t56,t71))),((t76,t45),t82)),((t24,t29),t2)),((((t58,t33),(t48,t87)),(t20,(t70,t37))),((t49,t73),((t10,(t47,t78)),t12))))),((((((((t84,(t68,t19)),(t27,t17)),(t32,t79)),t96),((t1,t88),(t59,t86))),t13),((t66,((t23,t51),(t50,t25))),(t44,t42))),(((t34,t72),t15),((t6,t39),((t54,t9),t95))))),root);
data/SuperTripletsBenchmark/model-trees/model-71.nwk.model_tree	data/SuperTripletsBenchmark/source-trees/d50/k30/data-d50-k30-71_phybp-s0r.nwk.source_trees	2.251356363296509	1.74	((((((((t37,t36),t8),((((t4,t72),t21),((t66,t30),(t23,t70))),(t92,t99))),(((t15,t46),(t14,(t56,t40))),((t33,t17),t3))),(t75,t71)),(((t2,(t93,t29)),(t11,t19)),(((((t34,t63),(t28,t95)),t7),((t53,t45),t83)),(((t22,t5),t79),t43)))),((((((t51,t88),t54),t59),((((t44,t48),(t35,t57)),((t69,t87),t91)),(t12,((t1,((t25,t86),(t80,t76))),t98)))),((t74,t26),t85)),(((((((t100,(t42,t78)),((t52,t60),(t32,(t55,t67)))),t97),(t90,t73)),(t65,t41)),((((t18,(t61,t94)),(t31,t49)),(((t58,t50),(t16,(t47,t82))),((((t96,t68),t27),(t9,t39)),t64))),(((t77,t38),(t84,t89)),(t24,t20)))),((t81,t13),(t62,(t10,t6)))))),root);
data/SuperTripletsBenchmark/model-trees/model-72.nwk.model_tree	data/SuperTripletsBenchmark/source-trees/d50/k30/data-d50-k30-72_phybp-s0r.nwk.source_trees	2.2100813388824463	1.71	(((((((((t15,t33),(t76,t35)),((t8,t29),t93)),t95),(((t50,t99),t80),t37)),(((((t96,t100),t74),((((t48,t68),(t10,t31)),((t23,t88),(t78,t17))),(((t5,(t44,t71)),t18),(t98,t3)))),(t52,((((t42,(t7,t27)),t13),t77),(t89,(t75,t9))))),((t21,(t86,t49)),t90))),((((((t1,(t58,t41)),t24),(((t20,t53),t64),t16)),((((t85,(t84,t62)),t60),t66),(t54,t4))),((t92,t32),t36)),((t6,t19),(t40,t72)))),(((((t81,t46),t70),t82),(t22,t69)),(((((((t30,(t87,t57)),(((t12,t67),(t91,t79)),t25)),(((t2,t34,t51),(t97,t56)),t43)),(((t26,t63),t61),t45)),((t59,t11),t55)),(t47,t39)),(((t83,t73),((t14,t38),(t65,t28))),t94)))),root);
data/SuperTripletsBenchmark/model-trees/model-73.nwk.model_tree	data/SuperTripletsBenchmark/source-trees/d50/k30/data-d50-k30-73_phybp-s0r.nwk.source_trees	2.076462745666504	1.65	(((((((t22,t15),(t41,t29)),(((t68,(t90,t4)),t52),t42)),(((t56,(t39,t79)),(t69,(t12,t40))),((((t75,t49),t45),t20),(t21,t2)))),(((((((t7,t19),t53),((t100,t1),t98)),t54),(((t94,(t58,t17)),(((t97,t59),t85),(t62,t78))),(t77,t71))),(t47,t30)),((((t96,t72),t26),((t99,t88),(t55,t6))),(((t83,t67),t86),(t46,t63))))),(((((t3,((t81,t16),(t25,t51))),t92),((t61,t23),(t24,t60))),((((((t11,(t34,t27)),(t84,t80)),((t44,t64),(t50,t48))),((t10,t76),t36)),(((t38,t95),(t43,t87)),(t35,t74))),((((t18,t9),t82),t89),((((t14,(t5,t8)),t93),((t32,t73),(t65,t31))),(t91,t57))))),(((t13,t70),(t66,t33)),(t28,t37)))),root);
data/SuperTripletsBenchmark/model-trees/model-74.nwk.model_tree	data/SuperTripletsBenchmark/source-trees/d50/k30/data-d50-k30-74_phybp-s0r.nwk.source_trees	2.0694093704223633	1.62	((((((((t65,t5),t32),t49),(((t23,(t22,t90)),t39),t16)),((t73,(t70,((t62,t78),t13))),t75)),((((t9,((t100,t37),t85)),t50),((t97,t94),t56)),(((((t24,t79),t55),(t10,(t15,t60))),((((t54,t72),(((t64,t88),t26),t11)),(((t69,t53),t12),t7)),(((t84,t76),(t30,(t80,t14))),(t59,t67)))),(t96,t3)))),((((((t52,t89),t41),((t29,((t93,t51),t74)),t31)),(((t2,t4),t58),((t61,t33),t40))),(t44,(t43,t86))),(((((t6,t68),((t17,(t91,t36)),((((t42,t82),t45),t71),t57))),(t38,t35)),(((t66,(((t77,t99),t21),t25)),(t63,t1)),t27)),((((t98,t8),(t20,t87)),((t18,t48),t19)),((t95,((t81,t47),t28)),((t92,t83),(t34,t46))))))),root);
data/SuperTripletsBenchmark/model-trees/model-75.nwk.model_tree	data/SuperTripletsBenchmark/source-trees/d50/k30/data-d50-k30-75_phybp-s0r.nwk.source_trees	2.097397804260254	1.6500000000000001	((((((((t20,t71),((((t83,t10),t24),((t29,(t16,t19)),(((t46,t11),t43),t12))),(t28,t3))),(((((t76,t4),t73),((t21,t95),t42)),((t80,t41),t77)),t49)),(((t14,t82),(t35,t17)),t58)),(t65,t48)),((t96,t9),(((t44,t64),(t15,t1)),t2))),(((((((((t13,(t36,(t8,t53))),((t81,t45),t90)),(((t84,t74),t100),((((t59,t60),t98),t51),t37))),(t50,t72)),((t32,t38),t39)),((((((t18,((t34,t6),t52)),((t91,t30),(t22,t25))),(t56,t88)),((t31,t99),t89)),(t7,t67)),t78)),(((((t47,t86),t61),((t27,t87),t55)),((((t23,t33),t93),(t54,t66)),(t40,t70))),t62)),(((t85,t5),(t63,t57)),(t69,((t97,t68),t75)))),((t26,t94),(t92,t79)))),root);
data/SuperTripletsBenchmark/model-trees/model-76.nwk.model_tree	data/SuperTripletsBenchmark/source-trees/d50/k30/data-d50-k30-76_phybp-s0r.nwk.source_trees	2.020608901977539	1.58	(((((((t10,t33),((t88,(t22,t25)),t62)),(((((t89,(t12,t55)),t43),(t54,t31)),((t5,t11),t74)),((t50,t36),t27))),(((t94,((t98,t15),t90)),t40),t14)),(((((((t29,((t28,t8),t92)),(t97,t67)),(t52,((t21,t53),t65))),((t96,(t34,t85)),t24)),((t61,t73),((t59,t68),t13))),((t69,t72),((t41,t78),((t18,t1),t51)))),((t19,(t47,t66)),t49))),(((((((((t77,(t23,t100)),(t64,t37)),t82),((t46,t71),(t91,t4))),((t84,(t83,t99)),((t30,t26),(((t60,t57),t39),t2)))),(((((t20,t70),t93),(t56,t45)),((t16,t95),t81)),((t44,t6),t42))),t63),((t38,(t35,t87)),t7)),(((t58,t17),t75),((((t86,t3),t48),t80),((t32,t79),(t9,t76)))))),root);
data/SuperTripletsBenchmark/model-trees/model-77.nwk.model_tree	data/SuperTripletsBenchmark/source-trees/d50/k30/data-d50-k30-77_phybp-s0r.nwk.source_trees	2.029946804046631	1.66	(((((((((t54,(t22,t91)),(t49,((t51,t57),t3))),(((t76,t73),t62),((t74,t79),t45))),((((t20,(t65,t85)),t99),(((t24,t6),((t66,(t44,t68)),t39)),t97)),(((t7,t55),t28),((t41,t36),t1)))),(((((t96,t50),(t40,t94)),t67),t21),(t92,t87))),(((((t69,t26),t71),t10),((((t34,((((t23,((t15,t88),t58)),t84),t5),t86)),((t30,t53),t19)),(t56,t31)),(t18,(t64,(t83,t52))))),((((((t37,((t27,t82),t11)),t8),t13),((((t81,t42),t95),t32),(t93,(t90,t78)))),t75),((t77,t63),(t14,t60))))),((t29,(t9,t4)),(((t80,t35),t38),((t59,(t12,(t25,t48))),t89)))),(((((t43,t17),(t47,t2)),t72),(t100,t46)),(((t98,t33),(t61,t16)),t70))),root);
data/SuperTripletsBenchmark/model-trees/model-78.nwk.model_tree	data/SuperTripletsBenchmark/source-trees/d50/k30/data-d50-k30-78_phybp-s0r.nwk.source_trees	2.0696706771850586	1.65	((((((((t11,t79),t27),((((t93,t23),t39),t41),((((t82,t57),t83),(t67,t99)),t46))),((((t38,t63),t85),t20),(((t28,t18),t50),(t64,t73)))),((t8,t68),t86)),(((((t56,t45),((t54,t95),t43)),t32),(((t15,t31),(t65,t98)),(((t49,t89),t69),(t90,t74)))),((((t94,(t24,t100)),((t60,t36),t58)),(t91,t1)),t59))),((((((t77,(((t84,t55),t76),t17)),t97),(((t12,t66),(((t34,t16),(t26,t72)),t3)),t71)),((t62,t88),t13)),(((t81,t6),((t2,((t25,t10),(t47,t9))),t30)),((t7,t14),(t22,t42)))),((((((t70,(t51,t19)),t87),t40),t48),((t75,t4),t80)),((((t21,((t29,t53),t44)),t96),((t5,t33),t52)),(((t92,t37),(t35,t78)),t61))))),root);
data/SuperTripletsBenchmark/model-trees/model-79.nwk.model_tree	data/SuperTripletsBenchmark/source-trees/d50/k30/data-d50-k30-79_phybp-s0r.nwk.source_trees	1.982248067855835	1.61	((((((((t54,t37),(t97,(t1,t71))),(t38,t19)),((t7,t87),t52)),(((t3,t29),(((t2,t88),t100),t41)),((((t67,t63),t18),((t85,t14),t35)),(t23,(t91,t62))))),((((((((((t21,t72),t65),((t90,t46),t59)),(t53,t68)),((t55,t17),(t61,t69))),((((t34,t5),t78),t93),t73)),((((t77,t31),(t83,t4)),t20),(t74,t39))),((((t44,t70),(((t94,(t47,t60)),t66),((t84,t76),t48))),(t22,t98)),((t50,t82),t25))),((((t96,t33),(t8,t40)),t81),(t56,t58))),(((((t10,t36),t6),t45),t95),(t64,t80)))),(((((t13,t51),(t30,t99)),(t42,(t28,t15))),(((t26,t11),t24),(t49,(t86,t79)))),(((t12,(t92,t27)),((t75,t43),t9)),(((t57,t89),t16),t32)))),root);
data/SuperTripletsBenchmark/model-trees/model-80.nwk.model_tree	data/SuperTripletsBenchmark/source-trees/d50/k30/data-d50-k30-80_phybp-s0r.nwk.source_trees	1.9005861282348633	1.57	(((((((t69,(t78,t17)),t24),((((t39,t37),((t31,(t40,t51)),(t13,t3))),(((t46,(t65,t29)),t36),(t59,t52))),(t75,t14))),((((((t87,(t28,t64)),t99),(((t43,t11),t5),(t34,t49))),t63),(((t50,(t18,t94)),t70),(t56,t82))),((((((t60,(t100,(t58,t53))),t55),(t33,(t92,t41))),((t22,t93),t86)),t61),(t80,t16)))),(((((t8,t30),(t81,t48)),(((t76,t57),((t91,t66),(t35,t95))),(t72,t19))),((t85,t38),((t74,t45),t77))),((((t9,t15),(((t47,t2),t25),(t89,(t21,t1)))),((t98,t42),(t26,t79))),((((t97,t6),(t32,t90)),((t10,t68),((t54,t96),t20))),(t83,t62))))),(((t44,t88),(((t12,t71),(t27,t23)),t67)),(((t84,t4),t7),t73))),root);
data/SuperTripletsBenchmark/model-trees/model-81.nwk.model_tree	data/SuperTripletsBenchmark/source-trees/d50/k30/data-d50-k30-81_phybp-s0r.nwk.source_trees	1.9039669036865234	1.56	((((((((t26,t82),t78),t69),(t54,t64)),t66),((((((((t75,t50),t43),((t90,t87),t3)),t33),(t62,t71)),(t63,(t8,t48))),((((((t80,t45),(t4,t37)),(((t77,t38),t91),t31)),t92),t52),t14)),(((t10,t30),t51),(t74,(t12,((t22,t21),(t56,t6))))))),((((((((t60,t39),t95),t35),((t65,t17),t67)),(((t27,t11),(t25,(t85,t9))),t72)),(((t47,t20),t76),t13)),((((t18,t2),(t32,t68)),t42),((((t40,(t58,t88)),((((t15,t70),t59),t44),t1)),t99),((t86,(t81,t28)),(t34,t96))))),(((((((t100,t53),t73),((t49,(t24,t83)),t29)),t98),((((t61,t5),t55),((((t36,(t16,t19)),t79),t7),t23)),t97)),t46),(((t84,t93),(t41,t94)),(t57,t89))))),root);
data/SuperTripletsBenchmark/model-trees/model-82.nwk.model_tree	data/SuperTripletsBenchmark/source-trees/d50/k30/data-d50-k30-82_phybp-s0r.nwk.source_trees	1.9056193828582764	1.54	(((((((t58,t51),((t83,t95),(((((t24,t17),t98),(t64,t29)),((t66,t70),t46)),t71))),t57),(((t11,(t93,t76)),t53),t69)),(((t31,(t8,t86)),((t23,t6),t45)),((((t60,t39),((t89,(t16,t82)),t63)),((((t100,t26),(t9,t35)),(t61,t21)),((t18,t47),t78))),(t80,(t1,t19))))),(((((t85,t5),t41),((((t2,t88),((t72,(t56,t77)),(t22,t33))),(t27,t37)),(t74,(t34,t75)))),((((((t81,t73),(t55,t48)),t87),t52),(t44,t43)),((t15,((t92,t14),(t91,t79))),(((t50,((t12,t32),(t25,t20))),((((t84,t36),t30),(t59,t68)),t28)),t65)))),(((t54,t49),((t10,(t90,t3)),((t38,t4),(t94,(t96,t42))))),((((t7,t13),t99),t67),(t97,(t62,t40)))))),root);
data/SuperTripletsBenchmark/model-trees/model-83.nwk.model_tree	data/SuperTripletsBenchmark/source-trees/d50/k30/data-d50-k30-83_phybp-s0r.nwk.source_trees	1.9546031951904297	1.58	(((((t30,(t89,(t18,t35))),t87),(((((t75,t50),t70),(((t54,t62),t39),(t92,t52))),(((t96,t8),(t44,t34)),((t64,t79),(t55,t38)))),(((t49,t68),t57),t77))),((((((((t84,t98),t95),(((t12,t3),((t91,(t80,t10)),((t81,t22),t61))),t27)),(t69,(t59,(t9,t72)))),(((t37,(t24,t83)),(t13,t73)),(t31,t29))),((t42,t36),t76)),(((((t51,t1),t71),t46),(t41,((t7,t6),t85))),(((((t15,(t48,t45)),(t63,((t99,t82),t32))),((t5,(t58,t11)),t23)),t56),((t40,t74),(t28,t88))))),((((t14,t17),(t97,(t86,t26))),(((t66,(t43,t90)),(t25,t19)),((t93,t33),((t16,(t65,t4)),t53)))),((((t100,(t60,(t47,t94))),t67),t20),((t2,t78),t21))))),root);
data/SuperTripletsBenchmark/model-trees/model-84.nwk.model_tree	data/SuperTripletsBenchmark/source-trees/d50/k30/data-d50-k30-84_phybp-s0r.nwk.source_trees	1.9786674976348877	1.62	(((((t30,(((((t76,t71),t44),(t86,t72)),((t47,t62),t94)),(((t77,t35),(t18,((t40,t89),(t24,t26)))),t19))),t95),((((((((t61,t36),t90),t15),(t58,t79)),t37),((((t97,t65,t48),t53),(t81,t10)),(t84,t41))),(((t98,t82),t4),((t57,t17),t54))),(t50,t46))),((((((t56,t49),t52),((((t7,t22),(t67,t45)),t96),((t83,t2),((t5,(t20,(t16,t70))),(((t59,t32),(t43,t25)),(t100,t33)))))),((((t27,t9),(((t28,t51),t55),t92)),((t75,t73),t91)),((t68,t1),t12))),((((((((t78,t63),t8),t99),t93),(((t42,t11),t34),(((t21,t23),(t31,t74)),(t66,t3)))),t80),((t29,t87),t69)),t85)),(((t13,t6),(t60,(t38,t39))),((t64,t14),t88)))),root);
data/SuperTripletsBenchmark/model-trees/model-85.nwk.model_tree	data/SuperTripletsBenchmark/source-trees/d50/k30/data-d50-k30-85_phybp-s0r.nwk.source_trees	1.9652798175811768	1.59	((((((((t27,t17),t15),t99),t55),((t50,(((t93,t66),t83),((t34,t88),t47))),t32)),(((((((t18,t16),(t44,t67)),(((t74,t73),((t98,t52),t3)),((t62,(t86,t6)),t54))),((((t28,t94),t31),t23),(t21,t39))),(((t2,((t20,t63),(t14,t89))),(t64,t38)),(((((t100,t82),(t10,t70)),t77),((t19,t79),((t76,t46),t60))),t78))),(t8,t1)),((t11,((t92,t90),t25)),(t29,(t65,t35))))),(((((((t95,t57),(t85,t68)),t43),(t51,t45)),((t96,(t13,t37)),((((t30,t53),t42),(t7,t41)),t22))),(((((t56,t5),t80),(t24,t26)),(t97,t61)),(((((t59,t4),t81),((t91,t71),t9)),t40),((t84,t49),t33)))),((t69,((((t75,t58),t48),t12),t87)),(t72,t36)))),root);
data/SuperTripletsBenchmark/model-trees/model-86.nwk.model_tree	data/SuperTripletsBenchmark/source-trees/d50/k30/data-d50-k30-86_phybp-s0r.nwk.source_trees	1.993873119354248	1.59	(((((((t32,t10),(((t81,t33),t54),t74)),((t13,t46),((t70,t57),t83))),(((((t94,(t28,t82)),(t42,t45)),((t18,t29),t24)),((t52,t87),(t58,t1))),(t91,t17))),(((((((t61,t5),((t55,t49),t59)),t8),t79),((t67,t20),t90)),(((t40,t53),t65),t60)),((((t84,t88),t35),((((t25,t41),t21),t71),t66)),(t26,(t56,t100))))),(((((((t34,t93),t3),(t23,t86)),((t27,t48),((t2,t78),(((t50,t76),(t98,t62)),(t16,t89))))),(((((t30,t68),t11),(t72,(t95,t36))),(t75,t37)),(t85,t39))),(t12,(t9,t6))),((((t97,t92),t64),(t22,t96)),(((((t14,(((t47,t31),t63),t51)),t19),t15),(t44,t73)),(((((t7,t69),t43),(t77,t4)),t99),(t80,t38)))))),root);
data/SuperTripletsBenchmark/model-trees/model-87.nwk.model_tree	data/SuperTripletsBenchmark/source-trees/d50/k30/data-d50-k30-87_phybp-s0r.nwk.source_trees	2.0064897537231445	1.62	((((((((((t97,t14),(t65,t100)),(t34,(t88,(t24,t83)))),((((((t64,t12),t98),t56),t16),t2),(t4,t78))),(((t33,t26),(t40,(t21,t89))),t45)),(((t95,(t52,t48)),t25),t23)),((((((t3,t70),((t58,t17),t87)),(t49,(t44,t92))),((t5,(t13,(t7,t43))),(t32,t20))),((t29,t99),((t96,t66),t81))),((((t71,t36),t68),(t80,t38)),t94))),(((t93,((t60,(t53,t39)),((t28,t8),t27))),t86),(((t75,t62),(((t90,t31),(((t42,t55),t6),t76)),t41)),((t50,t51),(t79,(t22,t77)))))),((((((t59,t63),t47),t61),((t10,t72),(((t84,t11),t57),(t91,t82)))),(t37,((((t18,t1),t19),t73),t15))),((((t67,t30),(t69,t9)),(t85,t35)),((t46,t74),t54)))),root);
data/SuperTripletsBenchmark/model-trees/model-88.nwk.model_tree	data/SuperTripletsBenchmark/source-trees/d50/k30/data-d50-k30-88_phybp-s0r.nwk.source_trees	2.168328046798706	1.7	((((((((t62,t53),(t28,t8)),t87),((t98,t31),t22)),((((t33,(t64,t80)),(t48,t51)),t10),((t97,t89),t76))),((t96,(((((t4,t39),t85),(t86,t1)),t45),t18)),((((t16,t17),(t49,t88)),t21),(t24,t25)))),(((((((((((t19,t57),t50),((t2,t46),t47)),(t77,t29)),t75),((((((t100,t35),t65),t40),((t34,t20),t82)),(t3,t71)),t91)),((t26,t70),((((t15,t72),t14),t38),(t56,t5)))),((((t6,(t43,t79)),(t54,t36)),t95),(t58,(t52,t73)))),((((t44,((t42,t94),t13)),((t27,t23),t74)),t78),(((t81,t92),(t69,t90)),(t41,(t93,t63))))),(((t7,t59),(t32,t55)),t66)),(((t67,t68),((t84,((t61,t30),(t9,t11))),(((t12,t37),t83),t60))),t99))),root);
data/SuperTripletsBenchmark/model-trees/model-89.nwk.model_tree	data/SuperTripletsBenchmark/source-trees/d50/k30/data-d50-k30-89_phybp-s0r.nwk.source_trees	1.9819774627685547	1.56	(((((((t56,t35),((t38,(t65,t16)),t73)),(t5,((t80,t25),(((t99,t87),t34),(t82,t79))))),((((((t69,t52),t46),(t18,(t9,t78))),(t77,t94)),t74),((t8,t59),t63))),((((t17,t42,t86),(t48,t72)),(((t43,t76),t61),t37)),(((t7,t31),(t98,t55)),((t23,t1),t71)))),(((((((t50,(t12,t20)),t90),(((t47,t6),t95),t100)),(((t84,t70),t89),t68)),((t92,t19),(t62,(t28,t83)))),(((t97,t66),t51),((t30,t39),(t96,t2)))),((((t33,(t64,t11)),((t36,(t32,t3)),((t26,(t93,t4)),t49))),(((((t15,t41),t57),t91),((((t22,t58),(t54,(t29,t53))),((t27,t10),t40)),t44)),(((t81,t21),t13),(t14,t67)))),((t75,t85),((t24,t88),(t60,t45)))))),root);
data/SuperTripletsBenchmark/model-trees/model-90.nwk.model_tree	data/SuperTripletsBenchmark/source-trees/d50/k30/data-d50-k30-90_phybp-s0r.nwk.source_trees	2.3553671836853027	1.76	((((((((((t97,t9),t7),t39),(t51,t88)),(t66,((t31,t78),t61))),t83),(((t35,t89),(t46,t45)),(t27,t14))),((((((t48,t57),t8),(t16,t20)),((t38,(t96,t68)),(((((t47,t37),t28),(t44,t76)),t34),t58))),((((((t50,t91),t3),t24),(t43,t30)),(t59,t6)),(t5,(t15,t87)))),(((t10,(t98,t77)),(t56,t33)),(t60,t63)))),((((((((t26,t72),t62),((t86,t29),t70)),((t64,t11),(t53,t1))),t90),((t84,t40),(t85,(t69,t19)))),(((t42,t55),((t52,t73),t12)),(t18,t32))),((((((t25,t99),t81),((t54,t82),(((t22,t23),t71),t17))),(((t100,t74),(t93,t4)),t80)),(t21,(t67,t95))),(((((t65,t49),t79),t94),t36),(((t2,t41),t92),(t75,t13)))))),root);
data/SuperTripletsBenchmark/model-trees/model-91.nwk.model_tree	data/SuperTripletsBenchmark/source-trees/d50/k30/data-d50-k30-91_phybp-s0r.nwk.source_trees	2.059904098510742	1.65	((((((((((t7,t3),(((t80,t63),t78),t67)),t30),((t31,((t46,(t42,t79)),((t8,t49),t60))),(((((t14,t57),t66),t41),t56),t1))),((t77,t88),((((t76,t70),t83),(t43,t53)),t65))),((t27,t84),t62)),((((t73,(t45,t37)),(t38,(t47,t13))),(t50,t6)),(t26,t54,t19))),((((((((t95,t89),(t28,t40)),(t4,t71)),t82),(t93,t91)),(((t59,(t22,t86)),t34),t97)),(((t52,t17),t15),t61)),((((t23,t72),t100),((((t21,t20),((((t24,((t5,t58),t36)),t33),t98),(t55,t94))),(t12,t99)),((t32,t68),(t96,t48)))),t39))),(((t11,(t18,(t81,t35))),(((t2,t10),t90),t25)),(((t69,t87),(t44,(t64,t51))),((t85,t29),((t75,t9),((t92,t16),t74)))))),root);
data/SuperTripletsBenchmark/model-trees/model-92.nwk.model_tree	data/SuperTripletsBenchmark/source-trees/d50/k30/data-d50-k30-92_phybp-s0r.nwk.source_trees	2.037557363510132	1.66	(((((t69,t29),(((t23,t37),t61),(t15,t89))),(((t27,(t43,t45)),(((((((t83,t11),t65),t88),t48),t30),t78),t85)),((t40,t31),(t42,(t71,(t25,t74)))))),(((((t5,(t16,t79)),(t21,t20)),(((t64,t95),((t60,t6),t68)),(((t46,t57),t77),(t99,(t96,(t90,t1)))))),((((t100,(t18,t50)),((t22,(t12,t3)),(t59,t63))),(((t49,((t34,t81),t86)),(t28,t98)),((t76,t38),t55))),(((t26,t53),t47),(t14,(t56,t2))))),((((((t36,(t32,t19)),((t8,t73),t4)),(t97,t75)),(t7,(t62,t72))),((t33,(t92,t82)),((t58,t93),t9))),(((t52,t87),((((t84,t35),t70),t51),(t13,t66))),(((((t67,t41),t24),t10),((t80,t94),t17)),((t54,t91),(t44,t39))))))),root);
data/SuperTripletsBenchmark/model-trees/model-93.nwk.model_tree	data/SuperTripletsBenchmark/source-trees/d50/k30/data-d50-k30-93_phybp-s0r.nwk.source_trees	2.4467644691467285	1.87	((((((((t70,((t82,t79),(t54,t9))),(((t69,((t98,t33),t61)),(t97,t73)),(t48,t94))),(((t88,(t52,t35)),t10),t39)),(((t46,(t42,t78)),(t59,(t31,t95))),(t55,((t81,t38),(t56,t58))))),(((t84,t87),((t30,t41),(t93,t13))),(((((t8,t51),(t24,t4)),(t40,t60)),(((t44,t86),((t7,t27),(t3,t99))),(((t34,t32),t83),(t77,t63)))),((t65,t17),t53)))),(((t67,((t62,t49),t25)),(((t43,t47),t89),(t12,(t90,t74)))),(((((t75,t20),(t64,t96)),t19),(t22,t2)),(t29,((t80,t76),t85))))),(((((((t16,t36),(t100,t11)),t66),t21),((t72,t57),(t91,t26))),(((t23,t1),t92),((t28,t18),(t15,t37)))),((((t5,t14),t71),(t50,t45)),(t6,t68)))),root);
data/SuperTripletsBenchmark/model-trees/model-94.nwk.model_tree	data/SuperTripletsBenchmark/source-trees/d50/k30/data-d50-k30-94_phybp-s0r.nwk.source_trees	2.1082260608673096	1.7	(((((t82,(t16,t86)),((((((t66,((t67,t90),t8)),(((t97,t96),((t7,t49),t83)),(((t58,t17),t54),t87))),t94),((t77,t71),t53)),((t40,t89),(t10,t29))),((((((t55,t30),t20),t11),(t47,t21)),(t84,(t74,t73))),t85))),(((((((t100,t26),(t38,t33)),(((t18,t93),t31),t57)),t60),((((t75,t24),(t22,t95)),t48),(t12,t99))),(((t92,t37),t76),t19)),(((t13,t15),(t81,t45)),(((((t34,t36),t32),t42),(t44,t5)),t9)))),((((((t64,t3),(((t70,(t4,t39)),((t46,t1),t6)),((t23,t41),t28))),t65),(((t43,t50),t68),((((t51,t72),t80),t27),((t79,(t52,t35)),(t78,(t56,t63)))))),(t88,(t25,(t61,t62)))),((t14,(t69,t59)),((t91,t2),t98)))),root);
data/SuperTripletsBenchmark/model-trees/model-95.nwk.model_tree	data/SuperTripletsBenchmark/source-trees/d50/k30/data-d50-k30-95_phybp-s0r.nwk.source_trees	2.0973575115203857	1.71	(((((((((((t9,t15),(t92,t32)),t99),((((t97,(t50,t31)),(t69,t100)),((t42,t49),t37)),(t12,t98))),(((t8,t94),((t66,t19),t21)),t44)),(((t56,t61),t95),(((t83,t18),t68),t16))),((t62,t36),(((t28,t86),t85),t78))),(((t65,(((t43,t20),t76),t25)),(((t59,(t80,t52)),(((t46,(t35,t51)),(t14,((t75,t73),t41))),(((t58,t71),t39),((t84,t72),t7)))),(t26,(t13,t79)))),((t27,t30),(t38,t87)))),(((((t96,(t54,t77)),t33),t60),((t6,t63),t82)),((((t2,t3),t55),(t64,t45)),(t81,t90)))),((((t10,t67),t53),(((t34,t23),(t89,(t11,t88))),(t47,(t40,t4)))),((((((t70,t57),t17),(t22,t5)),((t48,t1),t24)),(t29,(t93,t74))),t91))),root);
data/SuperTripletsBenchmark/model-trees/model-96.nwk.model_tree	data/SuperTripletsBenchmark/source-trees/d50/k30/data-d50-k30-96_phybp-s0r.nwk.source_trees	2.0061025619506836	1.66	((((((((t27,t38),t72),t73),(t47,(t22,t33))),((t62,t4),((((t66,t74),t34),(t14,t88)),(t96,t70)))),((t23,t37),(((t95,t79),t9),t32))),(((((((t60,(t98,t78)),((t42,t59),(t92,t76))),((((t80,t17),t58),(t21,t52)),(((((t43,t13),((t20,(t61,t3)),t5)),(t85,t35)),(t15,t71)),t6))),(t29,((((t12,t63),(t99,t68)),t93),((t84,t67),t44)))),((t36,(t46,t94)),t24)),(((t69,t19),t87),t40)),(((((((((t81,t49),t97),(t54,t31)),t48),((t16,t57),t8)),t41),(((t2,(t83,t51)),(((t100,t90),t11),t64)),((t30,((t18,t86),t56)),(t25,t82)))),(((t77,((t65,(t28,t45)),t26)),((t91,t89),t10)),(t7,t50))),(((t75,t1),(t55,t39)),t53)))),root);
data/SuperTripletsBenchmark/model-trees/model-97.nwk.model_tree	data/SuperTripletsBenchmark/source-trees/d50/k30/data-d50-k30-97_phybp-s0r.nwk.source_trees	2.1576900482177734	1.77	(((((((((((((t75,t42),t48),((t13,t17),t26)),t23),t25),((((t58,t35),t59),((t32,t88),t52)),t41)),((t12,t95),((t31,(t63,t36)),t44))),(t5,(t62,t82))),((((t46,t71),t89),t49),t66)),((((t54,t68),(t24,t40)),t94),((t93,t100),((t77,t37),t28)))),(((((t91,(t51,t39)),(t73,((t56,t81),(t83,t57)))),(t65,(t14,t87))),((((((((t64,t47),t19),(t2,t78)),t15),t1),(t85,t4)),(t7,t8)),((t20,t60),t29))),((((t38,t72),(((((t69,t67),t45),t10),t50),(t97,t18))),((t33,t70),t43)),(t79,(t21,t16))))),(((((t22,(t98,t90)),t74),(t30,t53)),t27),((((((t96,t6),t99),t80),(t92,t3)),((t55,t11),t76)),(((t84,t86),(t61,t9)),t34)))),root);
data/SuperTripletsBenchmark/model-trees/model-98.nwk.model_tree	data/SuperTripletsBenchmark/source-trees/d50/k30/data-d50-k30-98_phybp-s0r.nwk.source_trees	2.1489295959472656	1.75	(((((((t60,((t100,t95),t98)),(t91,t46)),(((t41,(t28,t76)),t82),t24)),(((((((t20,t45),t36),((t85,t27),(t79,(t23,t52)))),((t9,t86),t40)),(t93,t31)),((((t5,t66),(t77,t57)),(t35,t19)),t90)),((t10,(t7,t96)),(((t70,t39),(t80,t88)),(((((t50,(t59,t53)),t64),t8),(((t62,t26),t73),t4)),((t75,t33),t56)))))),((t2,t74),(t65,(t51,t63)))),(((((((((((t12,t49),t47),t14),(t99,t37)),((t15,t87),t54)),((t92,t67),t13)),t48),(((t69,t71),(t42,t94)),((((t44,t38),t58),t21),t78))),((t83,t30),(t29,t1))),((t18,(t72,t89)),(t55,t3))),(((t43,t22),((t68,t11),t61)),((((t84,t16),((t34,t6),t17)),(t97,t25)),(t81,t32))))),root);
data/SuperTripletsBenchmark/model-trees/model-99.nwk.model_tree	data/SuperTripletsBenchmark/source-trees/d50/k30/data-d50-k30-99_phybp-s0r.nwk.source_trees	2.0728044509887695	1.72	((((((((t50,t32),(t13,t46)),t59),((t15,((((t92,t74),(t23,(t77,t26))),(t35,t82)),(t24,t70))),t67)),(((t22,((t6,(t3,(t54,t95))),((t56,t10),t78))),((((t18,t4),t11),((((t81,t19),t61),((t14,t49),t51)),(t44,t1))),t84)),((t21,t91),t76))),((((((t38,t73),(((t27,t62),(t2,t53)),t57)),(((t69,t90),t79),t34)),(((t20,t48),(t25,t99)),(t80,t94))),(t98,t31)),((t7,t88),t75))),(((((t41,t29),t37),(t30,t68)),(t64,t33)),((((((((((t43,t5),t8),t55),t86),(t60,(t83,t39))),((t40,(t42,t72)),((t100,(t47,t87)),(t96,(t65,t85))))),((t66,(t58,t52)),t9)),(((t63,t89),(t28,t45)),t16)),t17),(((t97,t71),t36),(t12,t93))))),root);
data/SuperTripletsBenchmark/model-trees/model-100.nwk.model_tree	data/SuperTripletsBenchmark/source-trees/d50/k30/data-d50-k30-100_phybp-s0r.nwk.source_trees	2.274951219558716	1.86	((((((t5,t37),(t44,t22)),((t3,t49),(((t80,t31),t75),t95))),(t26,t57)),(((t54,(t27,t77)),((((((t25,t39),t67),((t28,t100),t13)),t41),((t30,t60),(((t35,t17),t93),(t33,t70)))),((((((t85,t50),t4),(t81,t98)),(t42,t91)),t83),((t23,t52),(t96,t20))))),(((((((t92,t78),(t21,t2)),((t7,t74),(t58,t15))),((t86,t82),((((t69,t59),t16),t66),(t6,t88)))),(((t63,t53),(t32,t79)),(t29,t45))),(((t68,t89),t1),(t55,t94))),((((((t46,t72),(t40,t48)),(((t97,t11),t71),t34)),(t14,((t18,(t65,t38)),t24))),(t56,(t51,t19))),(((((t43,t84),(t47,t9)),t12),t36),((((t10,t99),t87),t64),((t8,t62),(((t76,t73),t61),t90)))))))),root);
