data/SMIDGenOutgrouped/100/20/Model_Trees/pruned/smo.0.modelTree.tre	data/SMIDGenOutgrouped/100/20/Source_Trees/RaxML/smo.0.sourceTrees.tre	0.8763360977172852	0.65	35	229	0.779874213836478	36	233	0.775	((((((((((t34:1.0,t77:1.0):1.0,((((t95:1.0,t90:1.0):1.0,t35:1.0):1.0,t99:1.0):1.0,((t27:1.0,t14:1.0):1.0,t10:1.0):1.0):1.0):1.0,(t5:1.0,t2:1.0):1.0):1.0,((((t48:1.0,t83:1.0):1.0,t59:1.0):1.0,t51:1.0):1.0,((((t64:1.0,t23:1.0):1.0,t4:1.0):1.0,t52:1.0):1.0,((t61:1.0,t16:1.0):1.0,t53:1.0):1.0):1.0):1.0):1.0,t49:1.0):1.0,(((t41:1.0,t55:1.0):1.0,t43:1.0):1.0,(((t8:1.0,t72:1.0):1.0,t65:1.0):1.0,t20:1.0):1.0):1.0):1.0,(((((((t6:1.0,t68:1.0):1.0,((t76:1.0,t87:1.0):1.0,t78:1.0):1.0):1.0,t26:1.0):1.0,t84:1.0):1.0,(t92:1.0,t38:1.0):1.0):1.0,(((((((t71:1.0,t75:1.0):1.0,t28:1.0):1.0,((((t54:1.0,t46:1.0):1.0,t63:1.0):1.0,(t13:1.0,t40:1.0):1.0):1.0,t47:1.0):1.0):1.0,t44:1.0):1.0,((t3:1.0,t97:1.0):1.0,t7:1.0):1.0):1.0,(((t30:1.0,t96:1.0):1.0,t24:1.0):1.0,t9:1.0):1.0):1.0,((((t66:1.0,t74:1.0):1.0,((t91:1.0,t80:1.0):1.0,t37:1.0):1.0):1.0,t33:1.0):1.0,(((t79:1.0,t19:1.0):1.0,t60:1.0):1.0,(t32:1.0,t17:1.0):1.0):1.0):1.0):1.0):1.0,(t22:1.0,t82:1.0):1.0):1.0):1.0,t67:1.0):1.0,((((t45:1.0,t1:1.0):1.0,(t70:1.0,t15:1.0):1.0):1.0,t100:1.0):1.0,t57:1.0):1.0):1.0,(t81:1.0,t85:1.0):1.0,(((t88:1.0,t29:1.0):1.0,t94:1.0):1.0,t21:1.0):1.0);
data/SMIDGenOutgrouped/100/20/Model_Trees/pruned/smo.1.modelTree.tre	data/SMIDGenOutgrouped/100/20/Source_Trees/RaxML/smo.1.sourceTrees.tre	0.8123419284820557	0.7699999999999999	29	417	0.8263473053892215	30	429	0.8214285714285714	(((((((((((((((((t52:1.0,t99:1.0):1.0,(t72:1.0,t87:1.0):1.0):1.0,((t2:1.0,t41:1.0):1.0,t29:1.0):1.0):1.0,t50:1.0):1.0,t3:1.0):1.0,(((((t28:1.0,t79:1.0):1.0,t70:1.0):1.0,t80:1.0):1.0,t66:1.0):1.0,(((t88:1.0,t33:1.0):1.0,((t27:1.0,t37:1.0):1.0,t1:1.0):1.0):1.0,t77:1.0):1.0):1.0):1.0,t86:1.0):1.0,(((t9:1.0,t84:1.0):1.0,t65:1.0):1.0,((((t30:1.0,t39:1.0):1.0,t46:1.0):1.0,(((((t81:1.0,t12:1.0):1.0,t58:1.0):1.0,(t25:1.0,t45:1.0):1.0):1.0,t67:1.0):1.0,t47:1.0):1.0):1.0,t89:1.0):1.0,t51:1.0):1.0):1.0,t97:1.0):1.0,((t19:1.0,t54:1.0):1.0,((t5:1.0,t36:1.0):1.0,t56:1.0):1.0):1.0):1.0,(((((t94:1.0,t21:1.0):1.0,(t43:1.0,t13:1.0):1.0):1.0,((t85:1.0,t23:1.0):1.0,t92:1.0):1.0):1.0,t78:1.0):1.0,t26:1.0):1.0):1.0,(((((t17:1.0,t91:1.0):1.0,t8:1.0):1.0,(t48:1.0,t22:1.0):1.0):1.0,t32:1.0):1.0,(((((t83:1.0,t11:1.0):1.0,t20:1.0):1.0,((t42:1.0,t76:1.0):1.0,t44:1.0):1.0):1.0,((t57:1.0,t31:1.0):1.0,t18:1.0):1.0):1.0,(t74:1.0,t34:1.0):1.0):1.0):1.0):1.0,t100:1.0):1.0,(t95:1.0,t73:1.0):1.0):1.0,((t64:1.0,t35:1.0):1.0,((t62:1.0,t60:1.0):1.0,t75:1.0):1.0):1.0):1.0,((t71:1.0,t40:1.0):1.0,t90:1.0):1.0):1.0,((((t63:1.0,t53:1.0):1.0,t96:1.0):1.0,t7:1.0):1.0,((t68:1.0,t55:1.0):1.0,t16:1.0):1.0):1.0);
data/SMIDGenOutgrouped/100/20/Model_Trees/pruned/smo.2.modelTree.tre	data/SMIDGenOutgrouped/100/20/Source_Trees/RaxML/smo.2.sourceTrees.tre	0.7317326068878174	0.69	16	141	0.9090909090909091	18	140	0.898876404494382	((((((t82:1.0,t30:1.0):1.0,t88:1.0):1.0,t92:1.0):1.0,((t26:1.0,t60:1.0):1.0,(t71:1.0,t63:1.0):1.0):1.0):1.0,(((((t65:1.0,t84:1.0):1.0,t52:1.0):1.0,(t6:1.0,t56:1.0):1.0):1.0,(((((t66:1.0,t54:1.0):1.0,t42:1.0):1.0,(t5:1.0,t37:1.0):1.0):1.0,(((t8:1.0,t47:1.0):1.0,t91:1.0):1.0,((((t77:1.0,t40:1.0):1.0,((t45:1.0,t68:1.0):1.0,t86:1.0):1.0):1.0,(t93:1.0,t1:1.0):1.0):1.0,(t2:1.0,t67:1.0):1.0):1.0):1.0):1.0,((t90:1.0,t70:1.0):1.0,t72:1.0):1.0):1.0):1.0,((((((t7:1.0,t23:1.0):1.0,((t62:1.0,t14:1.0):1.0,t18:1.0):1.0):1.0,(t100:1.0,t28:1.0):1.0):1.0,(t21:1.0,t35:1.0,t99:1.0):1.0):1.0,(((((t95:1.0,t17:1.0):1.0,t58:1.0):1.0,(((t69:1.0,t15:1.0):1.0,(t39:1.0,t61:1.0):1.0):1.0,(t27:1.0,t41:1.0):1.0):1.0):1.0,t64:1.0):1.0,(t43:1.0,t81:1.0):1.0):1.0):1.0,(((((((t11:1.0,t25:1.0):1.0,t29:1.0):1.0,t79:1.0):1.0,(t53:1.0,t19:1.0):1.0):1.0,t10:1.0):1.0,((((t48:1.0,t78:1.0):1.0,t34:1.0):1.0,t57:1.0):1.0,(t97:1.0,t33:1.0):1.0):1.0):1.0,((t55:1.0,t94:1.0):1.0,(((t9:1.0,t89:1.0):1.0,t16:1.0):1.0,t38:1.0):1.0,t50:1.0):1.0):1.0):1.0):1.0):1.0,((((t80:1.0,t83:1.0):1.0,t59:1.0):1.0,(((t46:1.0,t20:1.0):1.0,t12:1.0):1.0,t13:1.0):1.0):1.0,(((t76:1.0,t22:1.0):1.0,((((t74:1.0,t98:1.0):1.0,t51:1.0):1.0,t49:1.0):1.0,(t36:1.0,t73:1.0):1.0):1.0):1.0,t96:1.0):1.0):1.0);
data/SMIDGenOutgrouped/100/20/Model_Trees/pruned/smo.3.modelTree.tre	data/SMIDGenOutgrouped/100/20/Source_Trees/RaxML/smo.3.sourceTrees.tre	0.6088347434997559	0.58	14	62	0.9156626506024096	16	59	0.9047619047619048	((((((((t51:1.0,t61:1.0):1.0,t40:1.0):1.0,t57:1.0):1.0,t84:1.0):1.0,(t55:1.0,t99:1.0):1.0):1.0,(((((((((t11:1.0,t62:1.0):1.0,t34:1.0):1.0,t69:1.0):1.0,t80:1.0):1.0,(t60:1.0,t91:1.0):1.0,t42:1.0):1.0,(((t68:1.0,t73:1.0):1.0,t52:1.0):1.0,t16:1.0):1.0):1.0,(((((t36:1.0,t86:1.0):1.0,t24:1.0):1.0,t70:1.0):1.0,(t17:1.0,t56:1.0):1.0):1.0,(((t12:1.0,t10:1.0):1.0,t76:1.0):1.0,t48:1.0):1.0):1.0):1.0,t39:1.0):1.0,(t63:1.0,t1:1.0):1.0):1.0):1.0,(((((t59:1.0,t82:1.0):1.0,(t26:1.0,t54:1.0):1.0):1.0,((t85:1.0,t83:1.0):1.0,t94:1.0):1.0):1.0,((t8:1.0,t53:1.0):1.0,t9:1.0):1.0):1.0,(((((t41:1.0,t5:1.0):1.0,t81:1.0):1.0,((t45:1.0,t88:1.0):1.0,(t71:1.0,t95:1.0):1.0):1.0):1.0,t100:1.0):1.0,t67:1.0):1.0):1.0):1.0,(((((t72:1.0,t30:1.0):1.0,(((((t13:1.0,t3:1.0):1.0,t31:1.0):1.0,(t43:1.0,t22:1.0):1.0):1.0,(((t47:1.0,t6:1.0):1.0,t74:1.0):1.0,(t97:1.0,t32:1.0):1.0):1.0):1.0,(((t35:1.0,t58:1.0):1.0,(t49:1.0,t65:1.0):1.0):1.0,t77:1.0):1.0):1.0):1.0,(((t44:1.0,t2:1.0):1.0,(((t75:1.0,t93:1.0):1.0,t89:1.0):1.0,t90:1.0):1.0):1.0,t15:1.0):1.0):1.0,((t28:1.0,t33:1.0):1.0,t66:1.0):1.0):1.0,((t96:1.0,t78:1.0):1.0,(((t38:1.0,t4:1.0):1.0,t37:1.0):1.0,(t21:1.0,t87:1.0):1.0):1.0,t50:1.0):1.0):1.0);
data/SMIDGenOutgrouped/100/20/Model_Trees/pruned/smo.4.modelTree.tre	data/SMIDGenOutgrouped/100/20/Source_Trees/RaxML/smo.4.sourceTrees.tre	0.6899340152740479	0.6499999999999999	24	180	0.8604651162790697	24	178	0.8620689655172413	((((((t3:1.0,t36:1.0,t95:1.0):1.0,t80:1.0):1.0,(((t90:1.0,t56:1.0):1.0,t43:1.0):1.0,t75:1.0):1.0):1.0,t48:1.0):1.0,((t19:1.0,t22:1.0):1.0,t44:1.0):1.0,t79:1.0):1.0,((((((((((((((t31:1.0,t51:1.0):1.0,t63:1.0):1.0,t82:1.0):1.0,((t71:1.0,t27:1.0):1.0,t50:1.0):1.0):1.0,(((((t41:1.0,t24:1.0):1.0,((t40:1.0,t10:1.0):1.0,t91:1.0):1.0):1.0,(t93:1.0,t29:1.0):1.0):1.0,t11:1.0):1.0,t9:1.0):1.0):1.0,(t34:1.0,t96:1.0):1.0):1.0,(t58:1.0,t74:1.0):1.0):1.0,(((t37:1.0,t28:1.0):1.0,t67:1.0):1.0,t16:1.0):1.0):1.0,t46:1.0):1.0,t68:1.0):1.0,((((((((t17:1.0,t18:1.0):1.0,t66:1.0):1.0,t53:1.0):1.0,(t76:1.0,t92:1.0):1.0):1.0,((t62:1.0,t65:1.0):1.0,(t20:1.0,t21:1.0):1.0):1.0):1.0,(((t69:1.0,t38:1.0):1.0,t33:1.0):1.0,((t12:1.0,t32:1.0):1.0,t72:1.0):1.0):1.0):1.0,((((t26:1.0,t89:1.0):1.0,(t60:1.0,t1:1.0):1.0):1.0,(t5:1.0,t13:1.0):1.0):1.0,(t94:1.0,t14:1.0):1.0):1.0):1.0,t59:1.0):1.0):1.0,(t88:1.0,t100:1.0):1.0):1.0,((((((t8:1.0,t70:1.0):1.0,t81:1.0):1.0,t99:1.0):1.0,(t35:1.0,t97:1.0):1.0):1.0,t52:1.0):1.0,(((t84:1.0,t77:1.0):1.0,t57:1.0):1.0,(((t83:1.0,t2:1.0):1.0,t47:1.0):1.0,((((t42:1.0,t6:1.0):1.0,((t78:1.0,t4:1.0):1.0,t45:1.0):1.0):1.0,t49:1.0):1.0,((t55:1.0,t7:1.0):1.0,t98:1.0):1.0):1.0):1.0):1.0):1.0):1.0,t15:1.0):1.0);
data/SMIDGenOutgrouped/100/20/Model_Trees/pruned/smo.5.modelTree.tre	data/SMIDGenOutgrouped/100/20/Source_Trees/RaxML/smo.5.sourceTrees.tre	0.7212188243865967	0.69	27	130	0.8280254777070064	28	136	0.825	((((t64:1.0,t97:1.0):1.0,t93:1.0):1.0,((((((t25:1.0,t37:1.0):1.0,((((t50:1.0,t47:1.0):1.0,t99:1.0):1.0,t30:1.0):1.0,t92:1.0):1.0):1.0,((t58:1.0,t10:1.0):1.0,(t9:1.0,t67:1.0):1.0):1.0):1.0,(((((((((((t84:1.0,t78:1.0):1.0,t43:1.0):1.0,(t21:1.0,t22:1.0):1.0):1.0,t96:1.0):1.0,(t1:1.0,t89:1.0):1.0):1.0,(((t20:1.0,t88:1.0):1.0,((t69:1.0,t41:1.0):1.0,t46:1.0):1.0):1.0,t29:1.0):1.0,(t38:1.0,t57:1.0):1.0):1.0,(((t87:1.0,t14:1.0):1.0,t75:1.0,t94:1.0):1.0,((t79:1.0,t49:1.0):1.0,t13:1.0):1.0):1.0):1.0,((t48:1.0,t56:1.0):1.0,(t90:1.0,t62:1.0):1.0):1.0):1.0,((t98:1.0,t23:1.0):1.0,t61:1.0):1.0):1.0,((((t68:1.0,t16:1.0):1.0,t15:1.0):1.0,t8:1.0):1.0,t83:1.0):1.0):1.0,(((((t40:1.0,t44:1.0):1.0,t54:1.0):1.0,t51:1.0):1.0,t76:1.0):1.0,t18:1.0):1.0):1.0):1.0,(((((t60:1.0,t55:1.0):1.0,t85:1.0):1.0,t32:1.0):1.0,((((t31:1.0,t17:1.0):1.0,t100:1.0):1.0,(t59:1.0,t6:1.0):1.0):1.0,t53:1.0):1.0):1.0,((((((t80:1.0,t27:1.0):1.0,t81:1.0):1.0,(t77:1.0,t35:1.0):1.0):1.0,t70:1.0):1.0,t65:1.0):1.0,((t45:1.0,t24:1.0):1.0,((t74:1.0,t34:1.0):1.0,((t73:1.0,t39:1.0):1.0,t63:1.0):1.0):1.0):1.0):1.0):1.0):1.0,t91:1.0):1.0):1.0,t82:1.0,t71:1.0);
data/SMIDGenOutgrouped/100/20/Model_Trees/pruned/smo.6.modelTree.tre	data/SMIDGenOutgrouped/100/20/Source_Trees/RaxML/smo.6.sourceTrees.tre	0.7462177276611328	0.7	30	222	0.8170731707317073	30	222	0.8170731707317073	((((t31:1.0,t69:1.0):1.0,t83:1.0):1.0,(((((((((((t22:1.0,t57:1.0):1.0,((t10:1.0,t43:1.0):1.0,t77:1.0):1.0):1.0,((t27:1.0,t84:1.0):1.0,t78:1.0):1.0):1.0,t76:1.0):1.0,((((t87:1.0,t32:1.0):1.0,t24:1.0):1.0,t75:1.0):1.0,(((t48:1.0,t1:1.0):1.0,((t85:1.0,t92:1.0):1.0,t45:1.0):1.0):1.0,(t81:1.0,t37:1.0):1.0):1.0):1.0):1.0,(((((t28:1.0,t65:1.0):1.0,(t11:1.0,t9:1.0):1.0):1.0,t46:1.0):1.0,(((t39:1.0,t38:1.0):1.0,t82:1.0):1.0,(t93:1.0,t71:1.0):1.0):1.0):1.0,(((t98:1.0,t40:1.0):1.0,((t47:1.0,t73:1.0):1.0,t80:1.0):1.0):1.0,t18:1.0):1.0):1.0):1.0,t55:1.0):1.0,t20:1.0):1.0,(t67:1.0,t33:1.0):1.0):1.0,(((((t8:1.0,t41:1.0):1.0,t15:1.0):1.0,((t91:1.0,t29:1.0):1.0,t50:1.0):1.0):1.0,(((t66:1.0,t94:1.0):1.0,t16:1.0):1.0,((t70:1.0,t3:1.0):1.0,t88:1.0):1.0):1.0):1.0,(((t89:1.0,t2:1.0):1.0,(((t30:1.0,t34:1.0):1.0,t74:1.0):1.0,(((t44:1.0,t99:1.0):1.0,t4:1.0):1.0,t58:1.0):1.0):1.0):1.0,(((t6:1.0,t25:1.0):1.0,t42:1.0):1.0,(((((t17:1.0,t62:1.0):1.0,(t72:1.0,t59:1.0):1.0):1.0,t97:1.0):1.0,(t23:1.0,t26:1.0):1.0):1.0,t35:1.0):1.0):1.0):1.0):1.0):1.0,(((((t36:1.0,t56:1.0):1.0,t61:1.0):1.0,(t13:1.0,t90:1.0):1.0):1.0,t95:1.0):1.0,t19:1.0):1.0):1.0):1.0,(t21:1.0,t68:1.0):1.0);
data/SMIDGenOutgrouped/100/20/Model_Trees/pruned/smo.7.modelTree.tre	data/SMIDGenOutgrouped/100/20/Source_Trees/RaxML/smo.7.sourceTrees.tre	0.686229944229126	0.6499999999999999	23	38	0.8622754491017964	24	85	0.8588235294117647	(((t34:1.0,t7:1.0):1.0,(((t15:1.0,t31:1.0):1.0,(t48:1.0,t86:1.0):1.0):1.0,t33:1.0):1.0,t29:1.0):1.0,((((((((((((t5:1.0,t6:1.0):1.0,t3:1.0):1.0,(((t90:1.0,t58:1.0):1.0,t100:1.0):1.0,t77:1.0):1.0):1.0,t88:1.0):1.0,(((t53:1.0,t44:1.0):1.0,t81:1.0):1.0,(t37:1.0,t52:1.0):1.0):1.0):1.0,(((t97:1.0,t70:1.0):1.0,t64:1.0):1.0,(t96:1.0,t83:1.0):1.0):1.0):1.0,(((t22:1.0,t98:1.0):1.0,t9:1.0):1.0,(t66:1.0,t8:1.0):1.0):1.0):1.0,(t74:1.0,t65:1.0):1.0):1.0,(t24:1.0,t14:1.0):1.0):1.0,(((((t54:1.0,t79:1.0):1.0,t13:1.0,t94:1.0):1.0,((((t75:1.0,t18:1.0):1.0,t84:1.0):1.0,(t4:1.0,t36:1.0):1.0):1.0,t35:1.0):1.0):1.0,((t28:1.0,t38:1.0):1.0,t32:1.0):1.0):1.0,t72:1.0):1.0):1.0,(((((t85:1.0,t76:1.0):1.0,(t95:1.0,t21:1.0):1.0):1.0,t27:1.0):1.0,(((((t11:1.0,t19:1.0):1.0,(((t99:1.0,t42:1.0):1.0,t50:1.0):1.0,t57:1.0):1.0):1.0,t16:1.0):1.0,(((t56:1.0,t69:1.0):1.0,t73:1.0):1.0,t89:1.0):1.0):1.0,t46:1.0):1.0):1.0,(((((t12:1.0,t26:1.0):1.0,t55:1.0):1.0,((t45:1.0,t23:1.0):1.0,t67:1.0):1.0):1.0,t39:1.0):1.0,t51:1.0):1.0):1.0):1.0,(((t93:1.0,t62:1.0):1.0,((t87:1.0,t68:1.0):1.0,((t30:1.0,t60:1.0):1.0,t92:1.0):1.0):1.0):1.0,(((t20:1.0,t17:1.0):1.0,(t71:1.0,t82:1.0):1.0):1.0,t61:1.0):1.0):1.0):1.0,t10:1.0);
data/SMIDGenOutgrouped/100/20/Model_Trees/pruned/smo.8.modelTree.tre	data/SMIDGenOutgrouped/100/20/Source_Trees/RaxML/smo.8.sourceTrees.tre	0.6793134212493896	0.64	28	98	0.8444444444444444	30	103	0.8369565217391305	(((((((t99:1.0,t9:1.0):1.0,t59:1.0):1.0,t85:1.0):1.0,(((t81:1.0,t55:1.0):1.0,(t84:1.0,t73:1.0):1.0):1.0,((t1:1.0,t83:1.0):1.0,t98:1.0,t72:1.0):1.0):1.0):1.0,((((t19:1.0,t78:1.0):1.0,(t93:1.0,t65:1.0):1.0):1.0,t33:1.0):1.0,(((t58:1.0,t70:1.0):1.0,t21:1.0):1.0,t69:1.0):1.0):1.0):1.0,(((((((((((((t86:1.0,t87:1.0):1.0,t5:1.0):1.0,t96:1.0):1.0,((((t61:1.0,t79:1.0):1.0,t4:1.0):1.0,t43:1.0):1.0,t30:1.0):1.0):1.0,(t88:1.0,t8:1.0):1.0):1.0,(t35:1.0,t47:1.0):1.0):1.0,(((t92:1.0,t40:1.0,t91:1.0):1.0,((((t60:1.0,t34:1.0):1.0,t51:1.0):1.0,(t68:1.0,t74:1.0):1.0):1.0,t82:1.0):1.0):1.0,((t75:1.0,t13:1.0):1.0,t42:1.0):1.0):1.0):1.0,((((t64:1.0,t67:1.0):1.0,(t46:1.0,t2:1.0):1.0):1.0,t56:1.0):1.0,t44:1.0):1.0):1.0,(t50:1.0,t23:1.0):1.0):1.0,t62:1.0):1.0,t17:1.0):1.0,((((t66:1.0,t77:1.0):1.0,t49:1.0):1.0,t28:1.0):1.0,t71:1.0,t11:1.0):1.0):1.0,(((((t54:1.0,t15:1.0):1.0,t14:1.0):1.0,t25:1.0):1.0,t12:1.0):1.0,((t53:1.0,t7:1.0):1.0,((t41:1.0,t32:1.0):1.0,(t57:1.0,t80:1.0):1.0):1.0):1.0,t100:1.0):1.0):1.0):1.0,((((t94:1.0,t27:1.0):1.0,t36:1.0):1.0,((t48:1.0,t10:1.0):1.0,t22:1.0):1.0):1.0,((((t89:1.0,t6:1.0):1.0,((t31:1.0,t38:1.0):1.0,((t3:1.0,t76:1.0):1.0,t52:1.0):1.0):1.0):1.0,((t97:1.0,t63:1.0):1.0,((t95:1.0,t20:1.0):1.0,t39:1.0):1.0):1.0):1.0,(t29:1.0,t24:1.0):1.0):1.0):1.0);
data/SMIDGenOutgrouped/100/20/Model_Trees/pruned/smo.9.modelTree.tre	data/SMIDGenOutgrouped/100/20/Source_Trees/RaxML/smo.9.sourceTrees.tre	0.7604067325592041	0.72	12	91	0.9285714285714286	12	83	0.9302325581395349	(((((((t39:1.0,t85:1.0):1.0,(t89:1.0,t28:1.0):1.0,t83:1.0):1.0,(t57:1.0,t44:1.0):1.0,(((t35:1.0,t51:1.0):1.0,t93:1.0):1.0,t91:1.0):1.0):1.0,((((((t71:1.0,t92:1.0):1.0,((t58:1.0,t41:1.0):1.0,(t48:1.0,t62:1.0):1.0):1.0):1.0,(t5:1.0,t98:1.0):1.0):1.0,t7:1.0):1.0,t38:1.0):1.0,(t61:1.0,t68:1.0):1.0,t60:1.0):1.0):1.0,((t25:1.0,t95:1.0):1.0,((t96:1.0,t46:1.0):1.0,t36:1.0):1.0,t66:1.0):1.0):1.0,((((((t13:1.0,t86:1.0):1.0,t37:1.0):1.0,t79:1.0):1.0,(((t23:1.0,t52:1.0):1.0,(t74:1.0,t47:1.0):1.0):1.0,((t78:1.0,t2:1.0):1.0,((((t14:1.0,t87:1.0):1.0,t59:1.0):1.0,t100:1.0):1.0,t11:1.0):1.0):1.0):1.0):1.0,(((t27:1.0,t54:1.0):1.0,t18:1.0):1.0,t42:1.0):1.0):1.0,t81:1.0):1.0):1.0,((((((((t55:1.0,t75:1.0):1.0,t76:1.0):1.0,((t32:1.0,t65:1.0):1.0,t34:1.0):1.0):1.0,t15:1.0):1.0,(((((t88:1.0,t16:1.0):1.0,t45:1.0):1.0,t72:1.0):1.0,((((((t40:1.0,t17:1.0):1.0,(t64:1.0,t69:1.0):1.0):1.0,t70:1.0):1.0,t26:1.0):1.0,(t50:1.0,t24:1.0):1.0):1.0,t10:1.0):1.0):1.0,(t21:1.0,t9:1.0):1.0):1.0):1.0,t73:1.0):1.0,((((t49:1.0,t4:1.0):1.0,(t43:1.0,t31:1.0):1.0):1.0,(t63:1.0,t82:1.0):1.0):1.0,(((((t94:1.0,t84:1.0):1.0,t80:1.0):1.0,t99:1.0):1.0,t97:1.0):1.0,t56:1.0):1.0):1.0):1.0,((t90:1.0,t6:1.0):1.0,t3:1.0):1.0):1.0);
data/SMIDGenOutgrouped/100/20/Model_Trees/pruned/smo.10.modelTree.tre	data/SMIDGenOutgrouped/100/20/Source_Trees/RaxML/smo.10.sourceTrees.tre	0.700141429901123	0.6599999999999999	17	123	0.9090909090909091	20	121	0.8947368421052632	((((((((t6:1.0,t12:1.0):1.0,t21:1.0):1.0,((((t32:1.0,t49:1.0):1.0,t87:1.0):1.0,t75:1.0):1.0,(t93:1.0,t61:1.0):1.0):1.0):1.0,((t37:1.0,t18:1.0):1.0,t39:1.0):1.0):1.0,((((((t80:1.0,t33:1.0):1.0,t84:1.0):1.0,t57:1.0):1.0,(t15:1.0,t40:1.0):1.0):1.0,t60:1.0):1.0,(t42:1.0,t65:1.0):1.0):1.0):1.0,((t4:1.0,t54:1.0):1.0,t1:1.0):1.0):1.0,(((((((t17:1.0,t25:1.0):1.0,t98:1.0):1.0,t76:1.0):1.0,((((t23:1.0,t14:1.0):1.0,t62:1.0):1.0,t10:1.0):1.0,t34:1.0):1.0):1.0,(t86:1.0,t8:1.0):1.0):1.0,((t52:1.0,t69:1.0):1.0,(t20:1.0,t95:1.0):1.0):1.0):1.0,(t31:1.0,t72:1.0,t51:1.0):1.0):1.0):1.0,((((t38:1.0,t46:1.0):1.0,t26:1.0):1.0,((t30:1.0,t81:1.0):1.0,t7:1.0):1.0):1.0,((((t83:1.0,t2:1.0):1.0,((t47:1.0,t22:1.0):1.0,(t94:1.0,t28:1.0):1.0):1.0):1.0,t97:1.0,t88:1.0):1.0,((((((((t53:1.0,t85:1.0,t77:1.0):1.0,t59:1.0):1.0,(t27:1.0,t78:1.0):1.0):1.0,(t71:1.0,t99:1.0):1.0):1.0,(t5:1.0,t24:1.0):1.0):1.0,((((((t44:1.0,t36:1.0):1.0,t79:1.0):1.0,((t29:1.0,t3:1.0):1.0,t50:1.0):1.0):1.0,(((t41:1.0,t92:1.0):1.0,(t16:1.0,t68:1.0):1.0):1.0,(((((t100:1.0,t58:1.0):1.0,t74:1.0):1.0,t9:1.0):1.0,((t96:1.0,t89:1.0):1.0,t56:1.0):1.0):1.0,t91:1.0):1.0):1.0):1.0,t66:1.0):1.0,((((t55:1.0,t90:1.0):1.0,t48:1.0):1.0,t43:1.0):1.0,t11:1.0):1.0):1.0):1.0,(((t67:1.0,t13:1.0):1.0,t82:1.0):1.0,t45:1.0):1.0):1.0,((t19:1.0,t73:1.0):1.0,t70:1.0):1.0):1.0):1.0):1.0);
data/SMIDGenOutgrouped/100/20/Model_Trees/pruned/smo.11.modelTree.tre	data/SMIDGenOutgrouped/100/20/Source_Trees/RaxML/smo.11.sourceTrees.tre	0.7285220623016357	0.69	21	154	0.8888888888888888	22	154	0.8842105263157894	((((((((((((t56:1.0,t83:1.0):1.0,t33:1.0):1.0,(((t19:1.0,t37:1.0):1.0,t76:1.0):1.0,((t88:1.0,t6:1.0):1.0,t78:1.0):1.0):1.0):1.0,t62:1.0):1.0,(((t20:1.0,t79:1.0):1.0,(t67:1.0,t22:1.0):1.0):1.0,((((((t54:1.0,t18:1.0):1.0,(((t59:1.0,t87:1.0):1.0,t48:1.0):1.0,t13:1.0):1.0):1.0,t72:1.0):1.0,t51:1.0):1.0,(((t60:1.0,t30:1.0):1.0,(((t65:1.0,t91:1.0):1.0,t93:1.0):1.0,t94:1.0):1.0):1.0,t32:1.0):1.0):1.0,t3:1.0):1.0):1.0):1.0,t29:1.0):1.0,((t1:1.0,t50:1.0):1.0,t21:1.0):1.0):1.0,(t99:1.0,t69:1.0):1.0):1.0,(((t53:1.0,t35:1.0):1.0,t77:1.0):1.0,(((((t81:1.0,t85:1.0):1.0,t75:1.0):1.0,(((t57:1.0,t26:1.0):1.0,t45:1.0):1.0,t82:1.0):1.0):1.0,t8:1.0):1.0,(((t4:1.0,t42:1.0):1.0,t70:1.0):1.0,(t92:1.0,t86:1.0):1.0):1.0):1.0):1.0):1.0,(((((t64:1.0,t24:1.0):1.0,(t43:1.0,t49:1.0):1.0):1.0,t52:1.0):1.0,(t28:1.0,t100:1.0):1.0):1.0,(t58:1.0,t61:1.0):1.0):1.0):1.0,((t36:1.0,t2:1.0):1.0,t11:1.0,t14:1.0):1.0):1.0,(((((t71:1.0,t98:1.0):1.0,(((t40:1.0,t84:1.0):1.0,t27:1.0):1.0,t16:1.0):1.0):1.0,(((t39:1.0,t25:1.0):1.0,(((((t55:1.0,t46:1.0):1.0,t73:1.0):1.0,t5:1.0):1.0,(t96:1.0,t47:1.0):1.0):1.0,t95:1.0):1.0):1.0,t63:1.0):1.0):1.0,((((((((t10:1.0,t44:1.0):1.0,t90:1.0):1.0,t7:1.0):1.0,t31:1.0):1.0,t66:1.0):1.0,t15:1.0):1.0,(((t80:1.0,t17:1.0):1.0,t9:1.0):1.0,t34:1.0):1.0):1.0,t97:1.0):1.0):1.0,(((t23:1.0,t68:1.0):1.0,t74:1.0):1.0,t38:1.0):1.0):1.0);
data/SMIDGenOutgrouped/100/20/Model_Trees/pruned/smo.12.modelTree.tre	data/SMIDGenOutgrouped/100/20/Source_Trees/RaxML/smo.12.sourceTrees.tre	0.7019550800323486	0.6699999999999999	33	144	0.7843137254901961	34	146	0.782051282051282	(((((((((t5:1.0,t34:1.0):1.0,t40:1.0):1.0,t28:1.0):1.0,(((((t55:1.0,t41:1.0):1.0,t35:1.0):1.0,((((t85:1.0,t84:1.0):1.0,(t38:1.0,t86:1.0):1.0):1.0,(((t43:1.0,t22:1.0):1.0,t75:1.0):1.0,t36:1.0):1.0):1.0,((t88:1.0,t26:1.0):1.0,((t39:1.0,t68:1.0):1.0,t4:1.0):1.0):1.0):1.0):1.0,t80:1.0):1.0,t67:1.0):1.0):1.0,((((t2:1.0,t37:1.0):1.0,t8:1.0,t54:1.0):1.0,(((t61:1.0,t69:1.0):1.0,t49:1.0):1.0,t11:1.0):1.0):1.0,t6:1.0):1.0):1.0,((((t31:1.0,t50:1.0,t71:1.0):1.0,((t47:1.0,t93:1.0):1.0,((t63:1.0,t27:1.0):1.0,t99:1.0):1.0):1.0):1.0,((((((t95:1.0,t78:1.0):1.0,t18:1.0):1.0,t29:1.0):1.0,t97:1.0):1.0,t64:1.0,t30:1.0):1.0,(((t96:1.0,t13:1.0):1.0,t33:1.0):1.0,(((t21:1.0,t60:1.0):1.0,t1:1.0):1.0,t58:1.0):1.0):1.0):1.0):1.0,((t59:1.0,t77:1.0):1.0,t16:1.0):1.0):1.0):1.0,t74:1.0):1.0,t90:1.0):1.0,((((((t19:1.0,t82:1.0):1.0,t42:1.0):1.0,t53:1.0):1.0,(t72:1.0,t65:1.0):1.0):1.0,((((((t12:1.0,t76:1.0):1.0,t51:1.0):1.0,(t92:1.0,t87:1.0):1.0):1.0,t9:1.0):1.0,t57:1.0):1.0,((t52:1.0,t23:1.0):1.0,t98:1.0):1.0):1.0):1.0,((((t70:1.0,t44:1.0):1.0,(t32:1.0,t81:1.0):1.0):1.0,t79:1.0):1.0,t10:1.0):1.0):1.0);
data/SMIDGenOutgrouped/100/20/Model_Trees/pruned/smo.13.modelTree.tre	data/SMIDGenOutgrouped/100/20/Source_Trees/RaxML/smo.13.sourceTrees.tre	0.7670021057128906	0.72	36	254	0.7831325301204819	34	257	0.8	(((((((((((t82:1.0,t74:1.0):1.0,((t21:1.0,t13:1.0):1.0,((t23:1.0,t53:1.0):1.0,(t44:1.0,t84:1.0):1.0):1.0):1.0):1.0,((((t75:1.0,t8:1.0):1.0,t96:1.0):1.0,t70:1.0):1.0,((t95:1.0,t35:1.0):1.0,t19:1.0):1.0):1.0):1.0,t36:1.0):1.0,(t60:1.0,t69:1.0):1.0):1.0,(((t94:1.0,t91:1.0):1.0,t80:1.0):1.0,(t57:1.0,t10:1.0):1.0):1.0):1.0,((t89:1.0,t14:1.0):1.0,t61:1.0):1.0):1.0,((((((t52:1.0,t29:1.0):1.0,t58:1.0):1.0,(t78:1.0,t54:1.0):1.0):1.0,t90:1.0):1.0,(t5:1.0,t16:1.0):1.0):1.0,((((((((((t59:1.0,t34:1.0):1.0,t71:1.0):1.0,(((((t33:1.0,t17:1.0):1.0,t51:1.0):1.0,t25:1.0,t41:1.0):1.0,t63:1.0):1.0,((t12:1.0,t97:1.0,t22:1.0):1.0,(t26:1.0,t9:1.0):1.0):1.0):1.0):1.0,(t72:1.0,t81:1.0):1.0):1.0,((t55:1.0,t47:1.0):1.0,((t100:1.0,t3:1.0):1.0,((t27:1.0,t20:1.0):1.0,t76:1.0):1.0):1.0):1.0):1.0,t18:1.0):1.0,t68:1.0):1.0,t2:1.0):1.0,((t66:1.0,t43:1.0):1.0,((((t45:1.0,t46:1.0):1.0,t86:1.0):1.0,t38:1.0):1.0,t28:1.0):1.0):1.0):1.0,((((((t50:1.0,t77:1.0):1.0,t31:1.0):1.0,t79:1.0):1.0,t87:1.0):1.0,((t65:1.0,t88:1.0):1.0,t40:1.0):1.0,t24:1.0):1.0,(((t39:1.0,t42:1.0):1.0,t4:1.0):1.0,t67:1.0):1.0,t11:1.0):1.0):1.0):1.0):1.0,((t6:1.0,t83:1.0):1.0,t85:1.0):1.0):1.0,(t93:1.0,t32:1.0):1.0):1.0,t64:1.0);
data/SMIDGenOutgrouped/100/20/Model_Trees/pruned/smo.14.modelTree.tre	data/SMIDGenOutgrouped/100/20/Source_Trees/RaxML/smo.14.sourceTrees.tre	0.7469816207885742	0.71	36	135	0.7272727272727273	36	146	0.7391304347826086	(((((((((t9:1.0,t46:1.0):1.0,t99:1.0):1.0,t84:1.0):1.0,t39:1.0):1.0,(((t91:1.0,t87:1.0):1.0,t11:1.0):1.0,t100:1.0):1.0,t70:1.0):1.0,(t88:1.0,t24:1.0):1.0):1.0,(t68:1.0,t75:1.0):1.0):1.0,((((((((((((t41:1.0,t80:1.0):1.0,t1:1.0):1.0,((t56:1.0,t57:1.0):1.0,t30:1.0):1.0):1.0,((((t63:1.0,t69:1.0):1.0,t12:1.0):1.0,t20:1.0):1.0,t17:1.0):1.0,t27:1.0):1.0,((((t85:1.0,t98:1.0):1.0,t79:1.0):1.0,t65:1.0):1.0,t55:1.0):1.0):1.0,((t89:1.0,t67:1.0):1.0,t52:1.0):1.0):1.0,(((t61:1.0,t26:1.0):1.0,t81:1.0):1.0,(t76:1.0,t53:1.0):1.0):1.0):1.0,(((t94:1.0,t62:1.0):1.0,(t5:1.0,t66:1.0):1.0,t29:1.0):1.0,t44:1.0):1.0):1.0,(((t64:1.0,t32:1.0,t58:1.0):1.0,t45:1.0):1.0,((t6:1.0,t22:1.0):1.0,t59:1.0):1.0):1.0):1.0,(((t82:1.0,t10:1.0):1.0,t60:1.0):1.0,((t74:1.0,t71:1.0):1.0,t38:1.0):1.0):1.0):1.0,t50:1.0):1.0,t14:1.0):1.0):1.0,(((t8:1.0,t16:1.0):1.0,t36:1.0):1.0,((t72:1.0,t34:1.0,t48:1.0):1.0,(((t96:1.0,t97:1.0):1.0,t7:1.0):1.0,t31:1.0):1.0,t73:1.0):1.0):1.0);
data/SMIDGenOutgrouped/100/20/Model_Trees/pruned/smo.15.modelTree.tre	data/SMIDGenOutgrouped/100/20/Source_Trees/RaxML/smo.15.sourceTrees.tre	0.7557053565979004	0.69	23	167	0.8571428571428571	26	166	0.8414634146341463	((((((t53:1.0,t68:1.0):1.0,((t36:1.0,t74:1.0):1.0,((t43:1.0,t45:1.0):1.0,t22:1.0):1.0):1.0):1.0,((t67:1.0,t98:1.0):1.0,t42:1.0):1.0):1.0,t90:1.0,t14:1.0):1.0,((((((((((t73:1.0,t21:1.0):1.0,(t60:1.0,t11:1.0):1.0):1.0,t70:1.0):1.0,t84:1.0):1.0,(t17:1.0,t85:1.0):1.0):1.0,((((((((t27:1.0,t69:1.0):1.0,t35:1.0):1.0,(((t58:1.0,t50:1.0):1.0,t20:1.0):1.0,(t93:1.0,t32:1.0):1.0):1.0):1.0,((((((t66:1.0,t83:1.0):1.0,t23:1.0):1.0,t95:1.0):1.0,t30:1.0):1.0,(t71:1.0,t78:1.0):1.0):1.0,t77:1.0):1.0):1.0,((((t25:1.0,t87:1.0):1.0,t26:1.0):1.0,t41:1.0):1.0,((((t15:1.0,t28:1.0):1.0,t56:1.0):1.0,t33:1.0):1.0,(t2:1.0,t5:1.0):1.0):1.0):1.0):1.0,(t37:1.0,t76:1.0):1.0):1.0,(((t29:1.0,t8:1.0):1.0,t75:1.0):1.0,t51:1.0):1.0):1.0,t52:1.0):1.0):1.0,(t10:1.0,t89:1.0,t47:1.0):1.0):1.0,((((t1:1.0,t96:1.0):1.0,(t92:1.0,t81:1.0):1.0,t99:1.0):1.0,(((t61:1.0,t6:1.0):1.0,t57:1.0):1.0,(t34:1.0,t62:1.0):1.0):1.0):1.0,((((t44:1.0,t7:1.0):1.0,t16:1.0):1.0,t13:1.0):1.0,(t46:1.0,t39:1.0):1.0):1.0):1.0):1.0,t94:1.0):1.0,(((t55:1.0,t54:1.0):1.0,(((t100:1.0,t18:1.0):1.0,(t80:1.0,t49:1.0):1.0):1.0,t3:1.0):1.0):1.0,t79:1.0):1.0):1.0):1.0,((t59:1.0,t38:1.0):1.0,t97:1.0):1.0);
data/SMIDGenOutgrouped/100/20/Model_Trees/pruned/smo.16.modelTree.tre	data/SMIDGenOutgrouped/100/20/Source_Trees/RaxML/smo.16.sourceTrees.tre	0.8643231391906738	0.83	55	371	0.6625766871165644	58	373	0.6547619047619048	((((((((((((((((t81:1.0,t54:1.0):1.0,t66:1.0):1.0,(t31:1.0,t10:1.0,t88:1.0):1.0):1.0,(t34:1.0,t22:1.0):1.0):1.0,((((t83:1.0,t94:1.0):1.0,t48:1.0):1.0,t89:1.0,t15:1.0):1.0,(t11:1.0,t80:1.0):1.0,t85:1.0):1.0):1.0,t55:1.0):1.0,(((t50:1.0,t74:1.0):1.0,(t13:1.0,t42:1.0):1.0):1.0,(((t45:1.0,t73:1.0):1.0,(t9:1.0,t75:1.0):1.0,t46:1.0):1.0,(((t53:1.0,t61:1.0):1.0,t68:1.0):1.0,((t78:1.0,t96:1.0):1.0,(t76:1.0,t8:1.0):1.0):1.0):1.0):1.0):1.0):1.0,((t21:1.0,t32:1.0):1.0,(((t99:1.0,t58:1.0):1.0,((t36:1.0,t97:1.0):1.0,(t7:1.0,t28:1.0):1.0):1.0):1.0,t47:1.0):1.0):1.0):1.0,((((t52:1.0,t63:1.0):1.0,((((t84:1.0,t12:1.0):1.0,((t41:1.0,t30:1.0):1.0,t29:1.0):1.0):1.0,t33:1.0):1.0,t72:1.0):1.0):1.0,(((((t95:1.0,t70:1.0):1.0,((t59:1.0,t64:1.0):1.0,(t82:1.0,t1:1.0):1.0):1.0):1.0,(((t44:1.0,t6:1.0):1.0,t71:1.0):1.0,(t3:1.0,t20:1.0):1.0):1.0):1.0,t98:1.0):1.0,t93:1.0):1.0):1.0,(((t49:1.0,t2:1.0):1.0,t27:1.0,t14:1.0):1.0,(((t86:1.0,t19:1.0):1.0,t100:1.0):1.0,t67:1.0):1.0):1.0):1.0):1.0,(((t43:1.0,t69:1.0):1.0,t24:1.0):1.0,t38:1.0):1.0):1.0,(t26:1.0,t35:1.0):1.0):1.0,t18:1.0):1.0,t25:1.0):1.0,t17:1.0):1.0,t51:1.0):1.0,(((t77:1.0,t16:1.0):1.0,t79:1.0):1.0,t90:1.0):1.0);
data/SMIDGenOutgrouped/100/20/Model_Trees/pruned/smo.17.modelTree.tre	data/SMIDGenOutgrouped/100/20/Source_Trees/RaxML/smo.17.sourceTrees.tre	0.7669696807861328	0.74	17	77	0.8944099378881988	16	75	0.9012345679012346	((((((((((((t67:1.0,t12:1.0):1.0,((t68:1.0,t22:1.0):1.0,t60:1.0):1.0):1.0,((t99:1.0,t42:1.0):1.0,(t78:1.0,t4:1.0):1.0):1.0):1.0,(t98:1.0,t85:1.0):1.0):1.0,t20:1.0):1.0,t80:1.0):1.0,(((t90:1.0,t86:1.0):1.0,t84:1.0):1.0,t29:1.0):1.0):1.0,((((((t26:1.0,t7:1.0):1.0,t47:1.0):1.0,(t44:1.0,t27:1.0):1.0):1.0,((t54:1.0,t94:1.0):1.0,t38:1.0):1.0):1.0,((((t32:1.0,t11:1.0):1.0,((t69:1.0,t2:1.0):1.0,t59:1.0):1.0):1.0,(t34:1.0,t57:1.0):1.0):1.0,(((t66:1.0,t3:1.0):1.0,(t58:1.0,t51:1.0):1.0):1.0,(t18:1.0,t92:1.0):1.0):1.0):1.0):1.0,((t83:1.0,t89:1.0):1.0,t100:1.0):1.0):1.0):1.0,t55:1.0):1.0,((((t33:1.0,t37:1.0):1.0,t73:1.0):1.0,((((((t70:1.0,t52:1.0):1.0,t17:1.0):1.0,t96:1.0):1.0,t46:1.0):1.0,t24:1.0):1.0,t9:1.0):1.0):1.0,((((((t19:1.0,t72:1.0):1.0,t41:1.0):1.0,t63:1.0):1.0,(t39:1.0,t61:1.0):1.0):1.0,((t53:1.0,t1:1.0):1.0,(t82:1.0,t43:1.0):1.0):1.0):1.0,((((t88:1.0,t10:1.0):1.0,t87:1.0):1.0,(((t77:1.0,t25:1.0):1.0,t48:1.0):1.0,t5:1.0):1.0):1.0,t28:1.0):1.0):1.0):1.0):1.0,((((t40:1.0,t49:1.0):1.0,t97:1.0):1.0,t15:1.0,t74:1.0):1.0,((t93:1.0,t30:1.0):1.0,t21:1.0):1.0):1.0):1.0,(((t81:1.0,t91:1.0):1.0,t45:1.0):1.0,(t6:1.0,t56:1.0):1.0):1.0);
data/SMIDGenOutgrouped/100/20/Model_Trees/pruned/smo.18.modelTree.tre	data/SMIDGenOutgrouped/100/20/Source_Trees/RaxML/smo.18.sourceTrees.tre	0.7250552177429199	0.69	18	92	0.896551724137931	18	91	0.8977272727272727	(((((((((((t8:1.0,t6:1.0):1.0,(t83:1.0,t76:1.0):1.0):1.0,(t5:1.0,t45:1.0):1.0):1.0,t88:1.0):1.0,((t34:1.0,t99:1.0):1.0,t75:1.0):1.0):1.0,(((t10:1.0,t39:1.0):1.0,(t17:1.0,t71:1.0):1.0):1.0,t47:1.0):1.0):1.0,((((((t85:1.0,t16:1.0):1.0,t19:1.0):1.0,t98:1.0):1.0,t49:1.0):1.0,(t11:1.0,t48:1.0):1.0):1.0,t56:1.0):1.0):1.0,((((t33:1.0,t46:1.0):1.0,t13:1.0):1.0,t4:1.0):1.0,(((t14:1.0,t79:1.0):1.0,t67:1.0):1.0,t40:1.0):1.0):1.0,t74:1.0):1.0,((((t38:1.0,t65:1.0):1.0,(t92:1.0,t81:1.0):1.0):1.0,t100:1.0,t35:1.0):1.0,(((t3:1.0,t30:1.0):1.0,(((t97:1.0,t1:1.0):1.0,t90:1.0):1.0,(t27:1.0,t23:1.0):1.0):1.0):1.0,t2:1.0):1.0):1.0):1.0,((((((((t37:1.0,t72:1.0):1.0,t41:1.0):1.0,(t52:1.0,t51:1.0):1.0):1.0,(t61:1.0,t25:1.0):1.0):1.0,((t54:1.0,t91:1.0):1.0,t94:1.0):1.0):1.0,((t20:1.0,t15:1.0):1.0,t36:1.0):1.0):1.0,(t29:1.0,t18:1.0):1.0):1.0,((t78:1.0,t9:1.0):1.0,(t21:1.0,t12:1.0):1.0):1.0):1.0):1.0,(((((((((t60:1.0,t31:1.0):1.0,t62:1.0):1.0,((t87:1.0,t28:1.0):1.0,t70:1.0):1.0):1.0,((((t26:1.0,t80:1.0):1.0,t84:1.0):1.0,t95:1.0):1.0,t66:1.0):1.0):1.0,(t86:1.0,t32:1.0):1.0):1.0,t77:1.0):1.0,(((t43:1.0,t55:1.0):1.0,t89:1.0):1.0,t42:1.0):1.0):1.0,((t58:1.0,t63:1.0):1.0,t93:1.0):1.0):1.0,(((t22:1.0,t57:1.0):1.0,t53:1.0):1.0,t82:1.0):1.0):1.0);
data/SMIDGenOutgrouped/100/20/Model_Trees/pruned/smo.19.modelTree.tre	data/SMIDGenOutgrouped/100/20/Source_Trees/RaxML/smo.19.sourceTrees.tre	0.7590866088867188	0.72	36	281	0.797752808988764	38	284	0.7888888888888889	(((((((((((t82:1.0,t7:1.0):1.0,t36:1.0):1.0,(t98:1.0,t71:1.0):1.0):1.0,t3:1.0):1.0,(t20:1.0,t38:1.0):1.0):1.0,(t91:1.0,t11:1.0):1.0,t43:1.0):1.0,(((((((t58:1.0,t95:1.0):1.0,t73:1.0):1.0,t54:1.0):1.0,((t79:1.0,t39:1.0):1.0,t24:1.0):1.0):1.0,t50:1.0):1.0,((t27:1.0,t46:1.0):1.0,t96:1.0):1.0):1.0,t49:1.0):1.0):1.0,(((((((t70:1.0,t72:1.0):1.0,t25:1.0):1.0,t29:1.0):1.0,((t77:1.0,t64:1.0):1.0,t56:1.0):1.0):1.0,t8:1.0):1.0,t94:1.0):1.0,t40:1.0):1.0):1.0,(((((((((t84:1.0,t100:1.0):1.0,((t5:1.0,t87:1.0):1.0,t12:1.0):1.0):1.0,((t85:1.0,t78:1.0):1.0,t75:1.0):1.0):1.0,((t30:1.0,t61:1.0):1.0,t48:1.0):1.0):1.0,((((t97:1.0,t55:1.0):1.0,((t63:1.0,t13:1.0):1.0,t99:1.0):1.0):1.0,t18:1.0):1.0,(t62:1.0,t57:1.0):1.0):1.0):1.0,((((t19:1.0,t22:1.0):1.0,((t6:1.0,t90:1.0):1.0,t41:1.0):1.0):1.0,((((((t10:1.0,t51:1.0):1.0,t65:1.0):1.0,t74:1.0):1.0,((t44:1.0,t15:1.0):1.0,t60:1.0,t32:1.0):1.0):1.0,(t47:1.0,t42:1.0):1.0):1.0,(t83:1.0,t21:1.0):1.0):1.0):1.0,(((t33:1.0,t92:1.0):1.0,((t28:1.0,t4:1.0):1.0,(t9:1.0,t93:1.0):1.0):1.0):1.0,t53:1.0):1.0):1.0):1.0,((t76:1.0,t2:1.0):1.0,t34:1.0):1.0):1.0,(((((t81:1.0,t59:1.0):1.0,t88:1.0):1.0,t86:1.0):1.0,t31:1.0):1.0,t67:1.0):1.0):1.0,((((t89:1.0,t1:1.0):1.0,t69:1.0):1.0,t45:1.0):1.0,t66:1.0):1.0):1.0):1.0,t52:1.0):1.0,t37:1.0);
data/SMIDGenOutgrouped/100/20/Model_Trees/pruned/smo.20.modelTree.tre	data/SMIDGenOutgrouped/100/20/Source_Trees/RaxML/smo.20.sourceTrees.tre	0.6854267120361328	0.65	24	120	0.8651685393258427	24	117	0.8666666666666667	((((((((t37:1.0,t73:1.0):1.0,((t89:1.0,t18:1.0):1.0,t91:1.0):1.0):1.0,(t26:1.0,t27:1.0):1.0):1.0,(((((((((t12:1.0,t67:1.0):1.0,t2:1.0):1.0,t44:1.0):1.0,((t42:1.0,t28:1.0):1.0,t51:1.0):1.0):1.0,((t85:1.0,t38:1.0):1.0,t56:1.0):1.0):1.0,t5:1.0):1.0,((t71:1.0,t84:1.0):1.0,t64:1.0):1.0):1.0,t80:1.0):1.0,t31:1.0):1.0):1.0,((t97:1.0,t17:1.0):1.0,(t77:1.0,t30:1.0):1.0):1.0):1.0,(((t69:1.0,t86:1.0):1.0,(t60:1.0,t58:1.0):1.0):1.0,((t96:1.0,t79:1.0):1.0,t36:1.0):1.0):1.0):1.0,((((((t63:1.0,t8:1.0):1.0,t68:1.0):1.0,t95:1.0):1.0,t7:1.0):1.0,t39:1.0):1.0,(((((t16:1.0,t6:1.0):1.0,t22:1.0):1.0,t25:1.0):1.0,((t74:1.0,t99:1.0):1.0,(t49:1.0,t55:1.0):1.0):1.0):1.0,t75:1.0):1.0):1.0):1.0,(((((((t24:1.0,t72:1.0):1.0,t100:1.0):1.0,t50:1.0):1.0,((t78:1.0,t61:1.0):1.0,t32:1.0,t14:1.0):1.0,t76:1.0):1.0,(((t11:1.0,t34:1.0):1.0,t19:1.0):1.0,t65:1.0):1.0):1.0,(((t1:1.0,t21:1.0):1.0,((t15:1.0,t4:1.0):1.0,t53:1.0):1.0):1.0,t13:1.0):1.0):1.0,(((((((((t92:1.0,t81:1.0):1.0,t57:1.0):1.0,t43:1.0):1.0,t90:1.0):1.0,(((t52:1.0,t70:1.0):1.0,t54:1.0):1.0,t3:1.0):1.0):1.0,(t23:1.0,t40:1.0):1.0):1.0,(t83:1.0,t9:1.0):1.0):1.0,((((((t87:1.0,t29:1.0):1.0,t33:1.0):1.0,t46:1.0):1.0,(((t98:1.0,t62:1.0):1.0,t10:1.0):1.0,t94:1.0):1.0):1.0,t20:1.0):1.0,t82:1.0):1.0):1.0,t66:1.0):1.0):1.0);
data/SMIDGenOutgrouped/100/20/Model_Trees/pruned/smo.21.modelTree.tre	data/SMIDGenOutgrouped/100/20/Source_Trees/RaxML/smo.21.sourceTrees.tre	0.7614357471466064	0.72	19	117	0.8950276243093923	20	117	0.8901098901098901	((((((((t63:1.0,t91:1.0):1.0,(((((t87:1.0,t50:1.0):1.0,t83:1.0):1.0,t23:1.0):1.0,t73:1.0):1.0,t49:1.0):1.0):1.0,(t39:1.0,t15:1.0):1.0):1.0,((t37:1.0,t18:1.0):1.0,t22:1.0):1.0):1.0,t47:1.0):1.0,((((((((t35:1.0,t45:1.0):1.0,((((t64:1.0,t17:1.0):1.0,t82:1.0):1.0,t43:1.0):1.0,t28:1.0):1.0):1.0,(t60:1.0,t99:1.0):1.0):1.0,(((t100:1.0,t6:1.0):1.0,t44:1.0):1.0,(t56:1.0,t92:1.0):1.0):1.0):1.0,t67:1.0):1.0,((t41:1.0,t72:1.0):1.0,(((t46:1.0,t32:1.0):1.0,(t20:1.0,t93:1.0):1.0):1.0,(((((t81:1.0,t27:1.0,t78:1.0):1.0,(t86:1.0,t8:1.0):1.0):1.0,t9:1.0):1.0,t76:1.0):1.0,t31:1.0):1.0):1.0):1.0):1.0,(((((((t89:1.0,t57:1.0):1.0,(t90:1.0,t3:1.0):1.0):1.0,(((t12:1.0,t5:1.0):1.0,(t7:1.0,t53:1.0):1.0):1.0,(((t61:1.0,t52:1.0):1.0,t36:1.0):1.0,t68:1.0):1.0):1.0):1.0,(t96:1.0,t97:1.0):1.0):1.0,(t98:1.0,t80:1.0):1.0):1.0,((((t4:1.0,t75:1.0):1.0,t69:1.0):1.0,t13:1.0):1.0,t26:1.0):1.0):1.0,((t70:1.0,t62:1.0):1.0,t95:1.0):1.0):1.0):1.0,(((t11:1.0,t25:1.0):1.0,t71:1.0):1.0,(((t79:1.0,t30:1.0):1.0,t74:1.0):1.0,((((((t84:1.0,t54:1.0):1.0,(t21:1.0,t42:1.0):1.0):1.0,t51:1.0):1.0,t58:1.0):1.0,t85:1.0):1.0,t40:1.0):1.0):1.0):1.0):1.0):1.0,t77:1.0):1.0,((t59:1.0,t24:1.0):1.0,((t38:1.0,t16:1.0):1.0,((((t88:1.0,t2:1.0):1.0,t94:1.0):1.0,t66:1.0):1.0,((t10:1.0,t14:1.0):1.0,t19:1.0):1.0):1.0):1.0):1.0);
data/SMIDGenOutgrouped/100/20/Model_Trees/pruned/smo.22.modelTree.tre	data/SMIDGenOutgrouped/100/20/Source_Trees/RaxML/smo.22.sourceTrees.tre	0.8228192329406738	0.7899999999999999	30	152	0.8235294117647058	32	151	0.8160919540229885	((((t88:1.0,t90:1.0):1.0,(t87:1.0,t32:1.0):1.0):1.0,(((((((((((t61:1.0,t34:1.0):1.0,t49:1.0):1.0,(t5:1.0,t2:1.0):1.0):1.0,t18:1.0):1.0,t33:1.0):1.0,(((t17:1.0,t48:1.0):1.0,t89:1.0,t73:1.0,t100:1.0):1.0,((t57:1.0,t76:1.0):1.0,t13:1.0):1.0):1.0):1.0,(((((t29:1.0,t93:1.0):1.0,(t15:1.0,t69:1.0):1.0):1.0,t92:1.0):1.0,(((t64:1.0,t20:1.0):1.0,((t42:1.0,t7:1.0):1.0,t63:1.0):1.0):1.0,t19:1.0):1.0):1.0,t24:1.0):1.0):1.0,(((((t62:1.0,t51:1.0):1.0,t14:1.0):1.0,t77:1.0):1.0,(((t3:1.0,t31:1.0):1.0,(t9:1.0,t16:1.0):1.0):1.0,t50:1.0,t23:1.0):1.0):1.0,((t38:1.0,t83:1.0,t67:1.0):1.0,((t52:1.0,t85:1.0):1.0,t81:1.0):1.0):1.0):1.0):1.0,((((((t43:1.0,t55:1.0):1.0,(t25:1.0,t47:1.0):1.0):1.0,((t26:1.0,t12:1.0):1.0,t79:1.0):1.0):1.0,((t11:1.0,t75:1.0):1.0,t30:1.0):1.0):1.0,((t44:1.0,t82:1.0):1.0,t41:1.0):1.0):1.0,t28:1.0):1.0):1.0,(((((((((t53:1.0,t56:1.0):1.0,t91:1.0):1.0,(t68:1.0,t98:1.0):1.0):1.0,t4:1.0):1.0,t45:1.0):1.0,t80:1.0):1.0,t27:1.0):1.0,((t95:1.0,t10:1.0):1.0,(((t97:1.0,t37:1.0):1.0,t22:1.0):1.0,t84:1.0):1.0):1.0):1.0,((t8:1.0,t78:1.0):1.0,t6:1.0):1.0):1.0):1.0,(((t60:1.0,t99:1.0):1.0,t36:1.0):1.0,((t96:1.0,t1:1.0):1.0,((t70:1.0,t94:1.0):1.0,t86:1.0):1.0):1.0):1.0):1.0):1.0,(t21:1.0,t58:1.0):1.0);
data/SMIDGenOutgrouped/100/20/Model_Trees/pruned/smo.23.modelTree.tre	data/SMIDGenOutgrouped/100/20/Source_Trees/RaxML/smo.23.sourceTrees.tre	0.631026029586792	0.5900000000000001	23	174	0.8670520231213873	24	170	0.8636363636363636	((((((t88:1.0,t70:1.0):1.0,(t83:1.0,t33:1.0):1.0):1.0,t31:1.0):1.0,t78:1.0):1.0,((((t5:1.0,t15:1.0):1.0,t6:1.0):1.0,t91:1.0):1.0,(t47:1.0,t73:1.0):1.0,t16:1.0):1.0):1.0,((((((((((((t89:1.0,t38:1.0):1.0,((t23:1.0,t65:1.0):1.0,t49:1.0):1.0):1.0,t68:1.0,t99:1.0):1.0,t63:1.0):1.0,((t40:1.0,t35:1.0):1.0,t17:1.0):1.0):1.0,t67:1.0):1.0,(((t85:1.0,t75:1.0):1.0,t30:1.0):1.0,t57:1.0):1.0):1.0,((((((((t52:1.0,t20:1.0):1.0,t9:1.0):1.0,(t58:1.0,t71:1.0):1.0):1.0,t56:1.0):1.0,t53:1.0):1.0,(t64:1.0,t45:1.0):1.0):1.0,((t69:1.0,t82:1.0):1.0,(t96:1.0,t79:1.0):1.0):1.0):1.0,((((t34:1.0,t74:1.0):1.0,t50:1.0):1.0,((t51:1.0,t29:1.0):1.0,t87:1.0):1.0):1.0,((t25:1.0,t54:1.0):1.0,t97:1.0):1.0):1.0):1.0):1.0,((t80:1.0,t61:1.0):1.0,t18:1.0):1.0):1.0,(((((t26:1.0,t93:1.0):1.0,(t62:1.0,t72:1.0):1.0,t1:1.0):1.0,(t92:1.0,t10:1.0):1.0):1.0,(t86:1.0,t48:1.0):1.0):1.0,t41:1.0):1.0):1.0,(((((t11:1.0,t60:1.0):1.0,t44:1.0):1.0,t2:1.0):1.0,(((((t39:1.0,t90:1.0):1.0,t32:1.0):1.0,((t12:1.0,t22:1.0):1.0,t28:1.0):1.0):1.0,(t100:1.0,t4:1.0):1.0):1.0,(((((t43:1.0,t46:1.0):1.0,(t8:1.0,t77:1.0):1.0):1.0,t84:1.0):1.0,t55:1.0):1.0,t81:1.0):1.0):1.0):1.0,((t76:1.0,t37:1.0):1.0,((t7:1.0,t94:1.0):1.0,(t42:1.0,t3:1.0):1.0):1.0):1.0):1.0):1.0,t66:1.0):1.0);
data/SMIDGenOutgrouped/100/20/Model_Trees/pruned/smo.24.modelTree.tre	data/SMIDGenOutgrouped/100/20/Source_Trees/RaxML/smo.24.sourceTrees.tre	0.6217665672302246	0.5900000000000001	35	147	0.7482014388489209	40	169	0.7297297297297297	((((((t71:1.0,t7:1.0):1.0,t22:1.0):1.0,t64:1.0):1.0,(t84:1.0,t56:1.0):1.0):1.0,(t57:1.0,t5:1.0):1.0):1.0,((((((((((t77:1.0,t20:1.0):1.0,t55:1.0):1.0,(t46:1.0,t43:1.0):1.0):1.0,t18:1.0):1.0,(((t17:1.0,t6:1.0):1.0,t67:1.0):1.0,t14:1.0):1.0,t76:1.0):1.0,((t59:1.0,t98:1.0):1.0,((t91:1.0,t60:1.0,t52:1.0):1.0,(t9:1.0,t70:1.0):1.0):1.0,(t44:1.0,t21:1.0):1.0):1.0):1.0,(((((t15:1.0,t23:1.0):1.0,t12:1.0):1.0,t61:1.0):1.0,t81:1.0,t27:1.0):1.0,((t47:1.0,t53:1.0):1.0,t54:1.0):1.0):1.0):1.0,(((((t63:1.0,t13:1.0):1.0,t4:1.0):1.0,(t26:1.0,t10:1.0):1.0):1.0,((t82:1.0,t11:1.0):1.0,(t29:1.0,t80:1.0):1.0,t69:1.0):1.0):1.0,t19:1.0,t37:1.0):1.0):1.0,(((((t1:1.0,t24:1.0):1.0,t42:1.0):1.0,(((t32:1.0,t3:1.0):1.0,t73:1.0):1.0,t75:1.0):1.0):1.0,(t45:1.0,t25:1.0):1.0,t48:1.0):1.0,(((t68:1.0,t35:1.0):1.0,t16:1.0):1.0,(((t30:1.0,t99:1.0):1.0,(t33:1.0,t72:1.0):1.0):1.0,((t66:1.0,t95:1.0):1.0,t58:1.0,t85:1.0):1.0):1.0):1.0):1.0):1.0,((t74:1.0,t65:1.0):1.0,(t93:1.0,t50:1.0):1.0):1.0):1.0,(t97:1.0,t34:1.0):1.0);
data/SMIDGenOutgrouped/100/20/Model_Trees/pruned/smo.25.modelTree.tre	data/SMIDGenOutgrouped/100/20/Source_Trees/RaxML/smo.25.sourceTrees.tre	0.726860523223877	0.69	29	140	0.8361581920903954	30	140	0.8314606741573034	((((((((((t86:1.0,t69:1.0):1.0,(((t59:1.0,t70:1.0):1.0,t26:1.0):1.0,t48:1.0):1.0):1.0,t37:1.0):1.0,(t15:1.0,t95:1.0):1.0):1.0,(t77:1.0,t73:1.0):1.0):1.0,(((((t94:1.0,t62:1.0):1.0,(t91:1.0,t32:1.0):1.0):1.0,((((t38:1.0,t75:1.0):1.0,t74:1.0):1.0,(t27:1.0,t1:1.0):1.0):1.0,t18:1.0):1.0):1.0,(((t58:1.0,t40:1.0):1.0,t29:1.0):1.0,((t34:1.0,t57:1.0):1.0,t21:1.0):1.0):1.0):1.0,(t63:1.0,t90:1.0):1.0):1.0):1.0,((t28:1.0,t50:1.0):1.0,(((t12:1.0,t30:1.0):1.0,t8:1.0):1.0,t6:1.0):1.0):1.0):1.0,(((t72:1.0,t60:1.0):1.0,t89:1.0):1.0,t22:1.0):1.0):1.0,(((((((t54:1.0,t2:1.0):1.0,t35:1.0):1.0,(((t87:1.0,t93:1.0):1.0,(t9:1.0,t25:1.0):1.0):1.0,t88:1.0):1.0):1.0,((t82:1.0,t51:1.0):1.0,t81:1.0):1.0):1.0,((((((((t99:1.0,t10:1.0):1.0,t53:1.0):1.0,(t11:1.0,t64:1.0):1.0):1.0,t61:1.0):1.0,t31:1.0):1.0,((t68:1.0,t56:1.0):1.0,t23:1.0):1.0):1.0,(((t98:1.0,t52:1.0):1.0,t46:1.0):1.0,t14:1.0):1.0):1.0,((((t97:1.0,t78:1.0):1.0,t3:1.0):1.0,t39:1.0):1.0,t5:1.0):1.0):1.0):1.0,((t71:1.0,t13:1.0):1.0,t19:1.0,t65:1.0):1.0):1.0,(((t24:1.0,t16:1.0):1.0,((((((t7:1.0,t96:1.0):1.0,t55:1.0):1.0,t79:1.0):1.0,(t43:1.0,t33:1.0):1.0):1.0,t17:1.0):1.0,t80:1.0):1.0):1.0,((t67:1.0,t92:1.0):1.0,t4:1.0):1.0):1.0):1.0):1.0,((((t76:1.0,t85:1.0):1.0,t42:1.0):1.0,t47:1.0):1.0,t100:1.0):1.0);
data/SMIDGenOutgrouped/100/20/Model_Trees/pruned/smo.26.modelTree.tre	data/SMIDGenOutgrouped/100/20/Source_Trees/RaxML/smo.26.sourceTrees.tre	0.5681867599487305	0.53	27	154	0.8187919463087249	30	150	0.8076923076923077	((((((((t37:1.0,t67:1.0):1.0,t39:1.0):1.0,t26:1.0):1.0,(((((t17:1.0,t73:1.0):1.0,t83:1.0):1.0,t80:1.0):1.0,((t25:1.0,t63:1.0):1.0,(t7:1.0,t52:1.0):1.0):1.0):1.0,(((t85:1.0,t75:1.0):1.0,t10:1.0):1.0,t24:1.0):1.0):1.0):1.0,(t23:1.0,t31:1.0):1.0):1.0,(((((t28:1.0,t44:1.0):1.0,t76:1.0):1.0,((t43:1.0,t93:1.0):1.0,t96:1.0):1.0):1.0,(((t6:1.0,t97:1.0):1.0,((t90:1.0,t69:1.0):1.0,t70:1.0):1.0):1.0,t59:1.0,t49:1.0):1.0,(t87:1.0,t79:1.0):1.0):1.0,(((((t41:1.0,t19:1.0):1.0,(t33:1.0,t36:1.0):1.0):1.0,(t68:1.0,t45:1.0):1.0):1.0,(t91:1.0,t13:1.0):1.0):1.0,t15:1.0):1.0):1.0):1.0,((((t57:1.0,t88:1.0):1.0,t66:1.0,t11:1.0):1.0,(t94:1.0,t60:1.0):1.0,t8:1.0):1.0,(((t29:1.0,t56:1.0):1.0,(t50:1.0,t2:1.0):1.0):1.0,(t30:1.0,t89:1.0):1.0):1.0,(t22:1.0,t27:1.0):1.0):1.0):1.0,((((((t53:1.0,t65:1.0):1.0,t72:1.0,t92:1.0):1.0,(((t3:1.0,t35:1.0):1.0,t4:1.0):1.0,t34:1.0):1.0):1.0,((t78:1.0,t32:1.0):1.0,((((t82:1.0,t74:1.0):1.0,t99:1.0):1.0,(t5:1.0,t81:1.0):1.0):1.0,t40:1.0,t71:1.0):1.0):1.0):1.0,((t47:1.0,t42:1.0):1.0,t55:1.0):1.0):1.0,((t21:1.0,t100:1.0):1.0,t61:1.0):1.0):1.0);
data/SMIDGenOutgrouped/100/20/Model_Trees/pruned/smo.27.modelTree.tre	data/SMIDGenOutgrouped/100/20/Source_Trees/RaxML/smo.27.sourceTrees.tre	0.5336875915527344	0.5	13	24	0.9212121212121213	14	31	0.9166666666666666	((((((t25:1.0,t14:1.0):1.0,(((t27:1.0,t85:1.0):1.0,t63:1.0):1.0,((t46:1.0,t39:1.0):1.0,t97:1.0):1.0):1.0):1.0,(t15:1.0,t86:1.0):1.0):1.0,(((((((t58:1.0,t3:1.0):1.0,t93:1.0):1.0,t59:1.0):1.0,t52:1.0):1.0,t57:1.0):1.0,t77:1.0,t81:1.0):1.0,t45:1.0):1.0):1.0,(((((((t67:1.0,t87:1.0):1.0,(t83:1.0,t99:1.0):1.0):1.0,t21:1.0):1.0,(t54:1.0,t13:1.0):1.0):1.0,((t22:1.0,t20:1.0):1.0,(t49:1.0,t48:1.0):1.0):1.0):1.0,((t31:1.0,t9:1.0):1.0,(t41:1.0,t61:1.0):1.0):1.0):1.0,((((((t72:1.0,t5:1.0):1.0,t44:1.0):1.0,((t89:1.0,t92:1.0):1.0,(t78:1.0,t65:1.0):1.0):1.0):1.0,t68:1.0):1.0,(((((t56:1.0,t12:1.0):1.0,t29:1.0):1.0,t73:1.0):1.0,t43:1.0):1.0,t1:1.0):1.0,t88:1.0):1.0,((((((t7:1.0,t30:1.0):1.0,t84:1.0):1.0,t98:1.0):1.0,t50:1.0):1.0,((t32:1.0,t82:1.0):1.0,t91:1.0):1.0):1.0,((t6:1.0,t8:1.0):1.0,t76:1.0):1.0):1.0):1.0):1.0):1.0,((((((t42:1.0,t79:1.0):1.0,((t2:1.0,t23:1.0):1.0,t74:1.0):1.0):1.0,t35:1.0):1.0,(((t95:1.0,t17:1.0):1.0,t28:1.0):1.0,t62:1.0):1.0):1.0,((t11:1.0,t10:1.0):1.0,(t53:1.0,t64:1.0):1.0):1.0):1.0,(((((t34:1.0,t96:1.0):1.0,t38:1.0):1.0,(t36:1.0,t19:1.0):1.0):1.0,t55:1.0):1.0,((t80:1.0,t33:1.0):1.0,((t94:1.0,t40:1.0):1.0,t16:1.0):1.0):1.0,t26:1.0):1.0):1.0);
data/SMIDGenOutgrouped/100/20/Model_Trees/pruned/smo.28.modelTree.tre	data/SMIDGenOutgrouped/100/20/Source_Trees/RaxML/smo.28.sourceTrees.tre	0.7312483787536621	0.69	19	102	0.8862275449101796	18	102	0.8928571428571429	((((t77:1.0,t28:1.0):1.0,(((t16:1.0,t54:1.0):1.0,t81:1.0):1.0,((t14:1.0,t32:1.0):1.0,t58:1.0):1.0):1.0):1.0,(((((((t55:1.0,t39:1.0):1.0,t95:1.0):1.0,t62:1.0):1.0,t44:1.0):1.0,((((t40:1.0,t10:1.0):1.0,t84:1.0):1.0,(((t68:1.0,t82:1.0):1.0,t70:1.0):1.0,(t66:1.0,t85:1.0):1.0):1.0):1.0,((t74:1.0,t5:1.0):1.0,t35:1.0):1.0):1.0):1.0,(((((t19:1.0,t98:1.0):1.0,t1:1.0):1.0,t20:1.0):1.0,(((t64:1.0,t78:1.0):1.0,t69:1.0):1.0,((t25:1.0,t53:1.0):1.0,t22:1.0):1.0):1.0):1.0,(t26:1.0,t60:1.0):1.0):1.0):1.0,((((((t75:1.0,t6:1.0):1.0,t100:1.0):1.0,t76:1.0):1.0,((t65:1.0,t9:1.0):1.0,t93:1.0):1.0):1.0,(((t21:1.0,t11:1.0):1.0,(t17:1.0,t61:1.0):1.0):1.0,t72:1.0):1.0):1.0,(((((((((t36:1.0,t73:1.0):1.0,t12:1.0):1.0,((((t2:1.0,t15:1.0):1.0,t41:1.0):1.0,t31:1.0):1.0,t52:1.0):1.0):1.0,t30:1.0):1.0,(((t43:1.0,t3:1.0):1.0,((((t67:1.0,t33:1.0):1.0,t24:1.0):1.0,t71:1.0):1.0,(t38:1.0,t49:1.0):1.0):1.0):1.0,t34:1.0):1.0):1.0,t96:1.0):1.0,(t42:1.0,t18:1.0):1.0):1.0,(((t51:1.0,t29:1.0):1.0,t37:1.0):1.0,t4:1.0):1.0):1.0,t50:1.0):1.0):1.0):1.0):1.0,(((((t90:1.0,t80:1.0):1.0,(t91:1.0,t79:1.0):1.0):1.0,t46:1.0,t92:1.0):1.0,((t83:1.0,t23:1.0):1.0,t8:1.0):1.0):1.0,((t97:1.0,t56:1.0):1.0,t86:1.0):1.0):1.0);
data/SMIDGenOutgrouped/100/20/Model_Trees/pruned/smo.29.modelTree.tre	data/SMIDGenOutgrouped/100/20/Source_Trees/RaxML/smo.29.sourceTrees.tre	0.8100085258483887	0.77	33	162	0.7950310559006211	34	166	0.7926829268292683	(((((((((((t3:1.0,t56:1.0):1.0,t95:1.0):1.0,t5:1.0):1.0,t36:1.0):1.0,t29:1.0):1.0,((t70:1.0,t20:1.0):1.0,t26:1.0):1.0):1.0,(((t39:1.0,t50:1.0):1.0,t92:1.0):1.0,((t79:1.0,t60:1.0):1.0,t49:1.0):1.0,((t42:1.0,t25:1.0):1.0,t62:1.0):1.0):1.0):1.0,((((((t97:1.0,t98:1.0):1.0,(((t84:1.0,t37:1.0):1.0,t22:1.0):1.0,(t13:1.0,t78:1.0):1.0):1.0):1.0,((t87:1.0,t21:1.0):1.0,t52:1.0):1.0):1.0,((((t12:1.0,t23:1.0):1.0,t55:1.0):1.0,(((t35:1.0,t74:1.0):1.0,t88:1.0):1.0,((t83:1.0,t34:1.0):1.0,t30:1.0):1.0):1.0):1.0,(((t46:1.0,t2:1.0):1.0,t75:1.0):1.0,t99:1.0):1.0):1.0):1.0,((t9:1.0,t72:1.0):1.0,t76:1.0):1.0):1.0,((((((t48:1.0,t47:1.0):1.0,t58:1.0):1.0,((t1:1.0,t93:1.0):1.0,t67:1.0):1.0):1.0,(t19:1.0,t65:1.0):1.0):1.0,(((t14:1.0,t17:1.0):1.0,(t10:1.0,t27:1.0):1.0):1.0,((t81:1.0,t61:1.0):1.0,t86:1.0):1.0):1.0):1.0,((t71:1.0,t38:1.0):1.0,t63:1.0):1.0):1.0):1.0):1.0,(((((t24:1.0,t85:1.0):1.0,t100:1.0,t28:1.0):1.0,(t7:1.0,t32:1.0):1.0):1.0,((((t91:1.0,t89:1.0):1.0,t96:1.0):1.0,t41:1.0):1.0,t18:1.0):1.0):1.0,t90:1.0,t31:1.0):1.0):1.0,(((((t43:1.0,t73:1.0):1.0,t59:1.0):1.0,t80:1.0):1.0,(t77:1.0,t94:1.0):1.0):1.0,(t4:1.0,t45:1.0):1.0):1.0):1.0,t54:1.0);
