data/SuperTripletsBenchmark/model-trees/model-1.nwk.model_tree	data/SuperTripletsBenchmark/source-trees/d25/k10/data-d25-k10-1_phybp-s0r.nwk.source_trees	2.5958988666534424	1.75	22	81	0.945273631840796	22	81	0.945273631840796	((((((t89,(((t15,t36),(t7,t22)),t82)),((((t86,t52),((t56,t20),t46)),(((t17,(t9,t88)),(t74,(t51,t1))),t32)),(t90,t30))),((((t83,t14),t13),(((t66,t77),t81),(t63,(t61,t40)))),t34)),(((((t100,t26),t47),((t29,t68),t67)),(t69,((t75,t71),t58))),(((t21,t62),((t64,t38),t43)),(((t28,t3),t48),t39)))),((((((t54,t87),t97),(((((t84,t16),t55),(t31,t72)),(t4,t95)),(((t85,t96),t94),(((t80,t70),t42),((t18,t53),t19))))),(t92,t49)),(((((t79,(t5,t11)),t93),t44),(t12,t41)),((((t50,t78),t98),t6),(t33,t35)))),((((((t27,t23),(t65,t10)),t37),t76),(t57,(t59,(t91,t60)))),((t2,t73),((t8,t99),((t24,t45),t25)))))),root);
data/SuperTripletsBenchmark/model-trees/model-2.nwk.model_tree	data/SuperTripletsBenchmark/source-trees/d25/k10/data-d25-k10-2_phybp-s0r.nwk.source_trees	1.948230266571045	1.52	42	223	0.8955223880597015	42	223	0.8955223880597015	(((((((((t18,t42),(t77,t38)),t5),(t69,((t71,t17),t21))),t82),(((t87,(t34,t80)),t51),t14)),(((((((t62,t37),t28),((((t15,t41),((t24,t66),t78)),((t56,t19),t99)),(t98,t10))),(((t1,(t27,t95)),t39),(t97,((t26,t53),t68)))),t52),((t20,t74),t25)),(t92,t84))),(((((((t76,t48),(((t93,t88),(t81,t45)),((t61,t23),(t47,((t59,t29),t3))))),(t54,(t86,t49))),(((((t40,t73),t16),t8),((t43,t89),(t46,t94))),((((t50,(t70,t63)),t31),t60),t4))),((((t75,(t64,t11)),(t91,t33)),(t7,t2)),t30)),t22),((((((t79,t36),t90),t67),t55),((t96,t100),(t72,t57))),((t12,((((t32,(t65,t6)),t83),((t9,t35),t44)),t13)),(t85,t58))))),root);
data/SuperTripletsBenchmark/model-trees/model-3.nwk.model_tree	data/SuperTripletsBenchmark/source-trees/d25/k10/data-d25-k10-3_phybp-s0r.nwk.source_trees	1.9852452278137207	1.55	20	49	0.9502487562189055	20	49	0.9502487562189055	(((((((t100,t46),t15),(t30,(t93,t77))),((t5,t69),((t58,t52),(t64,t47)))),(((((t97,t4),(t6,t19)),(t85,t26)),(((t54,t74),t3),t13)),(((t86,t60),t48),(((t10,(t61,t94)),(t62,(t43,t51))),(((t84,t9),t81),t22))))),(((((((t65,t95),((t1,t17),(t59,t25))),(((t96,t41),(t27,(t53,t36))),t12)),(((t31,t87),t16),(t24,t98))),(((t34,t55),t39),((t11,t71),t78))),((t80,((t37,t57),t7)),(t20,(((t38,t89),t83),t40)))),((((((t35,t79),t99),((t21,t76),(t72,(t2,t67)))),t49),((t66,(t75,t32)),t63)),((((t56,t23),t42),((((t29,(t28,t82)),(((t91,t90),t14),t44)),t8),(((t68,t73),(t33,t70)),(t18,(t92,t88))))),(t50,t45))))),root);
data/SuperTripletsBenchmark/model-trees/model-4.nwk.model_tree	data/SuperTripletsBenchmark/source-trees/d25/k10/data-d25-k10-4_phybp-s0r.nwk.source_trees	1.8254799842834473	1.48	41	167	0.8977556109725686	42	167	0.8955223880597015	((((((((t8,t100),t24),((t47,t91),((t40,(t18,t20)),(t72,(t51,t71))))),((((t50,(((t27,t66),t60),t62)),((t34,t79),t1)),(((t97,(t35,t26)),(t5,t19)),((t30,((t41,t33),t37)),t88))),(t16,t56,t52))),(((((t63,t73),(t58,t3)),t93),(t10,t11)),((t78,((t46,t99),t36)),t32))),(t65,t64)),((((((t15,t45),((t49,(t59,(t86,t74))),t53)),(((t98,t2),(t31,(t25,t55))),(t85,t48))),(t14,(t87,(t38,t29)))),(((((((t23,t6),t89),t13),t94),(t44,t76)),(((t81,t57),(t90,t17)),((t54,t21),(t28,t82)))),((t84,t67),t12))),(((((t69,t68),(t75,t77)),(t42,t95)),(t92,t39)),((t43,t96),((((t70,(t83,t22)),t80),t7),(t9,(t61,t4))))))),root);
data/SuperTripletsBenchmark/model-trees/model-5.nwk.model_tree	data/SuperTripletsBenchmark/source-trees/d25/k10/data-d25-k10-5_phybp-s0r.nwk.source_trees	1.865476131439209	1.51	59	174	0.8528678304239401	60	174	0.8507462686567164	((((((t9,t90),(t65,t10)),(((((t14,(t32,t31)),t95),((((t12,t70),t73),t26),t19)),((t42,t77,t76),t45)),t79)),((((t15,((((t52,t51),t43),t63),(t24,t33))),((((t97,t36),t46),t56),t7)),(((((t16,t37),t74),((t61,t67),t27)),((t66,t60),t35)),(t64,t55))),((((((t23,t29),t85),t99),(((((t59,t41),(t34,t71)),(t69,t80)),t87),((((t28,t11),t83),(((t44,t50),t1),t40)),((t91,t82),t72)))),(((t6,t88),t86),t2)),((((t94,t17),t57),t49),t21)))),((((((((t48,(t18,t4)),t22),t98),t93),((t89,(t96,t47)),t58)),t13),(t39,t68)),((((((t5,t8),t62),t100),(t20,t78)),(((t84,t25),t30),t81)),(((t54,t92),((t38,t53),t75)),t3)))),root);
data/SuperTripletsBenchmark/model-trees/model-6.nwk.model_tree	data/SuperTripletsBenchmark/source-trees/d25/k10/data-d25-k10-6_phybp-s0r.nwk.source_trees	1.922687292098999	1.54	24	98	0.9402985074626866	24	98	0.9402985074626866	(((((((((((t9,t74),t94),t48),t38),((((t56,t88),t35),(t26,t37)),(t10,(t2,t6)))),(((t75,t64),t71),((t78,t11),t40))),(((t16,t82),(((t25,(t50,t41)),t98),t44)),(t14,t60))),t49),((((((t76,t4),(t5,t79)),((((((t54,t46),(t62,t19)),t32),t36),t15),(t17,(t31,t63)))),(t21,t33)),t8),((t3,((t52,t68),(t81,t39))),((t20,(t18,(t86,t87))),((t58,t72),t65))))),((((t29,t57),(t7,t70)),((((t55,(t84,t59)),t69),t22),(t97,t67))),(((t42,t100),(((t47,(t27,t91)),(((t83,(t13,t73)),t34),(t12,t53))),(((t23,(t61,t30)),t85),t24))),(((t93,((((t43,t99),t95),t77),(t92,t28))),t80),((t96,t66),((((t51,t45),t1),t90),t89)))))),root);
data/SuperTripletsBenchmark/model-trees/model-7.nwk.model_tree	data/SuperTripletsBenchmark/source-trees/d25/k10/data-d25-k10-7_phybp-s0r.nwk.source_trees	1.8223586082458496	1.45	54	176	0.8656716417910447	54	176	0.8656716417910447	((((((((((t32,t100),(((((t33,(t54,t48)),(t13,(t34,t86))),(t59,t67)),t25),t43)),(t21,t91)),t49),(((t50,t15),t8),(t42,t82))),((((((t85,t73),t19),t76),((((((t14,t63),t77),t96),t38),t80),(((t83,t5),(t27,t47)),(t99,t37)))),((t39,t79),t95)),t4)),(((t7,t17),t16),t53)),(((t97,t56),t31),(t52,t94))),((((((t36,(((t24,t9),(t71,((t81,t61),t90))),t1)),(t88,(t6,t70))),((((t11,t89),t40),((t84,t10),t12)),(((t44,t74),t26),(t65,t98)))),(((((t29,t72),t92),t55),(((t41,t78),t45),t28)),((t87,(t64,t68)),t51))),((((t18,t35),(t93,(t58,t3))),(((t30,t46),t57),t62)),t22)),((t69,(t66,t2)),((t23,(t20,t60)),t75)))),root);
data/SuperTripletsBenchmark/model-trees/model-8.nwk.model_tree	data/SuperTripletsBenchmark/source-trees/d25/k10/data-d25-k10-8_phybp-s0r.nwk.source_trees	1.8856327533721924	1.53	36	252	0.9104477611940298	36	252	0.9104477611940298	(((((((((((t73,(((t61,t20),t29),t79)),(t31,t46)),(t85,t84)),(((t10,t35),t64),((t27,t93),t90))),t37),(t47,((((t16,t57),t63),t48),t68))),((((t60,(t98,t77)),t39),(((t14,t94),t80),t44)),((t91,t23),t33))),((t88,(((t9,t11),(t75,t54)),(t22,t3))),(((t97,t100),t17),(t69,t30)))),(((((((((t40,t52),t53),t42),t43),(t56,t26)),(t4,t87)),((t12,t55),t7)),t86),(((t66,(t96,t6)),((((t2,t49),((t25,t13),(t58,t72))),t62),(((t99,(t8,t19)),(t34,t71)),(t36,(((t92,t89),t1),t67))))),(t21,(t95,t45))))),((t18,((t83,(t59,(t50,t51))),(t78,t82))),(((((t15,(t24,t76)),(t38,t74)),(t65,t28)),(t70,(t81,t41))),(t5,t32)))),root);
data/SuperTripletsBenchmark/model-trees/model-9.nwk.model_tree	data/SuperTripletsBenchmark/source-trees/d25/k10/data-d25-k10-9_phybp-s0r.nwk.source_trees	1.9125111103057861	1.53	28	239	0.9303482587064676	28	239	0.9303482587064676	((((((((((t100,(t16,t23)),t6),(((t68,t89),t63),t88)),(t66,t45)),(t93,t49)),(((t33,(((t7,t41),t92),(t95,t99))),(t20,t72)),((t75,t85),((t42,t62),t79)))),((((t10,t26),(t81,t98)),t3),(t22,t13))),((((t97,t64),(t83,(t58,(t65,t4)))),(t50,t17)),((((t56,t24),t90),(t14,t46)),(((t86,(t96,t94)),(t84,t38)),(t21,t70))))),((((((((((t30,((t80,t32),t27)),t34),((((t54,t47),t74),((t35,t57),t60)),(t43,t77))),t69),(t40,t36)),(((t5,t71),((t8,t91),t37)),((t31,t53),(t9,t73)))),((t76,t51),t39)),(((t59,t2),t44),(t78,t1))),(((t12,t18),(t55,t19)),t28)),(((t67,t11),t25),(((t29,(t61,t52)),(t82,(t15,t87))),t48)))),root);
data/SuperTripletsBenchmark/model-trees/model-10.nwk.model_tree	data/SuperTripletsBenchmark/source-trees/d25/k10/data-d25-k10-10_phybp-s0r.nwk.source_trees	1.8687412738800049	1.49	30	126	0.9253731343283582	30	126	0.9253731343283582	((((((t12,t16),(((t24,t63),(((t84,t59),t74),t53)),t25)),((((((t26,(t67,((t43,t66),t86))),(t21,t38)),(((t69,t50),t6),(t22,t76))),((((t97,t33),t73),t68),((t78,(t88,(t28,t48))),t85))),t3),((((t8,t91),t94),((t62,t70),t77)),t20))),(((t17,(((t34,(t56,t9)),(t60,t82)),t1)),(((t72,t36),(((t44,t49),(t23,(t75,t87))),t90)),(((t93,t57),t71),(t83,t47)))),((((((((t5,t14),t29),(t92,t61)),((t30,t89),(t65,(t35,t39)))),((t15,t79),((t55,t95),t27))),((t2,(t81,t31)),((t80,t41),t4))),((t18,t11),t19)),t58))),((((t100,(t54,t42)),(t7,t64)),((t40,t46),(t32,t37))),(((((t98,t52),t99),t10),(t13,t51)),(t96,t45)))),root);
data/SuperTripletsBenchmark/model-trees/model-11.nwk.model_tree	data/SuperTripletsBenchmark/source-trees/d25/k10/data-d25-k10-11_phybp-s0r.nwk.source_trees	1.9151270389556885	1.57	50	130	0.8756218905472637	50	130	0.8756218905472637	((((((((((((((t23,(t48,t39)),t97),((t3,t49),(t66,(t52,t82)))),(t13,t79)),((((t5,t89),t64),t46),(t30,t19))),((t100,t2),((t62,t72),(t85,t57)))),t27),((t33,t99),t34)),((t24,t38),(((t50,((t28,t1),t45)),t18),(t8,t32)))),t20),(((((((t12,t41),t77),t15),t11),((t59,t60),t31)),(t84,(t87,(t56,t61)))),(((((t93,t4),((t44,t95),t70)),(t10,t17)),((t16,t68),t54)),(t80,t53)))),((((t7,t42),(t83,((t81,t67),t90))),(((t51,t73),(t74,t29)),t22)),(((t69,t88),t55),(t47,t25)))),((((t76,t94),t91),((((t14,t63),t21),t96),(((t9,t86),t6),t98))),(((t26,(((t40,t78),t36),(t58,t35))),(t65,t37)),((t43,t71),(t75,t92))))),root);
data/SuperTripletsBenchmark/model-trees/model-12.nwk.model_tree	data/SuperTripletsBenchmark/source-trees/d25/k10/data-d25-k10-12_phybp-s0r.nwk.source_trees	1.9412152767181396	1.54	36	159	0.9104477611940298	36	159	0.9104477611940298	((((((((t70,t53),(t38,(t81,t39))),((t55,t3),t99)),(t42,t68)),t94),((((((t93,t77),t78),((t47,t59),t9)),((t14,(t10,t51)),(t33,(t48,t95)))),(t85,t32)),((t25,t40),((t58,t66),(t22,(t64,t90)))))),((((((((((((t12,t4),t16),(t18,((t34,t41),t72))),(t63,t79)),((t15,t73),(t65,t49))),((((t28,t100),t23),(t46,(t54,t56))),((t88,(((t5,t2),t50),t43)),t37))),(t62,t82)),(((t20,t30),t1),t44)),t92),(((t97,t84),t67),t74)),((((((((t61,t83),((t75,t89),(t31,t35))),(t21,t36)),t11),t26),((t24,t80),t13)),(t8,t91)),((t86,t29),t52))),((((((t98,(t27,t71)),t76),t45),(((t87,t17),(t69,t60)),(t96,t19))),t57),(t7,t6)))),root);
data/SuperTripletsBenchmark/model-trees/model-13.nwk.model_tree	data/SuperTripletsBenchmark/source-trees/d25/k10/data-d25-k10-13_phybp-s0r.nwk.source_trees	1.973679780960083	1.58	78	365	0.8059701492537313	78	365	0.8059701492537313	((((((((t2,(t63,t82)),t60),((t49,(t43,t99)),t12)),((t54,(t97,t45)),(((t41,t48),(t27,t93)),(t61,t51)))),((((t75,t21),((t52,t3),t95)),((t9,(t85,t4)),(t34,t65))),(((t81,t16),t13),((t83,t5),t22)))),(((((((t15,t88),t50),t10),((t7,t37),(t44,t86))),((t59,t40),(t23,t19))),t64),((t69,t57),(((t58,t46),t25),t28)))),(((((t78,(t42,t77)),t11),(t56,t94)),((t38,t79),((((t47,t26),t35),t24),(((t18,t67),t87),t66)))),(((((t8,t71),(((t29,(t74,t70)),t72),t20)),((((t62,t1),((t91,t76),t33)),(t80,t31)),t73)),(t96,t17)),((((t36,t89),t68),(((t84,t6),(t55,(t90,t53))),t100)),(t98,((t14,(t92,t32)),(t30,t39))))))),root);
data/SuperTripletsBenchmark/model-trees/model-14.nwk.model_tree	data/SuperTripletsBenchmark/source-trees/d25/k10/data-d25-k10-14_phybp-s0r.nwk.source_trees	1.8957464694976807	1.55	66	350	0.835820895522388	66	350	0.835820895522388	(((((((((((((t47,t38),t26),(t100,(t91,t94))),(t54,t18)),(t44,t6)),t15),t13),((t68,((t67,(t43,t36)),t56)),((((t34,t60),t69),t3),t87))),((((t73,(t75,(t35,t74))),((t85,t29),t9)),(t42,t90)),((t58,t48),((((t59,t70),(t27,t30)),(t5,t66)),(t10,t99))))),(((t98,(t2,t46)),t81),((((t4,t37),(((t53,t95),t64),t84)),(t50,t62)),t33))),((((((t12,t31),t16),((t28,t52),((t23,t63),(t65,t25)))),t61),((t72,t17),t83)),(((((t97,(t8,t19)),t7),t96),t24),(((t77,t51),((t76,t86),t49)),t40)))),(((((t93,t79),(((t80,t39),t14),t21)),(t32,t20)),(((((t22,t82),t41),t88),(t1,(t11,t45))),t55)),((((t71,t89),t57),t92),t78))),root);
data/SuperTripletsBenchmark/model-trees/model-15.nwk.model_tree	data/SuperTripletsBenchmark/source-trees/d25/k10/data-d25-k10-15_phybp-s0r.nwk.source_trees	1.8608033657073975	1.51	20	55	0.9502487562189055	20	55	0.9502487562189055	(((((((((t5,t33),(t59,t1)),t75),(t92,t25)),((t65,t86),((((t21,t71),t56),((t9,(t22,t23)),t63)),((t12,t87),(t72,t82))))),(((((t84,t17),t27),(t11,t19)),t18),((((t95,t36),(t54,t68)),t85),(((t47,t35),(t7,t30)),(t62,(t77,t48)))))),(((t20,((t60,t37),t93)),(t44,t94)),(t14,(t28,t32)))),((((((((t24,t100),(t49,t88)),((t51,(t98,t67)),t58)),((t96,t50),(t52,t26))),(((t45,(t61,t39)),((t43,t66),t16)),((t73,(t91,t90)),(((t6,t89),t46),((t8,t40),t13))))),((((t42,t15),(t4,t79)),(((t31,t78),(t2,t55)),(t38,(t97,t64)))),t57)),((t10,t74),t81)),(((t70,(t76,t99)),t41),((((t69,t3),(t80,t29)),(t34,t53)),t83)))),root);
data/SuperTripletsBenchmark/model-trees/model-16.nwk.model_tree	data/SuperTripletsBenchmark/source-trees/d25/k10/data-d25-k10-16_phybp-s0r.nwk.source_trees	1.8727314472198486	1.51	20	202	0.9502487562189055	20	202	0.9502487562189055	((((((((t16,(t10,(t54,t40))),(t43,t52)),(t42,t87)),(((t22,t21),(t92,(t98,t66))),(t27,t47))),(((t6,(t86,t82)),t39),t24)),((t8,t19),((t63,(t91,t72)),((((((t49,t48),t99),t83),t9),t89),t56)))),((((((((t25,t35),t12),((t60,t45),((t95,(t28,t77)),t4))),(t70,t68)),((t69,t51),t20)),((((((t34,t33),t76),t88),(t94,t36)),t61),(t85,t32))),((((((((t30,(t7,t29)),t31),(t18,t80)),t14),((t100,t17),t75)),(((t93,(t55,t3)),(((t67,t90),((t13,(t64,t73)),t71)),(t50,(t41,t74)))),(t38,((t78,t11),t2)))),t96),(((t65,t84),(t44,t58)),t15))),((((t37,t57),(t81,t1)),t5),((t62,t26),(t79,((((t97,t23),t53),t46),t59)))))),root);
data/SuperTripletsBenchmark/model-trees/model-17.nwk.model_tree	data/SuperTripletsBenchmark/source-trees/d25/k10/data-d25-k10-17_phybp-s0r.nwk.source_trees	1.937248706817627	1.55	30	121	0.9253731343283582	30	121	0.9253731343283582	((((((t91,t46),(((t69,(((t50,t78),t41),t63)),(t40,(t88,(t32,(t65,t82))))),(t48,(t90,t1)))),(((((t23,t74),(t81,t18)),((t93,t67),t68)),(((t84,(t61,t25)),(t75,t60)),(t86,t79))),(((((((t100,t30),(t29,t11)),t47),((t44,t94),((t85,t2),t58))),t92),((t5,t3),t10)),(t59,t37)))),((((((t14,t71),t4),t98),t28),((t56,t87),t83)),((((t54,t21),t55),t53),t16))),(((((((t43,t45),((t31,(((t64,t80),t35),t22)),(t7,t33))),((((t27,t77),(t9,t19)),t39),(((t20,t49),t6),t70))),(t73,t57)),((t38,t99),t26)),t66),((((t8,t17),((t51,t95),(t72,(t34,t96)))),((t62,(t42,t52)),t13)),(((((t24,t76),t97),t15),(t12,t36)),t89)))),root);
data/SuperTripletsBenchmark/model-trees/model-18.nwk.model_tree	data/SuperTripletsBenchmark/source-trees/d25/k10/data-d25-k10-18_phybp-s0r.nwk.source_trees	1.813206434249878	1.46	42	211	0.8955223880597015	42	211	0.8955223880597015	(((((((((t54,t2),t34),(t100,t41)),t60),((t14,((t97,t38),t70)),(((t61,t26),(t84,t57)),(t71,t79)))),(((((t56,t19),t98),t95),((t21,t16),(((t93,(t86,t4)),t94),t47))),(((((t96,t6),t72),(t82,t88)),t17),(t24,t40)))),(((((t9,t48),((t63,t89),((t69,t73),t32))),(t8,(t92,t91))),(t7,t65)),(((((t30,t53),t36),t81),t76),t66))),(((((((((t58,t13),t78),t87),(((t42,t39),t68),t64)),t83),((t15,(((t23,t20),t25),t67)),t3)),(((t59,t10),t29),t28)),((t11,(t62,t99)),(((t12,t18),t77),(t75,t33)))),(((((((t50,t1),(t35,t45)),t22),(t44,t27)),t51),((t55,t46),t37)),((t52,(((t49,t74),(t80,t90)),t43)),((t5,t31),t85))))),root);
data/SuperTripletsBenchmark/model-trees/model-19.nwk.model_tree	data/SuperTripletsBenchmark/source-trees/d25/k10/data-d25-k10-19_phybp-s0r.nwk.source_trees	1.8960471153259277	1.52	28	108	0.9303482587064676	28	108	0.9303482587064676	((((((((t97,t18),t23),((t12,t62),t11)),(((t58,t70),(((t34,t89),t7),t93)),((t47,((t63,(t51,t45)),t88)),t56))),(((t14,(t31,t74)),(t27,t77)),(((((((t96,t87),t22),t83),t26),(((t49,t72),t73),t15)),t91),t60))),t39),(((((((((((t94,(t99,t82)),(t20,t19)),((t79,(t30,t35)),t78)),t86),(t21,t25)),((t76,t53),(t85,t41))),(((t61,(t16,t38)),t24),t75)),(((t6,(t71,t36)),((t43,t13),t42)),((t98,t68),((t1,t17),t2)))),(((((t5,t40),((t80,t32),t8)),(t66,t55)),((t69,(t44,t57)),t4)),(t59,t10))),((t9,((t81,t50),(((t67,t52),t64),(t92,t28)))),((t54,t84),t3))),((t100,((t29,t95),t48)),((t65,t46),((t90,t33),t37))))),root);
data/SuperTripletsBenchmark/model-trees/model-20.nwk.model_tree	data/SuperTripletsBenchmark/source-trees/d25/k10/data-d25-k10-20_phybp-s0r.nwk.source_trees	1.9423351287841797	1.54	38	100	0.9054726368159204	38	100	0.9054726368159204	(((((((t59,(t4,(t28,t31))),((t66,t73),t86)),((t12,t57),(t7,t81))),(t62,(t25,t71))),(((((((t20,t35),(t80,t76)),(t100,t88)),(t65,t32)),(t54,t2)),t95),((((t42,(t69,(t46,t87))),t49),((t30,(t50,t13)),(((t60,t36),t52),(t56,t22)))),((t3,t94),((((t90,t17),t70),t41),t93))))),((((((t47,t58),(t64,t53)),(t99,(t21,t55))),((t27,t15),(((t75,t1),t68),(t85,t40)))),(((t92,t82),(t98,t9)),(((t77,t39),(t43,t10)),(t78,t19)))),(((t61,t72),(((((t84,t6),t67),((t16,t23),t63)),t33),(t89,((t34,t96),t51)))),(((((t44,t24),t45),(((t83,t29),(t79,(t91,t37))),((t5,t74),t14))),((t97,t38),(t18,t11))),(t26,(t8,t48)))))),root);
data/SuperTripletsBenchmark/model-trees/model-21.nwk.model_tree	data/SuperTripletsBenchmark/source-trees/d25/k10/data-d25-k10-21_phybp-s0r.nwk.source_trees	1.82370924949646	1.46	28	152	0.9303482587064676	28	152	0.9303482587064676	(((((t17,(t58,((t62,(t35,t95)),t32))),((t18,(((t98,t40),t85),t64)),(t38,t49))),(((((((((t65,t15),t99),(t42,t63)),((t56,(t3,t4)),t91)),((t2,t31),(t88,(t53,t71)))),((t44,((t22,t93),t24)),(t25,t77))),t82),((((t23,t46),(t50,t37)),((t47,t76),t7)),(((((t43,t13),((t80,t30),t8)),((t69,t87),t70)),t34),((((t12,(t27,t39)),t84),t67),t10)))),t52)),(((((((t92,t33),t75),(t26,t29)),(t54,t68)),(((t41,t79),t86),t45)),((t9,t20),(((t14,t16),t66),t100))),(((((t51,t94),((t81,t78),(t28,t1))),(((t5,t89),((t55,t72),t90)),(t21,t60))),((((t74,t11),(t96,(t61,t19))),((t97,t6),t83)),((t48,t36),(t73,t57)))),t59))),root);
data/SuperTripletsBenchmark/model-trees/model-22.nwk.model_tree	data/SuperTripletsBenchmark/source-trees/d25/k10/data-d25-k10-22_phybp-s0r.nwk.source_trees	1.8618907928466797	1.47	30	247	0.9253731343283582	30	247	0.9253731343283582	((((((t26,(t65,t12)),t88),((t20,(t2,t79)),(((t96,t19),t1),t4))),((((((t39,((t24,t40),t90)),t54),(t31,t60)),((t15,t36),(t69,t93))),(((t100,(t18,t82)),(t63,t72)),(t21,t94))),(((((t50,t76),(t41,t53)),(t66,t95)),(((t14,t71),(t97,t32)),(t81,t16))),((t84,((((t42,t99),t7),(t75,t86)),t22)),(t80,t89))))),((t85,((((((t43,t70),(t5,t57)),t98),(t77,t35)),t91),(((((t92,t61),(t25,t68)),(((t10,t29),(t9,t8)),(t74,t37))),((t28,t11),t49)),(((((t52,t51),(t55,t73)),(t3,t17)),(((t38,(t47,t6)),t45),t48)),((t23,t46),t59))))),(((((t13,t33),(t27,(t34,t83))),t58),t62),((((t44,t56),t64),(t30,t78)),(t67,t87))))),root);
data/SuperTripletsBenchmark/model-trees/model-23.nwk.model_tree	data/SuperTripletsBenchmark/source-trees/d25/k10/data-d25-k10-23_phybp-s0r.nwk.source_trees	1.9357936382293701	1.58	56	204	0.8606965174129353	56	204	0.8606965174129353	(((((((t14,t40),(((t55,t17),t64),(((t50,t94),((t100,(t76,t19)),t35)),(t67,t71)))),(t7,t16)),((((((((t73,(t15,t60)),t4),((t62,(t99,t72)),t25)),(t12,t69)),(t56,t70)),((t54,(t91,t86)),(((((t24,t26),t44),(t10,t74)),t6),((t33,t53),t23)))),(((((((t3,(t22,t5)),(t81,t98)),(t85,t1)),t93),t21),t13),(((t38,t37),(t58,t41)),t90))),(((((t30,t79),t2),t36),(t95,t87)),((((t28,t31),t34),t8),t20)))),((((((t92,t84),t96),t18),(t83,t78)),(t97,t89)),((((t27,t49),t52),((t11,((t42,t77),t9)),(t65,t80))),(((t48,t51),t68),(t59,t39))))),(((t46,(t75,t88)),t57),((((t66,t45),t61),((t29,(t63,t82)),t32)),(t43,t47)))),root);
data/SuperTripletsBenchmark/model-trees/model-24.nwk.model_tree	data/SuperTripletsBenchmark/source-trees/d25/k10/data-d25-k10-24_phybp-s0r.nwk.source_trees	1.8237593173980713	1.48	28	117	0.9303482587064676	28	117	0.9303482587064676	((((((((t70,t88),t65),t75),(t92,t49)),(((((t23,t3),(t67,t4)),((t68,t79),t29)),t85),(((t15,(t76,t72)),t58),t26))),((t50,t38),((((t84,((t44,t55),t9)),((t77,t89),(((t14,t71),t59),(t56,t1)))),(t97,(t61,t37))),((t18,t8),(t62,t99))))),(((((t73,(t82,((t86,(t25,t60)),t87))),(((((t57,(t83,t94)),(t28,t13)),((t48,t36),t34)),t43),((t100,t31),(t21,t53)))),(((t39,t11),t78),(((t32,t51),t64),(t30,t45)))),((((((t16,t91),t47),t5),(t93,t33)),(((t74,t17),t46),t27)),((t66,(t24,t12)),(t10,t90)))),(((t41,((t42,t52),t54)),(t6,(t22,t98))),(((t69,(t7,t19)),(t96,(t2,t95))),((((t20,(t40,t63)),t81),t80),t35))))),root);
data/SuperTripletsBenchmark/model-trees/model-25.nwk.model_tree	data/SuperTripletsBenchmark/source-trees/d25/k10/data-d25-k10-25_phybp-s0r.nwk.source_trees	1.9043824672698975	1.53	70	227	0.8258706467661692	70	227	0.8258706467661692	((((((((((t5,(t75,t21)),((t23,t72),t97)),t81),((t7,t39),t32)),(((t40,t46),(t86,t52)),(t85,(t41,(t13,t79))))),(t3,(((t11,t37),t20),t12))),(t33,(t44,t29))),((((((t84,t96),t47),(t24,(t49,(t80,t73)))),t62),((((((t30,t70),(t35,t87)),(t71,t19)),t63),(t18,(t98,(t38,t1)))),(t90,t48))),(((t89,(t60,t36)),((t100,t6),(t77,t78))),(((((t43,t14),(t42,t15)),((t8,t74),t82)),t92),((t34,t4),t64))))),((((((((t56,(((t65,t66),t10),t91)),((t50,t76),t45)),((t61,t58),t53)),t9),((((t59,t99),t68),(((t55,t51),t95),t67)),(t16,t88))),(t25,t94)),((((t27,t17),t83),t57),t54)),((t28,t31),((((t22,t69),t93),t26),t2)))),root);
data/SuperTripletsBenchmark/model-trees/model-26.nwk.model_tree	data/SuperTripletsBenchmark/source-trees/d25/k10/data-d25-k10-26_phybp-s0r.nwk.source_trees	1.9957432746887207	1.59	92	382	0.7711442786069652	92	382	0.7711442786069652	((((((((t92,t51),((t65,t55),t98)),(((((((t54,t21),(t41,t4)),t15),t76),t33),t49),((t58,t66),t99))),((((((t35,(t22,t1)),t68),t3),((((t18,t74),t60),(t75,t24)),t47)),(((t43,t87),(t25,t10)),t39)),(((t14,t45),t48),(t94,(((t13,t86),(t91,t19)),t82))))),(t5,((((t50,t78),t6),t2),((((t34,t53),(t93,t11)),((t42,t62),t16)),t81)))),((((t9,t36),(t70,(t61,t90))),((t84,((t20,t30),t67)),t97)),((t46,t57),t8))),(((((t56,((t100,t17),t95)),t40),((t96,t32),t59)),t38),((((((t26,t73),((t80,t31),t23)),t37),t12),((((t28,t71),(t69,(t52,t88))),((t29,(t44,t77)),(((t72,t79),t27),(t64,t83)))),t89)),((t7,t63),t85)))),root);
data/SuperTripletsBenchmark/model-trees/model-27.nwk.model_tree	data/SuperTripletsBenchmark/source-trees/d25/k10/data-d25-k10-27_phybp-s0r.nwk.source_trees	1.8630385398864746	1.52	68	287	0.8308457711442786	68	287	0.8308457711442786	((((((((((t30,t46),t26),t51),((t43,t14),t34)),t71),((t59,(t44,t98)),t40)),((t58,(((t65,t35),t63),(t83,t41))),((((t10,t36),(t23,t95)),((t42,(t77,t39)),((t89,(t64,t87)),t28))),t79))),((((((t38,(t12,t4)),(((t5,t93),t3),(t62,t67))),((t61,t86),t1)),t50),(t56,t17)),((((((t97,t57),t37),t47),t68),(t32,t55)),t60))),(((((((t96,t100),t53),t21),(((t84,t20),((t31,t72),(t81,t2))),(t91,t94))),((((t13,t66),t22),((t69,t33),t15)),((t9,t45),(t8,(t54,t27))))),(((t24,t82),t29),(((t75,(t25,t48)),t70),t99))),(((((((t85,t18),t88),t80),(t16,t6)),t92),(((t49,t11),t74),(t90,(t76,t19)))),(t7,(t73,(t52,t78)))))),root);
data/SuperTripletsBenchmark/model-trees/model-28.nwk.model_tree	data/SuperTripletsBenchmark/source-trees/d25/k10/data-d25-k10-28_phybp-s0r.nwk.source_trees	1.8441541194915771	1.48	26	75	0.9353233830845771	26	75	0.9353233830845771	(((((((((t52,t57),t74),((((t84,t66),t33),t58),t8)),(((t59,(t21,t1)),t15),((t54,t29),t3))),(t27,t67)),((t20,(t94,t71)),(((t40,((t17,((t91,t25),t85)),t23)),t14),t16))),(((t28,t93),((((t5,t63),t48),t11),(t100,(t56,t30)))),(((((t39,t82),(t86,t68)),((t49,t51),t42)),t76),(((t61,t50),t77),t95)))),(((((((t80,((t96,t35),t32)),(t22,t79)),(((t44,t83),t47),(((t43,t60),t19),(t34,t89)))),(((t70,(t13,t87)),(((t38,t37),t10),t78)),t24)),(((((((t81,t64),t9),((t75,t99),(t7,t36))),t41),(t98,t46)),((t69,(t55,t90)),t4)),t26)),((t92,t18),(t6,t53))),((t73,(((t12,t2),(t31,t72)),(t88,(t65,t62)))),(t97,t45)))),root);
data/SuperTripletsBenchmark/model-trees/model-29.nwk.model_tree	data/SuperTripletsBenchmark/source-trees/d25/k10/data-d25-k10-29_phybp-s0r.nwk.source_trees	1.8581416606903076	1.48	24	63	0.9402985074626866	24	63	0.9402985074626866	((((((((((((t77,t79),((t7,t39),t48)),(t65,t27)),t84),((t59,t16),((t30,t94),(t85,t36)))),(t64,t33)),((t62,t37),t68)),(((t74,t11),t83),t3)),((((t60,t26),t12),t13),((((t34,t91),(t55,(t49,t78))),(t88,(t69,t76))),((t40,(t1,t19)),t45)))),((((((t15,t72),t82),(t81,t9)),(t92,t43)),(t22,t66)),(((((t75,t8),t67),((t23,(t2,t53)),(t56,(t38,t70)))),((t10,t90),t28)),(t86,t31)))),((((((t100,((t17,(t61,t4)),(t18,t21))),(t99,t89)),(((((t20,t41),t44),(t14,t87)),t96),((t32,t63),t80))),(((t24,t5),(((t29,(t98,t95)),t50),t6)),(t46,t73))),((((((t25,(t42,t93)),(t52,t71)),t58),(t97,t47)),t54),(t35,t57))),t51)),root);
data/SuperTripletsBenchmark/model-trees/model-30.nwk.model_tree	data/SuperTripletsBenchmark/source-trees/d25/k10/data-d25-k10-30_phybp-s0r.nwk.source_trees	1.7827732563018799	1.45	60	249	0.8507462686567164	60	249	0.8507462686567164	(((((((((((t100,t52),t53),(t93,t70)),t2),(((((t5,t77),(t18,t35)),t44),t90),t33)),((((t97,t7),t73),(((t21,t89),t13),(t16,t20))),((t12,t59),t55))),((((t14,t57),t60),t50),(t10,t29))),(((((t43,t80),(t41,t94)),t96),((((t84,(t26,(t54,t64))),t63),(t56,t83)),(t47,((t65,t67),t68)))),((t9,t40),((t88,(t46,t1)),t62)))),(((((t34,t15),(t6,((t92,t91),t24))),((((t11,(t22,t86)),((t72,(t95,t36)),(t23,t79))),(t49,t82)),(t78,(t28,t39)))),((t66,(t81,t74)),t8)),(t75,(t4,t99)))),((((((t25,t3),(t87,t17)),(((t42,t19),t37),t76)),t51),(t69,t38)),((((t85,t98),t32),t58),((((t27,t31),t48),(t30,t71)),(t61,t45))))),root);
data/SuperTripletsBenchmark/model-trees/model-31.nwk.model_tree	data/SuperTripletsBenchmark/source-trees/d25/k10/data-d25-k10-31_phybp-s0r.nwk.source_trees	1.8123576641082764	1.46	23	132	0.942643391521197	24	132	0.9402985074626866	(((((((((t20,((t40,t41),t34)),(t24,t59)),(t23,t33)),((t37,t17),t42)),((t69,t89),((t61,t13),(t31,t38)))),((t15,((((t46,t60),t4),t87),((t82,t36),t53))),t18)),(((((t43,t66),t51),((t97,t29),t7)),(((t68,t94),t92),t25)),((((((t12,t72),t28),t76),(t47,t93)),(t26,t57)),t22))),(((((((((t78,t73),t55),(t44,t8)),(t30,t1)),(((((t2,t49),t54),t52),t67),((t86,t6),t3))),((((t96,t14),(t10,t70)),(t21,t90,t83)),t91)),t58),((t35,t11),t62)),((((t85,t95),(t100,(t98,t63))),((((t16,t32),t75),(t9,t74)),t39)),((((((((t56,t84),(t27,t48)),t99),t19),(t80,t50)),((t64,t79),((t81,t65),t88))),t71),((t5,t77),t45))))),root);
data/SuperTripletsBenchmark/model-trees/model-32.nwk.model_tree	data/SuperTripletsBenchmark/source-trees/d25/k10/data-d25-k10-32_phybp-s0r.nwk.source_trees	1.9021072387695312	1.53	54	309	0.8656716417910447	54	309	0.8656716417910447	(((((((((((t7,t6),(t64,t74)),t34),((t98,t2),t35)),((((t77,(t67,t71)),((t84,t41),t95)),t90),(((t50,t20),t56),t60))),((t25,(t36,t17)),t22)),(((t5,(t12,t10)),t82),(((((t31,t29),t55),(t86,t30)),t89),t92))),((((t47,(t14,t46)),(t16,t39)),(t75,t26)),(t3,(t19,t45)))),((t13,t68),((t91,t99),(((t44,t43),((t80,t88),(t76,t94))),t78)))),((((((t66,(t97,t83)),t85),((t54,t27),t51)),(t4,t87)),((((t62,(t9,t79)),(t69,t40)),t49),((((t33,t72),(((t38,t73),t42),(t65,t23))),((t32,t48),(t24,t18))),((t96,(t15,t70)),((t81,t59),t61))))),((((((t8,t11),(t28,t52)),(t93,t100)),t1),((t53,t37),t58)),((t21,t57),t63)))),root);
data/SuperTripletsBenchmark/model-trees/model-33.nwk.model_tree	data/SuperTripletsBenchmark/source-trees/d25/k10/data-d25-k10-33_phybp-s0r.nwk.source_trees	1.9048633575439453	1.53	20	77	0.9502487562189055	20	77	0.9502487562189055	(((((((((((((((((t69,t62),(t100,(t50,t16))),(t15,t78)),((t14,(t59,(t3,t74))),((t7,t80),t18))),t71),(t30,(t61,t35))),(t33,(t93,t70))),t94),((t34,(t51,(t28,t64))),t42)),t36),((t41,t6),(t65,t31))),t8),((((t54,t40),(t48,(t12,t91))),(t24,t38)),(t82,(t22,((t98,t39),t37))))),((((t49,t4),(t44,(t43,t55))),t25),((t47,t17),t72))),((((t20,(t73,t1)),t58),t10),((t60,t53),((((t84,t68),t85),((t76,t89),((t97,t57),((t96,t19),(t95,t79))))),((t11,(t13,t87)),(t27,t88)))))),((t83,((t23,t63),((t66,t86),t67))),(((t32,(t56,t92)),((t81,t5),(((t52,t29),t2),t75))),(((((t26,t99),(t21,t77)),t9),t90),(t46,t45))))),root);
data/SuperTripletsBenchmark/model-trees/model-34.nwk.model_tree	data/SuperTripletsBenchmark/source-trees/d25/k10/data-d25-k10-34_phybp-s0r.nwk.source_trees	1.7953388690948486	1.46	50	140	0.8756218905472637	50	140	0.8756218905472637	(((((((((t96,(t80,t20)),(t99,(t93,t86))),(t73,t71)),t13),(((t72,t1),(t61,t67)),t89)),(((((t2,t40),(t85,t83)),(t58,t48)),((t54,t50),t91)),((t21,t10),(t59,t57)))),((((((t38,((t62,t46),t25)),((t23,t29),t31)),(((t30,t60),t12),t55)),((t97,t65),(t15,t6))),t74),((((((((t84,t88),t9),(t47,t98)),t82),t18),(t5,t11)),(((t77,(t92,t39)),((t22,t17),t56)),(t16,t41))),((t75,t52),(((t100,t94),(t51,t79)),t19))))),(((t69,((t63,t36),(t43,t64))),(((((t14,(t42,(t3,t26))),t32),(t34,t70)),t24),((t33,t35),t44))),((((t8,t66),t37),((t78,t53),(t95,(t49,(t81,t76))))),((((t87,(t28,t4)),t68),t27),((t7,t90),t45))))),root);
data/SuperTripletsBenchmark/model-trees/model-35.nwk.model_tree	data/SuperTripletsBenchmark/source-trees/d25/k10/data-d25-k10-35_phybp-s0r.nwk.source_trees	1.8882994651794434	1.53	46	186	0.8855721393034826	46	186	0.8855721393034826	(((((((t85,t73),t45),(((t18,t86),(((t69,t32),((t20,t29),(t16,(t17,(t100,t94))))),(t25,t71))),(((t22,t8),((t64,t46),t44)),((t41,t63),t99)))),((((t93,(((t59,t13),t19),(t49,t4))),((t11,(t80,t95)),(t39,t79))),((((t81,t61),((t33,t36),t1)),t68),(t75,t66))),((((t27,t5),t96),t90),(t50,t52)))),(((((t55,t53),(t84,t42)),(((t98,t88),t82),t37)),(((t6,t89),t35),t65)),(((((t7,t70),t3),(t83,t21)),(t34,t31)),((t67,t30),t12)))),((((((t10,t74),(t40,t38)),(t24,t9)),(t48,t57)),((t14,t62),(t91,t77))),(((((t26,((t56,(t51,t72)),(t28,t58))),t43),(t97,t60)),((((t92,t2),t87),(((t15,t78),t54),t76)),t47)),t23))),root);
data/SuperTripletsBenchmark/model-trees/model-36.nwk.model_tree	data/SuperTripletsBenchmark/source-trees/d25/k10/data-d25-k10-36_phybp-s0r.nwk.source_trees	1.9354476928710938	1.53	28	201	0.9303482587064676	28	201	0.9303482587064676	((((((((((t92,t95),t51),((t84,t4),(t30,t6))),((t28,(t60,t17)),t44)),((((((t47,t63),t26),((t15,t66),t73)),(((t97,t90),t24),t78)),(((t61,t19),t80),(t98,t35))),t79)),((t21,(t67,t1)),(t69,((t10,t38),t59)))),(((t5,t46),t34),(t58,t16))),t57),(((((t54,t74),t81),((t7,(t55,t71)),(t52,t94))),((((t23,(t83,t31)),((t13,t39),((t77,t72),t8))),(t70,t29)),((t32,t89),(t50,t48)))),((((t86,(((((t33,(t65,t20)),t53),t42),t68),(t75,t64))),((t3,(t22,t96)),(t56,t11))),(((t93,t88),((t99,t87),(t27,t62))),(t82,t37))),(((((t85,t49),(t12,t100)),(t18,t2)),(((t9,t36),t76),t45)),(((t14,t40),(t91,t25)),(t43,t41)))))),root);
data/SuperTripletsBenchmark/model-trees/model-37.nwk.model_tree	data/SuperTripletsBenchmark/source-trees/d25/k10/data-d25-k10-37_phybp-s0r.nwk.source_trees	1.8524115085601807	1.5	44	174	0.8905472636815921	44	174	0.8905472636815921	((((((t29,(((((((t97,t59),(t50,t78)),t28),t21),t74),t87),(t68,(t51,t71)))),(((t23,t11),((((t80,t33),t81),(t13,t95)),(((t7,t54),t64),(t5,(t56,t83))))),t85)),(((t84,(t22,t82)),((((t20,t26),t35),t38),t4)),((t24,t88),t3))),(((((((((t60,t53),(t2,t39)),t37),t25),(t69,t62)),(t70,(t55,t48))),(((((t100,t41),((t72,t73),t44)),t1),(t63,(t90,t77))),(t32,t99))),(t46,(t16,(t92,t52)))),(((t96,((t65,t49),t6)),t19),t42))),(((((t30,(t12,t31)),(t9,t93)),((((t34,t67),t15),(t14,(t75,t10))),(((t86,(t76,t57)),((t66,(t18,t40)),t8)),(t89,(t98,(t94,t79)))))),((t47,t58),t27)),((((t36,(t45,t17)),t43),t91),t61))),root);
data/SuperTripletsBenchmark/model-trees/model-38.nwk.model_tree	data/SuperTripletsBenchmark/source-trees/d25/k10/data-d25-k10-38_phybp-s0r.nwk.source_trees	1.9222357273101807	1.55	36	160	0.9104477611940298	36	160	0.9104477611940298	((((((((((t89,((t27,t88),t75)),(t28,t51)),t82),t37),t74),(t78,(t34,t25))),((((t91,t73),t63),(t86,t71)),((t62,t1),t65))),(((((t100,(t69,t13)),((((t49,t57),t30),t56),t54)),(((t81,t14),(((t85,t98),(t16,t76)),(t42,(t83,t35)))),t53)),((t29,(t21,t39)),(t55,t11))),((((t26,t19),(t92,t58)),t20),t17))),(((((((((((t7,t68),(t43,t23)),(t10,t95)),(t46,t36)),((t9,t3),t80)),t22),(((t44,t94),t66),t84)),(t67,t40)),((t12,(((t24,(t47,t6)),t70),(t60,(t61,t77)))),(t2,t45))),((t96,t41),(t79,((t93,t52),t15)))),(((((((t5,t33),t50),(t97,t38)),(t4,t48)),(((t18,t59),t90),(t32,t72))),(t31,(t64,t87))),(t8,t99)))),root);
data/SuperTripletsBenchmark/model-trees/model-39.nwk.model_tree	data/SuperTripletsBenchmark/source-trees/d25/k10/data-d25-k10-39_phybp-s0r.nwk.source_trees	1.914374589920044	1.52	52	235	0.8706467661691543	52	235	0.8706467661691543	(((((((((t22,(t28,t88)),((t27,t46),t90)),(t33,(t55,t36))),t91),(t35,t1)),((t42,(t54,t99)),(((t5,t87),(t97,t93)),(t76,t74)))),((((t32,t20),(t75,t10)),t25),t26)),((((((((t58,(t62,t37)),t85),(((((t24,t14),(t47,t31)),t6),(t64,t29)),(t13,t63))),((((((t12,t51),t15),(t92,t39)),t3),(t98,t71)),((t100,(t34,t73)),(t9,t40)))),t80),(((((t21,t17),t56),(t66,(t7,t38))),((t70,t82),t44)),(t30,t79))),(((((t84,t41),t83),(t61,t96)),t95),t86)),((((t2,(t77,t68)),(((t48,t11),t72),(t43,t60))),(((t81,t19),t4),((((t65,t16),t69),t23),t50))),((t49,(t78,t94)),(((t59,t45),(t52,t53)),((t67,(t8,t57)),(t18,t89))))))),root);
data/SuperTripletsBenchmark/model-trees/model-40.nwk.model_tree	data/SuperTripletsBenchmark/source-trees/d25/k10/data-d25-k10-40_phybp-s0r.nwk.source_trees	1.9713785648345947	1.58	106	324	0.736318407960199	106	324	0.736318407960199	(((((((((t57,((t40,t82),t39)),t52),(t34,t36)),((((t58,t11),t10),t47),t8)),((((t43,((t4,t70),t72)),t12),t41),(((((t69,t98),t56),t65),(t64,t55)),t13))),((((t100,(((t6,t63),t83),(t88,t89))),(t99,t71)),((t93,t62),(t18,t66))),((((t59,t26),(t5,t15)),t30),((((t81,t86),(t67,t95)),(t2,t48)),((t3,t1),t53))))),(((((t44,t79),t29),t35),(t94,t37)),(t7,t27))),(((((t25,t73),(t61,t49)),(t77,t51)),(((t74,(t50,(t24,t16))),(((t23,t78),t45),t91)),((((t85,t84),t97),((t22,t46),t19)),(t96,t17)))),((((((t80,t60),(t9,t68)),t21),(t92,t28)),((t42,t20),(t54,t76))),(((t32,t33),t31),(((t75,t14),(t90,t38)),t87))))),root);
data/SuperTripletsBenchmark/model-trees/model-41.nwk.model_tree	data/SuperTripletsBenchmark/source-trees/d25/k10/data-d25-k10-41_phybp-s0r.nwk.source_trees	1.918715000152588	1.55	50	204	0.8756218905472637	50	204	0.8756218905472637	(((((((((((t63,t87),(t97,t96)),(t7,t74)),((t66,t71),t34)),((((((t26,t89),t60),t1),(t23,t70)),t30),((t14,t10),t11))),t31),((t50,((t44,t67),t56)),((((t81,t38),(t28,t40)),(t83,t80)),(((t46,(t62,t90)),(t5,t59)),((t65,t98),t4))))),((((t41,t49),t19),(t22,t45)),(t12,(((t86,(t75,t61)),(t25,t57)),t95)))),((((t84,t73),t99),((t91,t51),t82)),(t3,t33))),((((((t47,t48),(((((t64,t58),(t16,t55)),t20),(((((t85,t88),(t43,t15)),t21),(t77,(t2,t78))),(t54,t32))),(t27,t35))),(t18,(t29,t79))),((t39,t72),t36)),(((t17,((t92,t8),t76)),t9),((t6,t53),(((t42,t68),t13),t24)))),((((t94,t37),t69),t93),(t100,t52)))),root);
data/SuperTripletsBenchmark/model-trees/model-42.nwk.model_tree	data/SuperTripletsBenchmark/source-trees/d25/k10/data-d25-k10-42_phybp-s0r.nwk.source_trees	1.9509820938110352	1.57	16	83	0.9601990049751243	16	83	0.9601990049751243	(((((((((t36,(((t21,t68),((t27,t77),t64)),t76)),(t71,t88)),((t78,t99),t25)),(((((t33,(t11,t1)),(t43,t30)),((t98,t31),t20)),t51),(t4,(t100,(t96,t10))))),((((t58,t94),((t54,t37),t97)),((((t28,t62),(t56,t52)),t83),(((((t42,t38),t6),t50),t17),(t9,t53)))),((t75,t57),((t60,t48),t92)))),((((t18,t79),t40),(((((t5,t14),t63),(t7,t22)),(t34,t32)),t87)),(((((t70,t89),(t59,(t61,t45))),((t47,t15),t13)),((t55,t26),t82)),(((((t85,t66),t44),t80),t3),t93)))),(t69,((t65,t95),(((t46,(t86,t72)),t19),t81)))),((((((((t8,t16),t35),t39),t23),t49),((t84,((t73,(t12,t67)),t2)),t29)),((t90,t74),t91)),(t24,t41))),root);
data/SuperTripletsBenchmark/model-trees/model-43.nwk.model_tree	data/SuperTripletsBenchmark/source-trees/d25/k10/data-d25-k10-43_phybp-s0r.nwk.source_trees	1.8977797031402588	1.52	24	157	0.9402985074626866	24	157	0.9402985074626866	(((((((((t15,t49),t73),((t14,t41),t12)),(((t58,t29),t27),(t81,t61))),((((t60,t17),(t57,(t21,t62))),((t44,t66),t63)),t77)),(((((t83,t2),(t20,t36)),(t10,t94)),((t31,(t34,t1)),((t89,(t22,t70)),(t96,t95)))),((((t5,t3),(t98,t51)),t93),t92))),((((((t19,((t43,t33),t48)),(t40,t6)),(t7,t84)),t24),((t80,t42),((t100,t74),t91))),((t26,((t56,t59),t28)),t72))),((((((t69,t46),((t11,(t53,t68)),(t8,t82))),t71),t37),((((((t97,t9),t52),t23),((t79,(t65,t30)),t75)),((t88,((t90,t99),t13)),((t38,(t50,t32)),t54))),(t86,t35))),(((((t16,t25),t45),t4),(t76,t78)),((((t39,t87),(t85,t64)),(t55,t67)),(t18,t47))))),root);
data/SuperTripletsBenchmark/model-trees/model-44.nwk.model_tree	data/SuperTripletsBenchmark/source-trees/d25/k10/data-d25-k10-44_phybp-s0r.nwk.source_trees	1.9711387157440186	1.57	36	131	0.9104477611940298	36	131	0.9104477611940298	((((((((t5,t60),(t24,t11)),((t44,t100),t47)),((t64,t6),((t42,t72),(t16,t95)))),(((((t46,t94),t68),(((t69,(t61,t48)),t99),t4)),(((t84,t58),t43),t77)),((t49,t63),(((t25,t20),t82),(((t91,t36),t32),t96))))),(((t9,(t13,t89)),t2),(t45,((t85,t93),t3)))),(((t53,t88),(((((t92,t71),((t39,((t28,t87),(t65,t80))),t74)),((t21,t51),(t97,t8))),(((((((t67,t73),t57),(t83,t22)),(t18,t30)),((t59,t23),t78)),(t90,t31)),(t98,t38))),t76)),((((t62,t55),t35),(((t14,t37),(((t27,t29),(t34,t52)),t10)),(t81,((t50,t40),t75)))),((((t66,t86),(t56,t33)),(((t41,t17),t26),t70)),(((t7,t54),t15),((t12,t79),(t1,t19))))))),root);
data/SuperTripletsBenchmark/model-trees/model-45.nwk.model_tree	data/SuperTripletsBenchmark/source-trees/d25/k10/data-d25-k10-45_phybp-s0r.nwk.source_trees	1.9043352603912354	1.54	72	248	0.8208955223880597	72	248	0.8208955223880597	((((((((((t96,t26),t91),(t75,t32)),t23),t58),(t97,t9)),(t72,t71)),(((((((((t34,t85),(t100,(t65,t55))),t29),(t57,t88)),(((((t2,t6),t60),t12),(t74,t68)),(t44,t37))),t30),(((t38,(t50,t95)),t4),t42)),(((((((t81,t36),(t69,t82)),t87),(((((t19,t17),t24),((t52,t79),t1)),((t18,t90),(t8,t10))),(((t5,t84),(t47,((t80,t35),t77))),(((t61,t3),((t13,t20),t76)),((t56,t59),(t98,t40)))))),(t28,t83)),(t92,t15)),(t22,t51))),((((((t45,(t53,t89)),t46),t14),(t16,t11)),t33),(t27,t48)))),(((t93,t25),(((t7,t31),t63),(t39,t73))),((((t62,t41),t21),(t64,t94)),(((t49,t99),(t43,t78)),(((t66,(t54,t70)),t67),t86))))),root);
data/SuperTripletsBenchmark/model-trees/model-46.nwk.model_tree	data/SuperTripletsBenchmark/source-trees/d25/k10/data-d25-k10-46_phybp-s0r.nwk.source_trees	1.914517879486084	1.52	34	105	0.9154228855721394	34	105	0.9154228855721394	((((((((t87,(t84,(t40,t17))),(((t18,(t25,t72)),(t80,t20)),t90)),(t6,t74)),(((t92,t47),((t27,t82),t95)),((t91,t15),(((t61,t3),t69),(((t55,(t13,t19)),(t7,t45)),t97))))),((((((t50,((t94,t71),t53)),t11),((t58,t42),t1)),(t65,t59)),(t44,t57)),((((t93,t14),t85),(t26,t63)),(t100,t35)))),((((t16,t10),t76),t56),(((t54,t8),((t46,t51),t37)),t98))),(((((t28,t5),t22),((((((t31,t29),(t67,t60)),((t96,t38),t81)),t68),(t2,t79)),(t49,t48))),((t99,(((t4,t70),t83),t9)),t33)),((((t24,t43),t64),(((t66,(t23,t52)),t77),(((((t86,t36),t34),(t30,(t75,t41))),((t12,t78),t21)),t62))),((t89,(t32,t73)),(t39,t88))))),root);
data/SuperTripletsBenchmark/model-trees/model-47.nwk.model_tree	data/SuperTripletsBenchmark/source-trees/d25/k10/data-d25-k10-47_phybp-s0r.nwk.source_trees	1.9342126846313477	1.53	36	142	0.9104477611940298	36	142	0.9104477611940298	((((((((t53,(t56,t96)),t4),t67),((t60,((t34,t55),t21)),(((t10,t57),t26),(t65,t23)))),(((((t12,t17),((t98,t90),(t50,t15))),(t43,t31)),((t52,(t81,t3)),t22)),((t20,(t14,t66)),t40))),((((((((((t5,t13),t83),(t54,t80)),(t7,t75)),t70),t78),(t2,(t16,t63))),(t69,(t84,t25))),(t71,t88)),(((t100,((t72,t79),(t41,t1))),((((t36,((t76,t11),t91)),((t30,t39),t86)),(t97,t19)),(t28,t68))),((t85,t6),t87)))),((((((((t93,t33),t32),(t58,(t92,t77))),t24),((t46,t82),t51)),(t38,(t61,t47))),((((((t35,t73),(t9,t99)),t44),(t49,t94)),t62),(((t74,t45),(t29,t89)),t95))),((((t59,t37),t42),t27),(((t18,t8),t64),t48)))),root);
data/SuperTripletsBenchmark/model-trees/model-48.nwk.model_tree	data/SuperTripletsBenchmark/source-trees/d25/k10/data-d25-k10-48_phybp-s0r.nwk.source_trees	1.933168888092041	1.56	90	312	0.7761194029850746	90	312	0.7761194029850746	(((((((t80,t71),(t60,t82)),(t27,t89)),(t58,t29)),(((((((t20,t88),t75),(t21,t73)),(t43,t46)),t47),(((t32,t87),t83),(t18,t45))),(t36,(t38,((t56,t74),t19))))),(((((((((t5,(t49,t99)),(t54,t1)),(t48,(t42,t86))),(t70,(((t50,(t3,t35)),t77),t13))),((((t93,((t15,t23),(t9,t10))),(t90,t41)),t69),(t7,t17))),(t8,t40)),((((t52,t6),t92),((t34,t63),t76)),(((((t100,((t33,t51),t22)),((t14,t25),t55)),(((t65,t11),(t96,t91)),t16)),((t61,t67),(t4,t94))),(t2,(((((t97,t31),t68),t59),t66),t81))))),((t85,t79),t64)),(((((t98,t95),(((t28,t57),(t44,t72)),(t12,t53))),((t26,t37),t62)),(t84,t39)),((t24,t30),t78)))),root);
data/SuperTripletsBenchmark/model-trees/model-49.nwk.model_tree	data/SuperTripletsBenchmark/source-trees/d25/k10/data-d25-k10-49_phybp-s0r.nwk.source_trees	1.9104719161987305	1.54	74	280	0.8159203980099502	74	280	0.8159203980099502	((((((((t31,((t89,((t77,t57),t88)),(t86,t51))),(t11,t71)),(((t70,((((t47,t62),t91),(t43,((t34,t67),t3))),t95)),(((t15,((t32,t45),t79)),t24),((((t54,t26),t25),t38),t85))),t49)),(((t44,(t55,t72)),t48),(t100,(t28,t59)))),((t61,t12),t52)),(((((t73,t1),t23),t74),(t90,t35)),(((((((((t17,(t75,t58)),t50),t76),t9),t7),((((t98,t80),(t8,t39)),(t30,t68)),(t66,t36))),t37),t20),((((t97,t10),(t6,t78)),((((t56,t4),(t33,t63)),t46),t40)),t92)))),((((((t27,t82),t81),(((((t69,t42),t53),(t65,t99)),t13),(t18,t14))),((t96,t2),t16)),(((t21,t29),((((t83,t84),t5),((t22,t87),t19)),t93)),((t60,t94),t64))),t41)),root);
data/SuperTripletsBenchmark/model-trees/model-50.nwk.model_tree	data/SuperTripletsBenchmark/source-trees/d25/k10/data-d25-k10-50_phybp-s0r.nwk.source_trees	1.8465569019317627	1.48	16	51	0.9601990049751243	16	51	0.9601990049751243	(((((((((((t97,((t12,((t96,t95),(t56,t19))),t20)),t23),(t87,t82)),(t18,t53)),(t37,((t83,t77),t85))),t15),(((t100,t39),t29),(t31,t94))),((((t5,(t14,t51)),t34),((((t81,t93),((t24,t2),t36)),(t65,t11)),(t10,t63))),(((t90,t88),(t35,t70)),t98))),(((((((((t44,t91),t62),t41),(t61,t68)),(((t66,t3),t86),(t80,t45))),(t32,(((t52,t57),((((t75,t74),t43),t1),t47)),t28))),t46),((((t92,t69),t64),((((t48,t17),t67),t21),t7)),((t84,t33),t25))),(((t27,t38),((((t9,t30),t76),t58),t71)),t50))),((t73,(((t42,t59),t40),(t54,t4))),((((((t8,t78),(t22,t26)),t79),(t55,t89)),t16),(((((t6,t60),t13),t99),t72),t49)))),root);
data/SuperTripletsBenchmark/model-trees/model-51.nwk.model_tree	data/SuperTripletsBenchmark/source-trees/d25/k10/data-d25-k10-51_phybp-s0r.nwk.source_trees	1.9064040184020996	1.48	32	136	0.9203980099502488	32	136	0.9203980099502488	(((((((((((t44,t56),t57),t25),t74),((((t67,t33),t36),t2),(t91,t76))),(((t47,t94),t19),t39)),t71),t16),((((((t98,t55),t22),(t11,(t63,t95))),((t28,t12),t34)),((((t38,(t43,t93)),t9),t77),(((t97,t35),t1),((t64,t66),(t3,t51))))),((((t78,t26),t24),((t54,t59),t83)),t52))),(((((t4,((t100,t87),t46)),(((t14,t99),(t96,t53)),t65)),(((t58,t29),(t7,t15)),(t21,t45))),((t81,t73),(t18,(t6,t70)))),((((((t5,t62),t31),t80),((t92,t13),(t89,((t61,t49),t27)))),((((((t86,t72),((t30,t60),(t85,t20))),((t84,t17),(t42,t37))),t69),(t50,t90)),(((t41,t79),(t10,t48)),t40))),((t75,t8),(((t82,t88),t68),(t32,t23)))))),root);
data/SuperTripletsBenchmark/model-trees/model-52.nwk.model_tree	data/SuperTripletsBenchmark/source-trees/d25/k10/data-d25-k10-52_phybp-s0r.nwk.source_trees	1.9349312782287598	1.55	34	107	0.9154228855721394	34	107	0.9154228855721394	(((((((((t41,(t15,t26)),t75),(t90,t78)),(((t96,t16),t46),((t60,(t81,t64)),(t33,((t42,t77),(t12,t74)))))),(t5,(((t9,t29),t91),(t97,((t28,t57),t47))))),(((((((t24,t3),t56),(t39,t89)),t19),t21),((t6,t4),t71)),(((((t7,t100),(t92,t61)),((((t70,t94),t76),((t83,t93),t53)),(t32,t31))),(t22,t52)),((t11,(t10,t68)),t65)))),((((t25,((t69,t38),t23)),(((t43,t30),t87),(t95,t45))),t18),(((((t58,t73),t82),t35),(t67,t86)),t66))),(((((t37,(((t84,t2),(t98,t72)),(t14,(t50,t79)))),t49),((t13,t40),(t27,t55))),((((t36,((t54,t63),t51)),(t20,((t34,t62),t1))),((t44,t99),t59)),(t48,t17))),((t85,t80),(t8,t88)))),root);
data/SuperTripletsBenchmark/model-trees/model-53.nwk.model_tree	data/SuperTripletsBenchmark/source-trees/d25/k10/data-d25-k10-53_phybp-s0r.nwk.source_trees	2.0059282779693604	1.56	26	68	0.9353233830845771	26	68	0.9353233830845771	(((((((t47,t50),t4),(t77,t33)),((t82,t36),t55)),((((((t8,t37),(t57,(t31,(t21,t53)))),t62),((t88,t17),t79)),t39),((t64,t59),t22))),(((((((((t69,(t28,t32)),t83),(t67,t72)),(t15,((t51,t19),t24))),(t46,(t52,t68))),(t73,t45)),(((t97,t56),(t65,t95)),((t85,t91),(t87,(t25,t90))))),(((t80,t71),(((t38,t63),t29),((t49,t41),((t81,t2),t48)))),((t54,t42),t75))),((((((t27,t11),t26),(t16,t70)),(t61,t93)),(((t98,t100),((t5,(t14,(t43,t20))),((((t40,t30),t84),t99),t44))),(t96,t94))),((((t18,t1),t92),t34),(((((t12,t9),t13),t35),(((t89,(t60,t74)),(t58,t23)),((t66,t6),t78))),((t7,t10),((t76,t3),t86))))))),root);
data/SuperTripletsBenchmark/model-trees/model-54.nwk.model_tree	data/SuperTripletsBenchmark/source-trees/d25/k10/data-d25-k10-54_phybp-s0r.nwk.source_trees	1.8689677715301514	1.51	70	298	0.8258706467661692	70	298	0.8258706467661692	((((((((t58,t35),(t55,t33)),((t9,t46),t63)),(((t47,t39),(t56,t79)),t4)),((((((((t97,t14),t23),t30),t16),(t49,(t24,t60))),t8),((t10,t53),t80)),((((t13,t32),(((t44,t99),((t28,t96),t90)),((t91,t17),t7))),(((((((t50,(t76,t94)),(t12,t51)),t43),(t19,t57)),(t65,t3)),(((t84,t11),t98),(t62,t31))),t25)),((t100,t74),(t87,((t15,t48),t22)))))),(((t37,(((t41,t78),(t21,t38)),t89)),(t36,(t77,t95))),(t83,t68))),((((((t59,(t6,t72)),((t64,t88),(t34,t81))),(((t5,t29),t45),t73)),((t66,t52),(((t92,((t85,t86),(t27,t71))),(t20,t70)),(t69,t18)))),t2),(((t40,t26),(t42,(t54,t61))),(((t75,(t67,t1)),t82),t93)))),root);
data/SuperTripletsBenchmark/model-trees/model-55.nwk.model_tree	data/SuperTripletsBenchmark/source-trees/d25/k10/data-d25-k10-55_phybp-s0r.nwk.source_trees	1.809509038925171	1.48	102	293	0.746268656716418	102	293	0.746268656716418	(((((((((((((t22,t37),(t17,(t12,t80))),t66),(t2,t49)),(((t98,t42),(t91,t33)),t36)),(t95,t72)),(t87,t19)),((t13,t4),t27)),(t5,t11)),((t64,t68),((t94,(t85,t43)),((t57,(t44,t51)),((t8,t14),t53))))),(((t34,t29),(t93,t73)),((t25,t6),((t28,t88),t81)))),((((t96,t79),(t9,t39)),(t23,(t55,t35))),(((((((((t100,t86),t58),t3),(((t62,t38),t31),t18)),((t47,t30),((t75,t63),t21))),(t15,t99)),t50),t41),((((((((t10,t78),(t32,t90)),t61),(((t97,t45),t83),t77)),(t7,t71)),((((t70,(t24,t67)),(t82,t1)),((t40,t46),t59)),(t69,t48))),((((t56,t84),t52),t76),t16)),((((t65,t74),t92),((t54,t89),t60)),(t20,t26)))))),root);
data/SuperTripletsBenchmark/model-trees/model-56.nwk.model_tree	data/SuperTripletsBenchmark/source-trees/d25/k10/data-d25-k10-56_phybp-s0r.nwk.source_trees	1.9023475646972656	1.55	38	206	0.9054726368159204	38	206	0.9054726368159204	(((((((t64,t21),t1),((t82,t17),t70)),(((t84,((t23,t78),t91)),((t75,t49),(t59,t51))),((t18,(t54,t73)),((t65,t38),((t76,t57),t58))))),((t88,((t97,t98),t55)),((((((t7,t92),t29),t43),((t66,t3),t71)),(t8,t67)),(t15,t63)))),(((((t30,t72),(((t5,(t9,t32)),(t48,t39)),(((t69,t86),t60),((t50,t19),t79)))),((t44,t16),t93)),((((((((t61,((t33,t26),t62)),t34),t4),(t77,t37)),(t47,t35)),t52),(t36,(t40,t68))),(((((t96,t10),t83),((t24,t100),((t42,t99),t90))),((t80,t95),t25)),((t22,t74),t53)))),(((t85,t45),(((t2,t94),(t27,t6)),((t56,t12),t28))),((((t20,t89),(t81,(t14,t11))),t46),(((t41,t87),t31),t13))))),root);
data/SuperTripletsBenchmark/model-trees/model-57.nwk.model_tree	data/SuperTripletsBenchmark/source-trees/d25/k10/data-d25-k10-57_phybp-s0r.nwk.source_trees	1.9203095436096191	1.55	22	53	0.945273631840796	22	53	0.945273631840796	(((((((t44,t20),(t92,t52)),((t47,t37),t95)),((t12,((t15,t94),(t7,t74))),(t58,(t65,t79)))),(((((((t56,t63),((t24,t55),t28)),t27),((t23,t68),t81)),(((((t72,t11),(((t39,(t100,t3)),((t87,t88),t90)),((t5,t36),t77))),t29),(((t8,((t93,t71),((t6,(t40,t1)),t22))),(t32,(t83,t73))),(((t42,t10),(((t67,t38),t84),t35)),t9))),(((((t46,(t60,t89)),t30),(t82,t19)),t43),(t4,t70)))),((((t86,t41),t98),t97),t54)),((((((t57,(t91,t26)),t62),((t50,t25),t59)),((t75,t21),t61)),(t31,t49)),t69))),(((((t96,t53),t76),((((((t85,t18),t33),t51),t14),t17),t13)),((t16,t48),(t34,t45))),(((t64,t66),t99),((t2,t78),t80)))),root);
data/SuperTripletsBenchmark/model-trees/model-58.nwk.model_tree	data/SuperTripletsBenchmark/source-trees/d25/k10/data-d25-k10-58_phybp-s0r.nwk.source_trees	1.858196496963501	1.49	32	142	0.9203980099502488	32	142	0.9203980099502488	((((((t29,(((t85,t37),((t30,(t80,t48)),t81)),((((t40,t33),t70),t7),t61))),((t86,t17),t4)),(((((t69,(t62,t67)),(t83,t21)),t94),(t25,t90)),((((t100,t26),t38),t19),(((t78,t53),t43),t71)))),(((t66,t82),t8),((t91,t88),(((t74,t36),(t49,t39)),t34)))),((((((((t22,t76),t92),t99),t97),((((t16,t41),t98),(t56,t89)),(t15,t35))),(((((t42,t46),(t12,(t47,t13))),(t10,t55)),t64),(t50,t77))),(((((((t5,t6),(t44,t63)),t58),(t18,((t93,t68),t65))),((t75,t1),t28)),(((t23,t72),t9),t51)),(t24,t27))),(((t84,(((t96,t3),t73),(t54,t31))),(t2,t45)),((((((t11,t57),t32),(t14,t87)),((t52,t79),t60)),t20),(t59,t95))))),root);
data/SuperTripletsBenchmark/model-trees/model-59.nwk.model_tree	data/SuperTripletsBenchmark/source-trees/d25/k10/data-d25-k10-59_phybp-s0r.nwk.source_trees	1.8582124710083008	1.5	86	326	0.7860696517412935	86	326	0.7860696517412935	((((((((((t85,t20),(t64,t4)),t81),(((t10,t17),t53),t28)),(t38,t46)),(((t60,(t68,(t92,t79))),((t44,t88),t39)),(((((t61,t37),t65),(t59,t19)),t40),(t12,t18)))),(((t73,(((t93,(t27,t6)),(t7,t66)),t23)),t99),((((t22,t14),t16),t30),t82))),((((((((((t96,t26),t47),t29),t95),((t70,t87),t36)),((t11,(t3,t74)),((t58,t15),((t32,t31),t25)))),(((t42,t2),t50),t67)),((t51,t94),t21)),((t41,t1),t90)),(t35,(t56,t24)))),((((((((t34,(t91,t13)),t76),t63),t89),((t77,(((t83,t78),t55),t8)),t72)),t43),((((t54,t84),(t97,t75)),(t69,t57)),t49)),(((t100,(t33,t48)),t98),(((t5,t9),t62),((t52,t45),((t80,t71),t86)))))),root);
data/SuperTripletsBenchmark/model-trees/model-60.nwk.model_tree	data/SuperTripletsBenchmark/source-trees/d25/k10/data-d25-k10-60_phybp-s0r.nwk.source_trees	1.9210760593414307	1.53	16	138	0.9601990049751243	16	138	0.9601990049751243	((((((((t63,t53),t55),((t87,(t84,t94)),((t42,t59),t8))),((t33,(((t85,t35),(t43,t21)),(t48,t89))),(t22,t98))),((((t81,t1),t71),((t91,t78),t34)),(((t32,t10),(t41,t88)),t51))),(((((t97,t56),t40),t15),(((t100,t46),t36),t4)),((((t12,t69),t37),t76),(t80,t95)))),(((((t75,t62),t68),((((t7,t50),t79),t72),t67)),(((t57,t17),t3),(t6,(t92,t45)))),(((((t30,(t44,t54)),t29),((t73,(t64,t74)),(t47,t60))),((t66,(t93,t2)),(((t39,t99),((t61,t86),t90)),(t70,(t38,((t65,t77),t16)))))),(((((t18,t52),t28),(t31,t11)),((t58,t14),(t96,t49))),(((((t27,t13),(t9,t82)),(t24,t83)),t19),(t20,((t5,t23),(t25,t26)))))))),root);
data/SuperTripletsBenchmark/model-trees/model-61.nwk.model_tree	data/SuperTripletsBenchmark/source-trees/d25/k10/data-d25-k10-61_phybp-s0r.nwk.source_trees	1.8382909297943115	1.46	22	73	0.945273631840796	22	73	0.945273631840796	((((((((((t47,t11),t91),t57),(t22,t32)),((t8,t25),(((t99,t94),(t21,t13)),t56))),((((t31,t17),((t24,t2),(t40,t36))),(((((t15,t78),((t92,t63),t90)),((t75,t96),t39)),((t27,t46),t7)),(t62,((t34,t9),t43)))),t97)),(((((t30,(t53,t95)),t54),t64),(t6,(t55,t68))),(t33,((t60,((t81,t82),t35)),t66)))),(((t86,((t76,t29),t48)),(((t69,(t42,t38)),t14),t87)),(t18,t59))),((((((t74,(t45,t79)),t72),(t28,t4)),(((t100,t1),t41),t73)),(((((t84,t98),((t12,t89),t71)),((t83,t19),((t93,t51),t16))),t88),((t5,(((t26,t37),t85),t58)),(((t77,t52),(t23,(t10,t3))),(((t50,t67),t20),t80))))),(((t44,t65),t70),(t61,t49)))),root);
data/SuperTripletsBenchmark/model-trees/model-62.nwk.model_tree	data/SuperTripletsBenchmark/source-trees/d25/k10/data-d25-k10-62_phybp-s0r.nwk.source_trees	1.8813226222991943	1.5	66	285	0.835820895522388	66	285	0.835820895522388	((((((((t9,t99),t64),(t40,t63)),(((t61,t93),t27),((t96,t90),t60))),((((t21,t26),t82),t28),(t30,t87))),(((((((t69,t38),((t59,t14),t32)),(t77,t20)),t66),(((t5,t6),((t16,t74),t25)),(t47,t1))),(((t97,(t4,t79)),t62),(t94,t19))),(((((t11,t88),(t46,t72)),(t52,t68)),(((((t8,t39),t100),t3),(t76,t89)),t48)),((t22,(t84,t15)),(t75,(t83,t45)))))),((((((((((t70,t53),t31),t49),t65),t81),((t98,t23),(t55,t67))),(((t33,t73),t13),(((t12,t91),t71),(t37,t57)))),((((t54,t80),t34),(((t7,t86),(t56,t36)),(((t92,t24),t50),t95))),(t29,(((t43,t2),t51),t35)))),t42),(((t18,t78),t41),((t17,(t44,t10)),(t85,t58))))),root);
data/SuperTripletsBenchmark/model-trees/model-63.nwk.model_tree	data/SuperTripletsBenchmark/source-trees/d25/k10/data-d25-k10-63_phybp-s0r.nwk.source_trees	1.955489158630371	1.59	42	192	0.8955223880597015	42	192	0.8955223880597015	(((((((((t36,(t75,t48)),((t66,(t2,t57)),((t7,t71),(t3,t82)))),t45),(t44,((t42,t77),t72))),((((((((t58,t52),(t69,t62)),t76),t91),(t93,t86)),t17),((t84,t31),(((t29,(t87,t1)),t40),t20))),((t4,t99),t83))),((t54,t60),(t55,t37))),((((((t28,t50),t15),((t61,t95),(t97,t11))),(t24,t98)),(((t94,(t43,t22)),t88),t80)),(t73,((((t14,t51),((t81,(t64,t30)),t96)),((t47,t68),t67)),((t10,((t13,t6),t8)),t39))))),(((((t5,t79),t27),(((t89,((t25,t19),(t56,t74))),t21),t63)),(((t65,t100),t85),(((t41,t33),t18),t46))),(((t32,t38),((t70,t53),t78)),(((((t16,(t34,t49)),t59),t35),((t9,t23),t92)),((t90,t26),t12))))),root);
data/SuperTripletsBenchmark/model-trees/model-64.nwk.model_tree	data/SuperTripletsBenchmark/source-trees/d25/k10/data-d25-k10-64_phybp-s0r.nwk.source_trees	1.8759856224060059	1.52	46	172	0.8855721393034826	46	172	0.8855721393034826	((((((((((t75,t1),t17),t43),((t61,t39),t28)),t4),t63),((((t21,(t38,t6)),t19),(t80,t59)),(((t64,(t24,t5)),t74),(((t7,t47),t57),((t8,t36),(t83,t72)))))),(((t69,t96),t55),t20)),(((((((t32,(t3,t31)),(t81,t49)),(t13,t78)),((((t100,t2),(t99,t79)),((t26,(t91,t51)),t12)),(t93,t46))),((t37,(((t62,t41),t53),((t22,t14),t68))),((((t73,(t9,t67)),((t52,t45),t90)),((t23,(t54,t95)),t34)),(((((t89,(t15,t94)),t11),(t50,t48)),((t97,t40),t85)),t56)))),((t84,(t92,t18)),t87)),((((((((((t66,t88),t10),t86),(t76,t35)),(t77,t30)),((t27,t70),t25)),(t33,t71)),t65),(((t44,t29),t82),(t98,t60))),(t42,(t58,t16))))),root);
data/SuperTripletsBenchmark/model-trees/model-65.nwk.model_tree	data/SuperTripletsBenchmark/source-trees/d25/k10/data-d25-k10-65_phybp-s0r.nwk.source_trees	2.051386833190918	1.59	28	154	0.9303482587064676	28	154	0.9303482587064676	(((((((t22,t100),(((((t56,t45),t99),(t33,t36)),t65),(t1,t79))),(((t69,t41),t37),t53)),((t58,(t72,(t77,t78))),(t83,t67))),(((((((t12,t50),t35),(t61,t84)),((t80,t29),((t96,t90),t75))),((t26,(t9,(t55,t48))),(t73,(t46,t94)))),(((t62,t17),(((t43,t19),t82),t2)),((((t86,(t93,t40)),t71),t89),((t13,t87),t32)))),((((t59,t20),t95),((t98,t14),t16)),(((t7,t66),t27),(((t10,t74),(t81,t30)),(t64,t5)))))),(((((t6,t11),t31),(t28,t24)),((((t49,(t21,t39)),((t18,t60),t42)),(((t4,t70),(((t91,t38),t44),t8)),t25)),((((((t34,t23),t97),t63),t85),(t92,t15)),((((t54,t47),t88),(t52,t68)),((t3,t57),t76))))),t51)),root);
data/SuperTripletsBenchmark/model-trees/model-66.nwk.model_tree	data/SuperTripletsBenchmark/source-trees/d25/k10/data-d25-k10-66_phybp-s0r.nwk.source_trees	2.0033373832702637	1.6	78	244	0.8059701492537313	78	244	0.8059701492537313	((((((((((((((t68,t11),t54),(t4,(t30,t49))),t48),(t8,t90)),((t91,(t14,t31)),t45)),((t33,(t42,t99)),(t46,((t62,t37),t27)))),(((t13,t100),t98),((((t73,(t12,t60)),t9),t94),t95))),(((((t81,t92),(((t65,t93),t58),t32)),(t44,(t97,t21))),((t43,t50),t72)),(((t69,t35),t22),(t38,t70)))),(((((((t5,t74),(t16,t41)),(t66,t52)),(t96,t51)),t82),(t1,t79)),(t34,t55))),(((((t64,t29),(t2,t3)),(t61,t67)),((t77,t71),(t84,(((t59,t87),t28),t18)))),((t7,t78),((t23,t6),t76)))),((((t63,t89),t17),(t75,t40)),((t85,t36),t39))),(((t24,t47),((t83,t15),((((t10,t53),(t19,t88)),t57),((t80,t20),(t56,t25))))),(t86,t26))),root);
data/SuperTripletsBenchmark/model-trees/model-67.nwk.model_tree	data/SuperTripletsBenchmark/source-trees/d25/k10/data-d25-k10-67_phybp-s0r.nwk.source_trees	1.8959901332855225	1.51	24	120	0.9402985074626866	24	120	0.9402985074626866	(((((((((t58,t29),((t2,t31),t1)),(((((t83,t63),t93),(t57,(t61,t62))),t91),(t47,t72))),(((t54,t51),(t10,t82)),t88)),(((((t42,((((t66,t17),t44),t25),(t50,t23))),(((t60,t99),t15),t90)),t81),((t24,((t34,t59),t52)),t22)),((((t12,t96),t32),(t55,t49)),(t86,t45)))),(((((t85,t100),t89),t4),((t56,t36),(t79,((t40,t3),t13)))),((t30,(t28,t21)),(t7,t53)))),(((((t84,t80),t33),t76),t74),((t27,t64),t48))),((((((t16,t11),t71),(((((t65,t5),t35),t75),(t67,t41)),(t18,t20))),(((t87,(t9,t39)),(t97,t70)),t14)),(((t73,t19),t37),((t8,(t43,t69)),((t6,t78),t92)))),((((t38,t94),(t46,t26)),t77),(t68,(t98,t95))))),root);
data/SuperTripletsBenchmark/model-trees/model-68.nwk.model_tree	data/SuperTripletsBenchmark/source-trees/d25/k10/data-d25-k10-68_phybp-s0r.nwk.source_trees	1.911146640777588	1.55	42	189	0.8955223880597015	42	189	0.8955223880597015	(((((((t12,t84),((t69,(t22,t13)),((t80,t49),(t51,t89)))),((((((t44,t100),(((t61,t47),t64),t45)),t73),((t20,t46),t32)),t9),(t29,((t63,(t93,t14)),t62)))),((t28,((t2,t53),t27)),(t24,t83))),((((((t38,t71),(t81,t91)),(t59,t23)),t16),(t7,t55)),((((t74,t17),(t10,t41)),t54),(t98,t33)))),(((((((((t86,t36),t25),t57),t67),(t26,t99)),((t21,t48),(t34,t78))),(((t19,(t65,t76)),t90),((t31,t82),t56))),(((t96,t40),((t77,t72),t75)),(((((t30,t94),t39),(t95,t68)),((t18,t8),t70)),t60))),((((((t85,t5),(t97,(t52,t4))),(t92,t3)),t1),(t43,t35)),((t11,((t50,(t42,t37)),(t88,(t58,t79)))),(((t15,t6),t66),t87))))),root);
data/SuperTripletsBenchmark/model-trees/model-69.nwk.model_tree	data/SuperTripletsBenchmark/source-trees/d25/k10/data-d25-k10-69_phybp-s0r.nwk.source_trees	1.8877854347229004	1.54	50	122	0.8756218905472637	50	122	0.8756218905472637	(((((((t74,t53),t67),(t42,t79)),(((((t89,((t9,t10),t95)),t64),t19),t100),(t75,t16))),(((((t86,t68),(t12,t45)),(t37,(t24,t43))),((((t5,t72),t62),(t27,t1)),((t58,t60),((t34,t23),t6)))),(t83,t4))),((((((((t38,(t8,t29)),t55),((t87,t82),t90)),(((t11,(t63,t39)),(t22,t48)),((t14,t32),(t40,t41)))),t59),((t78,(t44,t71)),(t69,t35))),(((((t99,t17),t88),(t46,(t7,t80))),(t92,t66)),((t28,t47),(((t31,(((t98,t26),t56),t61)),t65),((t50,t52),(t3,t20)))))),(((((t25,t76),(t93,t73)),((((t54,t57),(t84,t70)),((t30,t49),(t85,(t13,t51)))),(t81,t2))),(t36,(t21,t15))),((t97,t77),((((t18,t91),t94),t96),t33))))),root);
data/SuperTripletsBenchmark/model-trees/model-70.nwk.model_tree	data/SuperTripletsBenchmark/source-trees/d25/k10/data-d25-k10-70_phybp-s0r.nwk.source_trees	2.0106661319732666	1.6	25	65	0.9376558603491272	26	65	0.9353233830845771	((((((((t29,(t24,t21)),(t16,t2)),(((((t5,(t7,t40)),((t97,t22),t60)),(t56,t71)),((((t38,t41,t28),t31),((t92,t36),(t98,t77))),t35)),((t76,t45),t82))),(((((((t3,t53),t69),(((t11,t89),t80),t46)),t62),t67),t64),((((t75,t90),t30),((t93,t57),t94)),t4))),(((t65,(t43,t8)),((((t100,t52),t18),(((t81,t14),t99),(t55,t74))),(t61,t83))),((t26,(t91,t63)),t85))),((((t49,t73),((t10,(t47,t78)),t12)),(t20,(t70,t37))),((t58,t33),(t48,t87)))),(((((((t84,(t27,t17)),(t68,t19)),(t32,t79)),t96),(((t1,t88),(t59,t86)),t13)),(((t66,(t50,t25)),(t23,t51)),(t44,t42))),(t15,((t34,t72),((t54,(t9,t95)),(t6,t39)))))),root);
data/SuperTripletsBenchmark/model-trees/model-71.nwk.model_tree	data/SuperTripletsBenchmark/source-trees/d25/k10/data-d25-k10-71_phybp-s0r.nwk.source_trees	1.9532034397125244	1.54	28	155	0.9303482587064676	28	155	0.9303482587064676	(((((((((t15,t46),(t14,(t56,t40))),((((t30,(t21,(t4,t72))),((t66,(t23,t70)),(t92,t99))),((t37,t36),t8)),((t33,t17),t3))),(t5,((t75,t79),t71))),(((((t34,t63),(t28,t95)),t7),((t53,t45),t83)),t22)),((t2,(t93,t29)),(t11,t19))),((((((((t25,t86),t1),(t80,t76)),t98),(((t51,t88),t54),t59)),((((t69,t87),t91),t12),((t35,t57),(t44,t48)))),((t74,t26),t85)),(((((t43,t13),t81),t62),(t10,t6)),(t65,t41)))),((((((t42,t78),t100),((t52,t60),(t32,(t55,t67)))),t97),(t90,t73)),(((((t94,(t61,t18)),(t31,t49)),(((t58,t50),((t47,t82),t16)),((((t96,t68),t27),(t9,t39)),t64))),((t77,t38),(t84,t89))),(t24,t20)))),root);
data/SuperTripletsBenchmark/model-trees/model-72.nwk.model_tree	data/SuperTripletsBenchmark/source-trees/d25/k10/data-d25-k10-72_phybp-s0r.nwk.source_trees	1.9211792945861816	1.55	40	202	0.900497512437811	40	202	0.900497512437811	((((((t6,t19),(t40,t72)),(((((t41,(t58,t1)),t24),(((t64,t20),t53),t16)),((((t85,(t84,t62)),t60),t66),(t54,t4))),((t92,t32),t36))),(((t52,((((t42,(t7,t27)),t13),((t89,(t75,t9)),t77)),t3)),(((t96,t100),t74),(((t10,t31),(((t23,t88),(t78,t17)),(t48,t68))),(t98,((t44,t71),(t5,t18)))))),((((((((t8,t29),t93),t80),(t50,t99)),t37),t95),((t15,t33),(t76,t35))),((t21,(t86,t49)),t90)))),(((((((((t25,t67),(t12,(t91,t79))),((t87,t57),t30)),((((t2,t51),t34),(t97,t56)),t43)),(((t26,t63),t61),t45)),(t59,(t55,t11))),((t22,t69),((t47,t94),t39))),((t83,t73),((t14,t38),(t65,t28)))),(((t81,t46),t70),t82))),root);
data/SuperTripletsBenchmark/model-trees/model-73.nwk.model_tree	data/SuperTripletsBenchmark/source-trees/d25/k10/data-d25-k10-73_phybp-s0r.nwk.source_trees	1.91058349609375	1.54	56	149	0.8606965174129353	56	149	0.8606965174129353	(((((((t16,(t25,t51)),t92),((t24,t60),t61)),((((t14,(t5,t8)),(t93,(t91,t57))),((t32,t73),(t65,t31))),((t82,t89),(t18,t9)))),((((((t38,t95),t43),t87),(t35,t74)),(((((t84,t80),(t34,t27)),t11),((t44,t64),(t50,t48))),((t10,t76),t36))),(t23,(t81,t3)))),(((((t77,t71),((t62,((t85,t78),(t97,t59))),(t17,(t58,t94)))),((((t7,t19),t53),t54),((t100,t1),t98))),(((t30,(t46,t63)),((t83,t67),t86)),(((t55,t6),(t99,t88)),((t26,(t96,t72)),t47)))),((((t13,t70),t66),((t28,t33),t37)),(((((t90,t4),t68),(t42,t52)),((t41,t29),(t22,t15))),(((t20,((t75,t49),t45)),(t21,t2)),((t69,(t12,t40)),(t56,(t39,t79)))))))),root);
data/SuperTripletsBenchmark/model-trees/model-74.nwk.model_tree	data/SuperTripletsBenchmark/source-trees/d25/k10/data-d25-k10-74_phybp-s0r.nwk.source_trees	1.892352819442749	1.5	16	101	0.9601990049751243	16	101	0.9601990049751243	((((((((t65,t5),t32),t49),(((t23,(t22,t90)),t39),t16)),((t73,(((t62,t78),t13),t70)),t75)),((((((t100,t37),t85),t9),t50),((t97,t94),t56)),(((((((t69,t53),t12),t7),((((t64,t88),t26),t11),(t54,t72))),(((t84,t76),((t80,t14),t30)),(t59,t67))),(t96,t3)),((t10,(t15,t60)),((t24,t79),t55))))),((((((t63,t1),(((((t77,t99),t21),t25),t66),t27)),(((t17,(t91,t36)),((((t42,t82),t45),t71),t57)),(t6,t68))),((((t81,t47),t28),((t34,t46),(t92,t83))),(((t98,t8),(t20,t87)),(t19,(t18,t48))))),((t43,t86),((t38,t95),(t44,t35)))),(((((t52,t89),t41),t31),(t29,((t93,t51),t74))),(((t61,t33),t40),((t2,t4),t58))))),root);
data/SuperTripletsBenchmark/model-trees/model-75.nwk.model_tree	data/SuperTripletsBenchmark/source-trees/d25/k10/data-d25-k10-75_phybp-s0r.nwk.source_trees	1.873032569885254	1.49	15	105	0.9625935162094763	16	105	0.9601990049751243	((((((((((t40,t70),((t66,((t23,t33),t93)),t54)),((t87,t55,t27),((t47,t86),t61))),t62),(t32,t38)),(((((((t53,(t8,t36)),t13),((t81,t45),t90)),(((t84,t74),t100),(((t98,(t59,t60)),t51),t37))),(t50,t72)),((((((t18,((t34,t6),t52)),((t91,t30),(t22,t25))),(t56,t88)),(t89,(t31,t99))),(t7,t67)),t78)),t39)),(((t85,t5),(t63,t57)),(t69,((t97,t68),t75)))),((t26,t94),(t92,t79))),(((((((((t73,(t76,t4)),((t42,t95),t21)),((t80,t41),t77)),t49),(t20,t71)),((((t29,(t16,t19)),((t83,t10),t24)),(((t46,t11),t43),t12)),(t28,t3))),((t14,t82),(t35,t17))),(t58,(t65,t48))),((((t44,t64),(t15,t1)),t2),(t96,t9)))),root);
data/SuperTripletsBenchmark/model-trees/model-76.nwk.model_tree	data/SuperTripletsBenchmark/source-trees/d25/k10/data-d25-k10-76_phybp-s0r.nwk.source_trees	2.164505958557129	1.59	16	30	0.9601990049751243	16	30	0.9601990049751243	((((((((t24,(t96,(t34,t85))),(((t29,((t28,t8),t92)),(t97,t67)),(t52,((t21,t53),t65)))),((t61,t73),((t59,t68),t13))),((t69,t72),(((t18,t1),t51),(t41,t78)))),(t49,((t47,t66),t19))),((((((t50,t36),t27),((((((t12,t55),t89),t43),((t5,t11),t74)),(t54,t31)),t10)),(t33,((t88,(t22,t25)),t62))),(((t98,t15),(t90,t94)),t40)),t14)),((((((t86,t3),t48),t80),((t32,t79),(t9,t76))),((t58,t17),t75)),((((((((t64,t37),((t23,t100),t77)),((t46,t71),(t91,t4))),t82),(((((t60,t57),t39),t2),(t30,t26)),(t84,(t83,t99)))),(((t44,t6),t42),((((t93,t45),t56),(t20,t70)),((t16,t95),t81)))),t63),((t38,(t35,t87)),t7)))),root);
data/SuperTripletsBenchmark/model-trees/model-77.nwk.model_tree	data/SuperTripletsBenchmark/source-trees/d25/k10/data-d25-k10-77_phybp-s0r.nwk.source_trees	1.9353446960449219	1.56	60	245	0.8507462686567164	60	245	0.8507462686567164	(((((t29,(t9,t4)),((t38,(t80,t35)),((t59,((t12,t48),t25)),t89))),((((((t69,t26),t71),t10),(((t18,(t83,t64)),(((((t84,(t23,(t58,(t15,t88)))),t5),t34),t19),t56)),t75)),((((t97,(t21,t31)),t52),t86),(((((t76,t73),t62),(t45,(t74,t79))),(t49,((t54,(t22,t91)),((t51,t57),t3)))),((((t50,(t40,t94)),(t92,t60)),t77),((((t7,t55),t28),((t41,t36),t1)),((((t66,(t44,t68)),t39),(t24,t6)),((t20,(t65,t85)),t99))))))),(((((((t93,(t90,t78)),t8),(((t42,t95),t81),t32)),(t13,((t11,(t27,t82)),t37))),t14),t63),((t30,t53),((t96,t67),t87))))),((((t100,t46),((t43,t17),(t47,t2))),t72),((t33,((t61,t16),t98)),t70))),root);
data/SuperTripletsBenchmark/model-trees/model-78.nwk.model_tree	data/SuperTripletsBenchmark/source-trees/d25/k10/data-d25-k10-78_phybp-s0r.nwk.source_trees	2.476106882095337	1.67	58	208	0.8557213930348259	58	208	0.8557213930348259	((((((((t54,t95),(t43,(t56,t45))),t32),(((t65,t98),(t15,t31)),((t69,(t49,t89)),(t90,t74)))),t59),(((t58,(t60,t36)),(t91,t1)),(t100,(t24,t94)))),(((((((t67,t99),(t82,t57)),((((t93,t23),t39),t41),t83)),((t11,t79),t27)),(((((t28,(t18,t50)),t64),t68),t46),(t73,(((t38,t63),t85),t20)))),(t8,t86)),(((((((t92,(t35,t78)),t37),t61),(((t5,t33),t52),((t21,((t29,t53),t44)),t96))),((((t75,t80),t4),(t48,(((t70,(t51,t19)),t87),t40))),(t97,t81))),(((t25,t10),(t47,t9)),t2)),((((((t84,t55),t76),t17),t77),(((t12,t66),t71),(((t3,t72),((t16,t26),t34)),t6))),((((t7,t14),(t22,t42)),t30),((t62,t88),t13)))))),root);
data/SuperTripletsBenchmark/model-trees/model-79.nwk.model_tree	data/SuperTripletsBenchmark/source-trees/d25/k10/data-d25-k10-79_phybp-s0r.nwk.source_trees	1.9288580417633057	1.53	16	47	0.9601990049751243	16	47	0.9601990049751243	((((((t49,(t86,t79)),((t26,t11),t24)),(((t42,(t28,t15)),(t30,t99)),(t13,t51))),((((t57,t89),t16),((t12,(t92,t27)),((t43,t9),t75))),t32)),(((((((((t53,t68),((t65,(t21,t72)),((t90,t46),t59))),((t61,t69),(t55,t17))),((((t34,t5),t78),t93),t73)),(((((t77,t31),(t83,t4)),t20),(t74,t39)),((((t44,t70),(((t84,t76),t48),(t66,((t60,t94),t47)))),(t22,t98)),((t50,t82),t25)))),((((t8,t40),(t96,t33)),t81),(t56,t58))),((((t10,t36),t6),t45),t95)),(t64,t80)),(((t29,((t41,(t100,(t2,t88))),t3)),((t23,(t91,t62)),(((t85,t14),t35),(t18,(t67,t63))))),((((t54,t37),((t97,t1),t71)),(t38,t19)),((t7,t87),t52))))),root);
data/SuperTripletsBenchmark/model-trees/model-80.nwk.model_tree	data/SuperTripletsBenchmark/source-trees/d25/k10/data-d25-k10-80_phybp-s0r.nwk.source_trees	1.973632574081421	1.59	66	242	0.835820895522388	66	242	0.835820895522388	((((((((((t89,(t21,t1)),((t47,t2),t25)),(t9,t15)),((t98,t42),(t26,t79))),t50),((t83,t20),(((t54,t96),t10),((t97,t6),(t32,t90))))),(((((((((t31,(t40,t51)),(t13,t3)),(t39,t37)),(((t46,(t65,t29)),t36),(t59,t52))),(t75,t14)),t94),(((t78,t17),t24),(t93,t68))),(((t12,t71),t67),t88)),((((t62,(t56,t82)),(((t18,t70),t63),t69)),((((t43,t11),t5),(t34,t49)),((t87,(t28,t64)),t99))),((((((t100,(t58,t53)),t60),(t33,(t92,t41))),((t22,t86),t55)),t61),(t80,t16))))),((((t74,t45),((t85,t38),t77)),(((t81,t48),(t8,t30)),(((t76,t57),((t35,t95),(t91,t66))),(t72,t19)))),t44)),((((t84,t4),t7),t73),(t27,t23))),root);
data/SuperTripletsBenchmark/model-trees/model-81.nwk.model_tree	data/SuperTripletsBenchmark/source-trees/d25/k10/data-d25-k10-81_phybp-s0r.nwk.source_trees	2.057159185409546	1.59	30	134	0.9253731343283582	30	134	0.9253731343283582	(((((((((t67,t17),t65),(((t60,t39),t95),t35)),((t27,t11),(t25,(t85,t9)))),t72),((t47,t20),t76)),((((((((((t15,t70),t59),t44),t1),(t40,(t58,t88))),(t86,(t81,t28))),(t34,t96)),t99),t42),((t18,t2),(t32,t68)))),((((((((t61,t5),t55),(((t16,(t19,t36)),t79),t7)),((((t100,t53),t73),((t49,t29),(t24,t83))),(t98,t23))),t46),t97),(((t84,t93),(t41,t94)),(t57,t89))),((((((t52,(((t4,t37),((t77,(t91,t38)),t31)),((t80,t45),t92))),((t63,(t8,t48)),(((((t90,t87),t3),t33),(t43,(t75,t50))),(t62,t71)))),t14),(((t10,t30),t51),((t56,((t22,t21),t6)),(t12,t74)))),(((t54,t64),(t69,((t26,t82),t78))),t66)),t13))),root);
data/SuperTripletsBenchmark/model-trees/model-82.nwk.model_tree	data/SuperTripletsBenchmark/source-trees/d25/k10/data-d25-k10-82_phybp-s0r.nwk.source_trees	1.9048171043395996	1.5	54	181	0.8656716417910447	54	181	0.8656716417910447	((((((t81,((t34,t75),t74)),t60),((((t56,t77),((t22,t33),t72)),(t2,t88)),(t27,t37))),((((t85,t5),t41),((((t73,(t55,t48)),t87),t52),(t44,t43))),(((((t84,t36),t30),(t59,t68)),((((t25,t20),(t12,t32)),t28),t50)),((t15,((t91,t79),(t92,t14))),t65)))),(((((((t58,t71),(((((t24,t98),t17),(t64,t29)),((t66,t70),t46)),(t83,t95))),t51),t57),(t69,((t11,(t93,t76)),t53))),((((((t61,t21),((t100,t26),(t9,t35))),((t18,t47),t78)),(t80,(t1,t19))),(((t89,(t16,t82)),t39),t63)),((t31,(t8,t86)),((t23,t6),t45)))),((((t10,(t90,t3)),((t38,t4),((t96,t42),t94))),(t54,t49)),((t97,(t62,t40)),((t7,t13),(t67,t99)))))),root);
data/SuperTripletsBenchmark/model-trees/model-83.nwk.model_tree	data/SuperTripletsBenchmark/source-trees/d25/k10/data-d25-k10-83_phybp-s0r.nwk.source_trees	1.9749345779418945	1.57	42	118	0.8955223880597015	42	118	0.8955223880597015	(((((((((((((t80,t10),t91),t61),(t81,t22)),(t12,t3)),t27),(t84,(t98,t95))),(t69,(t59,(t9,t72)))),(((t24,(t83,t37)),t29),((t13,t73),t31))),(((((((t51,t1),t71),t46),((t41,((t7,t6),t85)),(t23,t11))),t74),((((t15,(t48,t45)),(t63,((t99,t82),t32))),(t5,t58)),t40)),(t28,t88))),(((((((t93,t33),((t16,t53),(t65,t4))),(((t66,(t43,t90)),t25),t19)),((t14,t17),(t97,(t86,t26)))),((t2,t78),t21)),(((t100,(t60,(t47,t94))),t67),t20)),(((t56,t36),t42),t76))),(((((((t96,t8),(t44,t34)),(((t64,t55),t38),t79)),(((t54,t62),t39),(t92,t52))),((t75,t50),t70)),(((t49,t68),t57),t77)),(((t30,t89),(t18,t35)),t87))),root);
data/SuperTripletsBenchmark/model-trees/model-84.nwk.model_tree	data/SuperTripletsBenchmark/source-trees/d25/k10/data-d25-k10-84_phybp-s0r.nwk.source_trees	2.1953933238983154	1.73	110	442	0.7263681592039801	110	442	0.7263681592039801	((((((((((t16,t20),t100),t25),(t83,t2)),t52),((t47,t90),t95)),(((t12,(t68,t1)),((t75,(t9,(((t28,t51),t55),t92))),t91)),t45)),(((((((((t21,t23),((t31,t74),t3)),((t42,t11),t34)),((t99,((t78,t63),t8)),t93)),t80),(t69,(t29,t87))),t32),((t59,t33),(t22,t67))),t5)),(((((((((((t84,t41),t53),((t81,t10),(t48,(t97,t65)))),((((t15,(t61,t36)),t79),t58),t37)),((((t98,t82),t4),((t57,t17),t54)),(t77,t94))),(t50,t46)),(t7,t73)),(((((t89,(t24,t26)),t40),(t18,t35)),((((t76,(t44,t71)),(t86,t72)),t62),t19)),(t96,t30))),(t66,((t43,t70),t27))),((t85,t49),t56)),(((t13,t6),(t38,(t60,t39))),((t64,t14),t88)))),root);
data/SuperTripletsBenchmark/model-trees/model-85.nwk.model_tree	data/SuperTripletsBenchmark/source-trees/d25/k10/data-d25-k10-85_phybp-s0r.nwk.source_trees	2.117396354675293	1.73	32	140	0.9203980099502488	32	140	0.9203980099502488	((((((((t61,t45),t51),((((t56,t5),t80),(t24,t26)),((t33,(((t59,t4),t9),((t91,t71),t81))),((t84,t49),t40)))),((((t13,t37),((t7,t41),((t30,t53),t42))),((t43,t22),(((t95,t57),(t85,t68)),t96))),t97)),((((((((t20,t63),(t14,t89)),((t64,t38),t2)),t78),((t19,(((t76,t46),t60),t79)),(((t100,t82),(t10,t70)),t77))),((((t31,(t28,t94)),t23),(t21,t39)),(((t18,t16),(t44,t67)),((((t62,t74),(t86,t6)),t54),(t73,((t98,t52),t3)))))),(((t29,(t65,t35)),(t25,(t92,t90))),t11)),(((t50,(((t93,t66),t83),((t47,t88),t34))),((((t27,t17),t15),t99),t55)),(t8,(t32,t1))))),(t72,t36)),(t69,((t12,((t75,t58),t48)),t87))),root);
data/SuperTripletsBenchmark/model-trees/model-86.nwk.model_tree	data/SuperTripletsBenchmark/source-trees/d25/k10/data-d25-k10-86_phybp-s0r.nwk.source_trees	2.202967643737793	1.71	18	59	0.9552238805970149	18	59	0.9552238805970149	((((((((t97,t92),t64),(t22,t96)),t99),((((t44,t73),(((((t51,t63),(t47,t31)),t14),t19),t15)),(((t7,t69),t43),(t77,t4))),(t80,t38))),(((((((t30,t68),t11),t37),((t72,(t95,t36)),t75)),(t85,t39)),((((t34,t93),t3),(t23,t86)),((((t16,t89),((t50,t76),(t98,t62))),(t2,t78)),(t27,t48)))),(t12,(t9,t6)))),(((((t40,t53),t65),t60),(((((t61,t5),((t55,t49),t59)),t8),t79),((t67,t20),t90))),(((((t56,t100),t26),t35),((t84,t88),((((t25,t41),t21),t71),t66))),((((t32,t10),((t54,(t81,t33)),t74)),(((t13,t46),(t70,t57)),t83)),((((t52,t87),(t58,t1)),(((t94,(t28,t82)),(t42,t45)),((t18,t29),t24))),(t91,t17)))))),root);
data/SuperTripletsBenchmark/model-trees/model-87.nwk.model_tree	data/SuperTripletsBenchmark/source-trees/d25/k10/data-d25-k10-87_phybp-s0r.nwk.source_trees	2.3460276126861572	1.82	38	82	0.9054726368159204	38	82	0.9054726368159204	(((((((((t84,t11),t57),t82),(t10,t72)),((t59,t63),t47)),((((t18,(t1,t19)),t73),t15),t37)),(((((t67,t30),(t69,t9)),t85),t35),((t46,t74),t54))),((((((((t90,t31),t76),((t55,t6),t42)),t41),(t75,t62)),((t50,t51),(t79,(t22,t77)))),((((((((t34,t88),(t24,t83)),(((t97,t65),t14),t100)),(((((t64,t98),(t56,t12)),t16),t2),(t4,t78))),(((t33,t26),((t21,t89),t40)),t45)),t23),((t25,t95),(t52,t48))),((((t29,t99),((t96,t66),t81)),(((((t44,t92),t49),(t32,t20)),(t5,((t7,t43),t13))),(((t58,t17),t87),(t3,t70)))),(((t38,((t71,t36),t68)),t80),t94)))),(((t93,(t60,((t39,(t61,t53)),((t28,t8),t27)))),t86),t91))),root);
data/SuperTripletsBenchmark/model-trees/model-88.nwk.model_tree	data/SuperTripletsBenchmark/source-trees/d25/k10/data-d25-k10-88_phybp-s0r.nwk.source_trees	2.0713534355163574	1.71	46	146	0.8855721393034826	46	146	0.8855721393034826	((((((((t4,t39),t85),(t86,t1)),(t18,t45)),((t96,(t24,t25)),(((t16,t17),(t49,t88)),t21))),(((((t62,t53),t87),(t28,t8)),((t98,t31),t22)),(((t10,(t48,t51)),((t64,t33),t80)),((t97,t89),t76)))),((((((t42,t94),t44),((t27,t23),t74)),((((t69,t90),t92),t81),(t41,(t93,t63)))),(((((((t40,((t100,t35),t65)),((t34,t20),t82)),(t3,t71)),t91),(((t77,t29),((t50,(t19,t57)),((t2,t46),t47))),t75)),(((((t52,t73),(t58,t95)),((t54,t36),(t6,(t43,t79)))),t13),((((t38,(t14,(t15,t72))),(t56,t5)),(t26,t70)),t78))),(((t32,t55),(t7,t59)),t66))),(((((t12,t37),t83),t60),(t67,t68)),(t99,(t84,((t61,t30),(t9,t11))))))),root);
data/SuperTripletsBenchmark/model-trees/model-89.nwk.model_tree	data/SuperTripletsBenchmark/source-trees/d25/k10/data-d25-k10-89_phybp-s0r.nwk.source_trees	2.0665831565856934	1.68	10	58	0.9751243781094527	10	58	0.9751243781094527	(((((((t8,t59),t63),(((((t69,t52),t46),(t18,(t9,t78))),(t77,t94)),(t5,t74))),(((((t99,t87),t34),(t82,t79)),(t80,t25)),((t73,(t38,(t65,t16))),(t56,t35)))),((((t7,t31),(t98,t55)),((t23,t1),t71)),((((t42,t17),t86),(t48,t72)),(((t43,t76),t61),t37)))),(((((t97,t66),t51),((t30,(t96,t2)),t39)),((((((t12,t20),t50),t90),(t100,((t47,t6),t95))),(((t84,t70),t89),t68)),((t92,t19),(t62,(t28,t83))))),(((t75,t85),((t24,t88),(t60,t45))),((((((t81,t21),t13),(t14,t67)),((t15,t41),(t91,t57))),(((t22,t58),((t29,t53),t54)),((t27,t10),t40))),(((t33,(t64,t11)),(((t93,t4),(t49,t26)),(t36,(t32,t3)))),t44))))),root);
data/SuperTripletsBenchmark/model-trees/model-90.nwk.model_tree	data/SuperTripletsBenchmark/source-trees/d25/k10/data-d25-k10-90_phybp-s0r.nwk.source_trees	1.9273381233215332	1.53	62	205	0.845771144278607	62	205	0.845771144278607	((((((((t35,t89),(t46,t45)),(t27,t14)),(((((t31,t78),t61),((t97,t9),t7)),(t39,t88)),((t66,t51),t83))),(((t5,t15),(((t50,t91),t3),t24)),((t59,t6),t90))),(((((((t28,t47),((t44,t76),t37)),t34),t58),(t38,(t96,t68))),(t16,t20)),((t48,t57),t8))),(((((t80,((t100,t74),t4)),((((t17,(t54,t82)),((t22,t23),t71)),(t25,t99)),t81)),((t18,t87),((t93,(t21,(t67,t95))),t26))),((((((t2,t41),t92),(t75,t13)),(t36,(((t65,t49),t79),t94))),(((((t86,t29),t72),t62),((t64,t11),(t53,t1))),(((t84,t40),((t69,t19),t85)),t70))),((((((t52,t73),t12),(t42,t55)),t32),t43),t30))),((((t56,t33),(t98,t77)),t10),(t60,t63)))),root);
data/SuperTripletsBenchmark/model-trees/model-91.nwk.model_tree	data/SuperTripletsBenchmark/source-trees/d25/k10/data-d25-k10-91_phybp-s0r.nwk.source_trees	1.903517484664917	1.54	18	143	0.9552238805970149	18	143	0.9552238805970149	(((((((t27,t84),t17),((t62,t52),(t61,t15))),(((((t7,t3),(((t80,t78),t63),t67)),t30),(((((((t14,t57),t66),t41),t56),t1),t31),(((t8,t49),t60),((t42,t79),t46)))),(((t83,(t76,t70)),(t43,t53)),((t77,t88),t65)))),(((((((t4,t71),(t28,t40)),(t95,t89)),((t93,t91),t82)),(((t59,(t22,t86)),t34),(t97,t39))),(((((((t98,t33),(((t5,t58),t36),t24)),(t55,t94)),(t21,t20)),(t12,t99)),(t32,((t96,t48),t68))),(t100,(t23,t72)))),((((t73,(t45,t37)),((t47,t13),t38)),(t50,t6)),(t26,(t54,t19))))),((((t75,((t9,t74),(t92,t16))),(t85,t29)),((t44,(t64,t51)),(t69,t87))),((t11,(t18,(t81,t35))),(t25,((t2,t10),t90))))),root);
data/SuperTripletsBenchmark/model-trees/model-92.nwk.model_tree	data/SuperTripletsBenchmark/source-trees/d25/k10/data-d25-k10-92_phybp-s0r.nwk.source_trees	1.9397187232971191	1.58	66	201	0.835820895522388	66	201	0.835820895522388	((((((((((t80,(t94,t17)),(((t67,t41),t24),t10)),((t54,t91),(t44,t39))),(((((t84,t35),t70),t51),(t13,t66)),(t52,t87))),t73),(((t20,(t58,t93)),t75),((((t8,t4),(t36,(t32,t19))),t97),(t7,(t62,t72))))),((t33,t82),(t92,t21))),((((t14,(t56,t2)),((t26,t53),t55)),(((t100,(t18,t50)),((((t22,t3),t12),(t59,t63)),t9)),((((((t34,t81),t86),t49),(t28,t98)),t47),(t76,t38)))),((t5,(t16,t79)),(((((t46,t57),t77),(((t90,t1),t96),t99)),(((t60,t6),t68),(t64,t95))),(t69,t23))))),((((t85,(((((t65,(t83,t11)),t88),t48),t30),t78)),((t43,t45),t27)),t42),(((t40,t31),((t25,t74),t71)),(((t15,t89),(t61,t37)),t29)))),root);
data/SuperTripletsBenchmark/model-trees/model-93.nwk.model_tree	data/SuperTripletsBenchmark/source-trees/d25/k10/data-d25-k10-93_phybp-s0r.nwk.source_trees	1.9781978130340576	1.58	50	145	0.8756218905472637	50	145	0.8756218905472637	(((((((t72,t57),(t91,t26)),(((t36,((t100,t11),t16)),t66),t21)),(((t15,t37),(t28,t18)),((t23,t1),t92))),((((t5,t14),t71),(t50,t45)),(t6,t68))),((((((t54,(t9,t82)),(((t97,((t98,t33),t61)),(t69,t73)),(t48,t94))),((t81,t38),(t56,t58))),((((t10,(t52,t35)),t88),t39),((t70,t79),(((((t31,t95),t59),(t42,t78)),t46),t83)))),((((((t44,t86),((t7,t27),(t3,t99))),((t77,t63),t34)),((t65,t17),t53)),(t32,(((t8,t51),(t24,t4)),(t40,t60)))),(((t30,t41),(t93,t13)),((t84,t87),t55)))),((t29,(t80,t76)),((t22,t2),(((((t43,(t47,t89)),(t12,t90)),t74),(t67,((t62,t49),t25))),((t19,((t64,t96),(t75,t20))),t85)))))),root);
data/SuperTripletsBenchmark/model-trees/model-94.nwk.model_tree	data/SuperTripletsBenchmark/source-trees/d25/k10/data-d25-k10-94_phybp-s0r.nwk.source_trees	1.8619980812072754	1.49	42	128	0.8955223880597015	42	128	0.8955223880597015	(((((t91,t2),t98),((((((t70,(t4,t39)),((t46,t1),t6)),t65),(((t64,t3),((t23,t41),t28)),t51)),((t69,t59),(t88,(t25,(t61,t62))))),((((t79,(t52,t35)),((t80,t72),(t78,(t56,t63)))),t27),((t43,t50),t68)))),((((((((t66,((t67,t90),t8)),((t96,((t7,t49),t83)),(t97,(t87,((t58,t17),t54))))),((t77,t71),t53)),((t40,t89),(t10,t29))),t94),((((((t55,t30),t20),t11),(t47,t21)),(t84,(t74,t73))),t85)),((t86,t82),t16)),(((((((t100,t26),(t38,t33)),(((t18,t93),t31),t57)),((((t75,t24),t95),t22),t48)),(t12,t99)),(((t44,t5),(((t34,t32),t36),t42)),((((t15,t60),t13),(t81,t45)),(((t92,t37),t76),(t9,t19))))),t14))),root);
data/SuperTripletsBenchmark/model-trees/model-95.nwk.model_tree	data/SuperTripletsBenchmark/source-trees/d25/k10/data-d25-k10-95_phybp-s0r.nwk.source_trees	1.9474725723266602	1.54	28	54	0.9303482587064676	28	54	0.9303482587064676	((((((((t62,t36),(((t28,t86),t85),t78)),(t38,t87)),((((((t8,t94),((t66,t19),t21)),t44),t6),(((((t9,t15),t32),t92),t99),(((((t97,(t50,t31)),(t69,t100)),(t42,t49)),t37),(t12,t98)))),((((t83,t18),t68),t16),((t56,t61),t95)))),(((t27,t30),((((((t84,t72),t7),((t58,t71),t39)),((t14,(t41,(t75,t73))),((t35,t51),t46))),(t59,(t80,t52))),(t26,(t13,t79)))),(t65,(((t43,t20),t76),t25)))),(((((t96,(t54,t77)),t33),t60),(t63,t82)),((t81,t90),((t2,(t55,t3)),(t64,t45))))),(((((t11,t88),((t34,t23),t89)),(t47,(t40,t4))),((t10,t67),t53)),((((t48,t1),(((t22,t5),((t70,t57),t17)),t24)),(t29,(t93,t74))),t91))),root);
data/SuperTripletsBenchmark/model-trees/model-96.nwk.model_tree	data/SuperTripletsBenchmark/source-trees/d25/k10/data-d25-k10-96_phybp-s0r.nwk.source_trees	1.8880259990692139	1.53	8	26	0.9800995024875622	8	26	0.9800995024875622	(((((((((((t97,((t54,t31),(t81,t49))),t48),((t16,t57),t8)),t41),((((t64,t11),(t100,t90)),t2),(t83,t51))),((t25,t82),(t30,((t18,t86),t56)))),(((((t28,t45),t65),t26),(((t91,t89),t10),t77)),(t7,t50))),(((t75,t1),(t55,t39)),t53)),(((((((((((t61,t3),t5),t20),(t43,t13)),(t85,t35)),(t15,t71)),(((t80,t17),t58),(t21,t52))),((t6,t29),((t60,(t98,t78)),((t42,t59),(t92,t76))))),(((t84,t67),t44),(((t12,t63),(t99,t68)),t93))),(((t46,t36),t94),t24)),(((t69,t19),t87),t40))),((((t62,t4),((t96,t70),((((t66,t88),t74),t34),t14))),((t47,(t22,t33)),(((t27,t38),t72),t73))),((t23,t37),((t9,(t95,t79)),t32)))),root);
data/SuperTripletsBenchmark/model-trees/model-97.nwk.model_tree	data/SuperTripletsBenchmark/source-trees/d25/k10/data-d25-k10-97_phybp-s0r.nwk.source_trees	2.121776819229126	1.72	50	159	0.8756218905472637	50	159	0.8756218905472637	(((((((((t7,t8),(((((t2,t78),((t64,t47),t19)),t15),t1),(t85,t4))),((t20,t60),t29)),(((t91,(t51,t39)),(t73,((t56,t81),(t83,t57)))),((t14,t87),t65))),((t79,(t21,t16)),(((t33,t70),t43),((t38,t72),(((t10,((t69,t67),t45)),t50),(t97,t18)))))),(((t68,(t54,t24)),t94),(t93,((t77,t37),t28)))),(((((((t12,t95),((t31,(t63,t36)),t44)),((((t32,t88),t52),((t58,t35),t59)),((((t75,t42),t48),t25),((((t13,t17),t26),t41),t23)))),t66),(t62,t82)),(t5,(((t71,t89),t46),t49))),(t100,t40))),(((((t80,(t92,t3)),(t99,(t96,t6))),((t55,t11),t76)),(((t84,t86),(t61,t9)),t34)),(((t22,(t98,t90)),t74),((t30,t53),t27)))),root);
data/SuperTripletsBenchmark/model-trees/model-98.nwk.model_tree	data/SuperTripletsBenchmark/source-trees/d25/k10/data-d25-k10-98_phybp-s0r.nwk.source_trees	2.156712532043457	1.73	58	228	0.8557213930348259	58	228	0.8557213930348259	(((((((((((t52,t79),(t85,t27)),t9),((t20,t45),t36)),(((((t77,t57),t19),(t5,t66)),t90),t86)),((((((((t75,t33),t56),t26),((((t59,(t50,t53)),t64),t8),((t62,t73),t4))),((t39,t88),(t80,t70))),((t7,t96),t10)),t40),t91)),((((((t82,(t41,(t28,t76))),t24),(((t95,(t98,t100)),t60),t46)),(t23,t35)),(t31,t48)),(((t93,t72),t89),t18))),(((t29,t1),(t83,t30)),(((t2,(t3,t74)),t65),(t63,(t55,t51))))),((((((t6,t17),t34),(t84,t16)),(t97,t25)),(t81,t32)),((t43,t22),((t68,t11),t61)))),((((t69,t71),(t42,t94)),(((t92,t67),t13),(((t15,t87),t54),((t99,t37),(t14,((t12,t49),t47)))))),((t21,((t44,t38),t58)),t78))),root);
data/SuperTripletsBenchmark/model-trees/model-99.nwk.model_tree	data/SuperTripletsBenchmark/source-trees/d25/k10/data-d25-k10-99_phybp-s0r.nwk.source_trees	2.059936761856079	1.69	64	244	0.8407960199004975	64	244	0.8407960199004975	((((((((((t18,t4),t11),((((t81,t19),t61),((t14,t49),t51)),(t44,t1))),(((t56,t10),t22),((t6,((t54,t3),t95)),t78))),((((((t50,t32),(t13,t46)),t59),t67),(t15,((((t92,t74),(t23,(t77,t26))),(t35,t82)),(t24,t70)))),((t21,t91),t76))),(((((t20,t48),(t25,t99)),(t80,t94)),(((((t2,t53),(t27,t62)),t57),(t38,t73)),((t69,(t90,t79)),t34))),t84)),((t12,t93),((t7,t36),(t97,(t71,t88))))),(t45,(((((t43,t5),t8),(t83,t86)),(t47,t42)),(t66,(t58,t52))))),((((((((t100,t87),(t96,(t65,t85))),(t40,t72)),((t60,t39),t55)),t9),(t28,((t63,t89),t16))),((t17,(t98,t31)),t75)),(((t37,(t41,t29)),(t30,t68)),(t64,t33)))),root);
data/SuperTripletsBenchmark/model-trees/model-100.nwk.model_tree	data/SuperTripletsBenchmark/source-trees/d25/k10/data-d25-k10-100_phybp-s0r.nwk.source_trees	2.115866184234619	1.74	85	201	0.7880299251870324	86	201	0.7860696517412935	(((((((((((((t34,t71),(t97,t11)),((t46,t72),t48)),t14),(t24,(t38,(t65,t18)))),(t56,(t51,t19))),(t94,t36)),((((t43,t84),(t47,t9)),t12),(((((t76,t73),t61),t90),(t8,t62)),((t10,t87,t99),t64)))),((((((t7,t74),(t58,t15)),(t21,t78)),(t83,(t86,(((t69,t16),t66),t6)))),((t63,(t32,t79)),(t29,t45))),(((t68,t89),t1),t55))),(t54,(t27,t77))),(((((((t28,t100),t13),((t25,t39),t67)),t41),(((t33,t70),((t35,t17),t93)),(t30,t60))),((((t42,t4),t91),((t81,t98),(t85,t50))),((t96,t20),(t23,t52)))),((t40,t53),(((t59,t88),t82),(t92,t2))))),((t26,t57),(((t44,t22),(t5,t37)),((((t80,t31),t75),t95),(t3,t49))))),root);
