data/SuperTripletsBenchmark/model-trees/model-1.nwk.model_tree	data/SuperTripletsBenchmark/source-trees/d75/k30/data-d75-k30-1_phybp-s0r.nwk.source_trees	7.685857772827148	7.1	173	4304	0.1218274111675127	174	4306	0.12121212121212122	((t69,(t7,(t71,(t64,(t26,(t37,(t27,(t2,(t25,(t24,(t72,(t65,(t99,(t23,(t92,(t3,(t54,(t6,(t50,(t19,(t45,(t57,(t75,(t10,(t87,(t73,(t39,(t5,(t76,(t48,(t21,(t38,(t100,(t62,(t43,(t29,(t20,(t22,(t12,(t60,(t8,(t94,(t47,(t91,(t59,(t44,(t41,(t31,(t85,(t95,(t4,(t96,(t18,(t79,(t55,(t11,(t70,(t93,(t84,(t53,(t42,(t16,(t97,(t49,(t80,(t98,(t33,(t35,(t78,(t28,((t67,t68),((t89,(t36,(t15,(t13,(t66,(t30,(t82,((t90,(t46,((t86,t52),(t56,(t32,((t1,t51,t74),((t9,t88),t17))))))),(((((t63,(t61,t40)),t77),t81),(t83,t14)),t34))))))))),t58)))))))))))))))))))))))))))))))))))))))))))))))))))))))))))))))))))))))),root);
data/SuperTripletsBenchmark/model-trees/model-2.nwk.model_tree	data/SuperTripletsBenchmark/source-trees/d75/k30/data-d75-k30-2_phybp-s0r.nwk.source_trees	8.562013387680054	7.98	187	4415	0.050761421319796954	188	4417	0.050505050505050504	((t58,(t71,((t53,(t49,(t9,(t16,(t60,(t31,(t76,(t94,(t57,(t55,(t21,(t66,(t39,(t85,(t47,(t84,(t34,(t13,(t35,(t82,(t20,(t96,(t32,(t72,(t51,(t48,(t8,(t88,(t64,(t30,(t12,(t6,(t42,(t65,(t22,(t5,(t69,(t100,(t43,(t40,(t74,(t25,(t4,(t77,(t15,(t62,(t87,(t11,(t75,(t3,(t86,(t61,(t59,(t89,(t63,(t17,(t67,(t36,(t54,(t44,(t45,(t23,(t91,(t73,(t29,(t70,(t90,(t2,(t33,(t92,(t79,(t46,(t7,(t93,(t50,(t80,(t14,(t18,(t38,(t83,((t28,((((t27,t1,t95),(t97,(t68,t26))),(t78,((t10,t98),(((t56,t19),t99),(t24,t41))))),t37)),t52))))))))))))))))))))))))))))))))))))))))))))))))))))))))))))))))))))))))))))))))),t81))),root);
data/SuperTripletsBenchmark/model-trees/model-3.nwk.model_tree	data/SuperTripletsBenchmark/source-trees/d75/k30/data-d75-k30-3_phybp-s0r.nwk.source_trees	7.94031834602356	7.36	168	3974	0.14285714285714285	170	3978	0.1414141414141414	((t93,(t52,(t67,(t68,(t69,(t30,(t47,(t89,(t61,(t9,(t77,(t12,((t58,(t49,(t100,(t7,(t19,(t59,(t66,(t64,(t57,(t84,(t63,(t45,(t15,(t54,(t4,(t10,(t62,(t46,(t51,(t3,(t60,(t26,(t48,(t81,(t13,(t22,(t94,(t85,(t86,(t97,(t74,(t6,(t72,(t43,(t76,(t50,(t79,(t75,(t32,(t99,(t23,(t2,(t21,(t38,(t56,(t35,(((t73,(t88,(t33,(t70,((t92,t18),(t8,((t44,t29),((t82,t28),(t90,t14,t91))))))))),t42),(t20,(t40,(t37,(t83,(t80,(((t34,t55,t39),((t11,t71),t78)),(t96,(t31,(t16,(t95,(t65,((((t1,t17),t25),(t27,((t36,t53),t41))),(t87,(t98,t24))))))))))))))))))))))))))))))))))))))))))))))))))))))))))))),t5))))))))))))),root);
data/SuperTripletsBenchmark/model-trees/model-4.nwk.model_tree	data/SuperTripletsBenchmark/source-trees/d75/k30/data-d75-k30-4_phybp-s0r.nwk.source_trees	7.234588623046875	6.609999999999999	168	3347	0.13402061855670103	168	3356	0.15151515151515152	((t61,(t64,(t95,(t9,(t4,(t93,(t43,(t92,(t83,(t56,(t39,(t70,(t22,(t96,(t42,(t18,(t75,(t65,(t55,(t7,(t68,(t80,(t69,(t89,(t77,(t12,(t76,(t14,(t84,(t94,(t38,(t25,(t98,(t46,(t29,(t48,(t44,(t23,(t21,(t85,(t2,((t78,(t36,(t32,(t99,(t16,(t58,(t3,(t52,(t10,(t63,(t11,(t73,((((t20,(t91,(t72,(t40,t71,t51)))),t47),(t100,t24,t8)),(t34,(t1,(t50,(t60,(t62,(t5,(t97,(t27,(t79,((((t41,t37),(t30,t88),t33),(t19,t35,t26)),t66))))))))))))))))))))))),(t67,((t87,(t31,(((t49,(t59,(t86,t74))),t53),(t45,t15)))),((t54,((((t57,t81),t90),t17),(t28,t82))),(t6,t13)))))))))))))))))))))))))))))))))))))))))))))),root);
data/SuperTripletsBenchmark/model-trees/model-5.nwk.model_tree	data/SuperTripletsBenchmark/source-trees/d75/k30/data-d75-k30-5_phybp-s0r.nwk.source_trees	8.478078126907349	7.88	196	4416	0.010101010101010102	196	4416	0.010101010101010102	((t76,(t12,(t52,(t9,(t47,(t54,(t98,(t56,(t25,(t75,(t6,(t70,(t99,(t90,(t86,(t84,(t92,(t24,(t60,(t31,(t21,(t64,(t34,(t33,(t97,(t20,(t27,(t65,(t58,(t77,(t7,(t43,(t3,(t71,(t2,(t35,(t17,(t36,(t55,(t44,(t37,(t45,(t11,(t88,(t59,(t30,(t96,(t26,(t46,(t15,(t29,(t51,(t19,(t57,(t14,(t94,(t63,(t28,(t39,(t16,((t61,(t42,(t73,(t32,(t78,(t38,(t100,(t93,(t74,(t79,(t23,(t53,(t68,(t62,(t89,(t8,(t5,(t48,(t13,(t81,(t22,(t18,(t4,(t49,(t66,(t87,(((t82,((t40,(((t41,t69),(t91,((t83,t50),t1))),t72)),t80)),t85),(t10,t95)))))))))))))))))))))))))))),t67))))))))))))))))))))))))))))))))))))))))))))))))))))))))))))),root);
data/SuperTripletsBenchmark/model-trees/model-6.nwk.model_tree	data/SuperTripletsBenchmark/source-trees/d75/k30/data-d75-k30-6_phybp-s0r.nwk.source_trees	8.066659212112427	7.46	186	4407	0.06060606060606061	186	4407	0.06060606060606061	(root,(t8,(t96,(t33,(t84,(t79,(t70,(t7,(t37,(t47,(t90,(t66,(t45,(t62,(t67,(t55,(t69,(t24,(t63,(t1,(t100,(t91,(t61,(t64,(t98,(t80,(t29,(t83,(t89,(t35,(t93,(t92,(t85,(t23,(t73,(t99,(t53,(t95,(t59,(t51,(t28,(t34,(t13,(t22,(t12,(t43,(t42,(t57,(t30,(t27,(t77,(t97,(t88,(t44,(t4,(t17,(t40,(t15,(t21,(t31,(t18,(t46,(t54,(t36,(t32,(t86,(t65,(t19,(t39,(t68,(t52,(t20,(t72,((t81,(t58,(t87,(t5,(t76,(t49,(t16,(t78,(t50,(t71,(t38,(t82,(t14,(t60,(t41,(t25,((((t2,t6),t10),((((t9,t74),t94),t48),(t26,t56))),(t75,t11)))))))))))))))))),t3))))))))))))))))))))))))))))))))))))))))))))))))))))))))))))))))))))))))));
data/SuperTripletsBenchmark/model-trees/model-7.nwk.model_tree	data/SuperTripletsBenchmark/source-trees/d75/k30/data-d75-k30-7_phybp-s0r.nwk.source_trees	8.125568628311157	7.44	162	4052	0.18181818181818182	162	4052	0.18181818181818182	((t55,(t60,(t29,(t6,(t45,(t31,(t16,(t3,(t18,(t84,(t65,(t75,(t30,(t52,(t62,(t66,(t89,(t44,(t58,(t46,(t78,(t41,(t28,(t68,(t35,(t93,(t71,(t69,(t12,(t11,(t87,(t81,(t72,(t74,(t26,(t24,(t64,(t40,(t90,(t9,(t61,(t70,(t10,(t98,(t36,(t1,((t22,(t88,(t57,(t56,(t20,(t92,(t97,(t2,(t94,(t23,(t17,(t53,(t49,(t7,(t82,(t4,(t15,(t8,(t50,(t42,(t34,(t32,(((t43,((((t54,t48),t33),(t13,t86)),(t59,t67))),t25),(t100,(t79,(t95,(t39,((((t85,t73),(t21,t19)),t76),(t83,(t99,(((((t27,t47),t5),t37),(t38,(((t63,t14),t77),(t96,t91)))),t80))))))))))))))))))))))))))))))),t51))))))))))))))))))))))))))))))))))))))))))))))),root);
data/SuperTripletsBenchmark/model-trees/model-8.nwk.model_tree	data/SuperTripletsBenchmark/source-trees/d75/k30/data-d75-k30-8_phybp-s0r.nwk.source_trees	8.185402393341064	7.57	154	3835	0.21428571428571427	152	3841	0.23232323232323232	((t81,(t32,(t18,(t28,(t82,(t41,(t69,(t15,(t21,(t59,(t3,(t22,(t24,(t83,(t74,(t76,(t50,(t38,(t51,(t87,(t70,(t45,(t78,(t5,(t65,(t9,(t30,(t97,(t88,(t17,(t75,(t100,(t12,(t11,(t42,(t7,(t55,(t53,(t56,(t40,(t54,(t4,(t95,(t2,(t86,(t43,(t36,(t67,(t72,(t26,((t96,(t92,(t13,(t1,(t89,(t49,(t19,(t62,(t6,(t34,(t25,(t8,(t99,(t58,(t71,(t52,(t39,(((((t60,(t98,t77)),(t80,t14,t94)),t91),((t23,t44),t33)),((t47,(t68,t16,((t63,t57),t48))),((t64,(t35,((t46,((t31,(t73,((t29,(t20,t61)),t79))),(t84,t85))),(((t27,t93),t90),t10)))),t37)))))))))))))))))))),t66))))))))))))))))))))))))))))))))))))))))))))))))))),root);
data/SuperTripletsBenchmark/model-trees/model-9.nwk.model_tree	data/SuperTripletsBenchmark/source-trees/d75/k30/data-d75-k30-9_phybp-s0r.nwk.source_trees	8.413546323776245	7.680000000000001	165	3784	0.16243654822335024	166	3787	0.16161616161616163	((t59,(t88,(t18,(t2,(t82,(t25,(t52,(t19,(t28,(t55,(t79,(t29,(t53,(t61,(t15,(t1,(t23,(t67,(t36,(t44,(t57,(t87,(t78,(t69,(t47,(t65,(t12,(t50,(t34,(t9,(t73,(t11,(t77,(t31,(t5,(t51,(t48,(t8,(t71,(t91,(t37,(t54,(t30,(t39,(t60,(t35,(t76,(t40,(t43,(t74,(t32,(t80,(t64,(t27,(t21,(t97,(t4,(t17,(t24,(t58,(((((t14,(t56,t90)),t46),((t86,((t96,t94),(t84,t38))),t70)),t83),(t3,(t13,(t26,(t98,(t22,(t10,(t81,(t42,(((((t100,(t6,t16)),((t89,t68),t63)),(t66,t45)),(t49,t93)),(((((t7,t41),t95),(t92,t99),t33),(t20,t72)),(t62,(t85,t75))))))))))))))))))))))))))))))))))))))))))))))))))))))))))))))))))))))))),root);
data/SuperTripletsBenchmark/model-trees/model-10.nwk.model_tree	data/SuperTripletsBenchmark/source-trees/d75/k30/data-d75-k30-10_phybp-s0r.nwk.source_trees	8.607495546340942	7.94	190	4376	0.04040404040404041	190	4376	0.04040404040404041	((t37,(t52,(t58,(t40,(t32,(t10,(t99,(t42,(t51,(t64,(t98,(t7,(t13,(t45,(t54,(t100,(t53,(t25,((t96,(t62,(t46,(t63,(t94,(t86,(t48,(t1,(t68,(t8,(t3,(t97,(t33,((t70,(t15,(t20,(t90,(t74,(t84,(t85,(t76,(t14,(t72,(t91,(t88,(t26,(t38,(t50,(t6,(t22,(t43,(t69,(t12,(t66,(t19,(t77,(t73,(t28,(t78,(t82,(t21,(t56,(t49,(t24,(t60,(t59,(t16,(t17,(t9,(t47,(t83,(t75,(t87,(t71,(t93,(t31,(t57,(t23,(t36,(t44,(t18,(t11,(t2,(t81,(t4,(t61,(t55,(t95,((t27,(t79,(t80,(((t30,(((t35,t39),t65),t89)),t5),(t29,t92))))),t41)))))))))))))))))))))))))))))))))))))))))))))))))))))))),t67)))))))))))))),t34))))))))))))))))))),root);
data/SuperTripletsBenchmark/model-trees/model-11.nwk.model_tree	data/SuperTripletsBenchmark/source-trees/d75/k30/data-d75-k30-11_phybp-s0r.nwk.source_trees	8.523385524749756	7.92	175	4221	0.1116751269035533	176	4223	0.1111111111111111	((t92,(t98,(t58,(t75,(t26,(t9,(t94,((t91,(t14,(t36,(t86,(t6,(t63,(t37,(t21,(t76,(t51,(t81,(t71,(t69,(t78,(t7,(t43,(t40,(t83,(t90,(t35,(t67,(t25,(t73,(t74,(t29,(t22,(t53,(t55,(t54,(t95,(t65,(t47,(t20,(t42,(t93,(t80,(t84,(t17,(t56,(t87,(t88,(t41,(t11,(t44,(t77,(t10,(t70,(t4,(t59,(t61,(t16,(t31,(t15,(t68,(t60,(t12,(t34,(t50,(t24,(t99,(t27,((t38,(t1,(t8,(t18,(t28,(t72,(t100,(t45,(t57,(t32,(t62,(t2,(t79,(t13,(t85,(((t52,((((t39,t48),(t3,t49)),(t66,t82)),t23)),t97),((t89,(t46,t5,t64)),(t30,t19)))))))))))))))))),t33)))))))))))))))))))))))))))))))))))))))))))))))))))))))))))))),t96)))))))),root);
data/SuperTripletsBenchmark/model-trees/model-12.nwk.model_tree	data/SuperTripletsBenchmark/source-trees/d75/k30/data-d75-k30-12_phybp-s0r.nwk.source_trees	8.310551881790161	7.720000000000001	172	3982	0.13131313131313133	172	3982	0.13131313131313133	((t45,(t64,(t98,(t17,(t57,(t69,(t76,(t19,(t87,(t48,(t60,(t99,(t42,(t71,(t53,(t39,(t38,(t70,(t81,(t9,(t6,(t29,(t37,(t59,(t68,(t90,(t62,(t30,(t94,(t14,(t10,(t7,(t85,(t58,(t55,(t25,(t93,(t22,(t33,(t32,(t51,(t78,(t77,(t47,(t66,(t40,(t96,(t74,(t95,(t27,(t97,(t84,(t92,(t3,(t67,(t13,((t20,(t11,(t80,((t8,(t24,(t91,(((t61,(((t75,t89),(t35,t31)),(t36,t21))),t83),t26)))),(t1,((t52,((t88,(t65,(t41,(t73,(t18,(t5,(((t15,((((t12,t4),(t72,t34)),(t63,t79)),(((t2,t50),((t46,(t56,t54)),(t23,(t28,t100)))),t43))),t16),t49))))))),t44)),t82)))))),t86))))))))))))))))))))))))))))))))))))))))))))))))))))))))),root);
data/SuperTripletsBenchmark/model-trees/model-13.nwk.model_tree	data/SuperTripletsBenchmark/source-trees/d75/k30/data-d75-k30-13_phybp-s0r.nwk.source_trees	8.688246250152588	8.06	180	4301	0.09090909090909091	180	4301	0.09090909090909091	((t7,(t4,(t44,(t15,(t59,(t22,(t96,(t99,(t25,(t52,(t61,(t83,(t48,(t50,(t40,(t95,(t13,(t8,(t10,(t16,(t64,(t46,(t58,(t80,(t55,(t49,(t19,(t74,(t88,(t57,(t65,(t86,(t43,(t9,(t28,((t82,(t27,(t34,(t3,(t54,(t63,(t51,(t93,(t81,(t41,(t75,(t45,(t97,(t2,(t21,(t60,(t12,(t76,(t17,(t69,(t23,(t85,(t11,(t5,(t73,(t33,(t31,(t72,(t71,(t30,(t53,(t84,(t6,(t36,(t1,(t39,(t32,(t92,(t56,(t90,(t20,(t89,(t14,(t62,(t91,(t70,(t94,(t29,(t98,(t100,(t68,(((t77,t42),t78),((t47,((t66,((((t67,t18),t87),t24),t26)),t35)),(t79,t38)))))))))))))))))))))))))))))))))))))))))))))))))))))),t37)))))))))))))))))))))))))))))))))))),root);
data/SuperTripletsBenchmark/model-trees/model-14.nwk.model_tree	data/SuperTripletsBenchmark/source-trees/d75/k30/data-d75-k30-14_phybp-s0r.nwk.source_trees	8.731577396392822	8.13	188	4193	0.050505050505050504	188	4193	0.050505050505050504	((t50,(t42,(t98,(t71,(t57,(t1,(t27,(t53,(t41,(t4,(t95,(t90,(t92,(t78,(t55,(t22,(t84,(t82,(t62,(t37,(t5,(t83,(t45,(t14,(t80,(t89,(t39,(t10,((t32,(t46,(t2,(t88,(t11,(t20,(t3,(t64,(t34,(t26,(t15,(t93,(t86,(t33,(t54,((t18,(t79,(t17,(t61,(t31,(t60,(t13,(t94,(t67,(t56,(t73,(t63,(t72,(t81,(t38,(t100,(t25,(t99,(t69,(t6,(t68,(t21,(t87,(t65,(t47,(t91,((t35,(t36,(t30,(t58,((t48,(t9,(t75,(t43,(t74,(t59,(t70,(t29,(t23,(t12,(t28,(t52,((((t77,t51),(t76,t49)),(((t19,(t7,(t97,t8))),t96),t24)),t16))))))))))))),t85))))),t66))))))))))))))))))))))))))),t44)))))))))))))))),t40))))))))))))))))))))))))))))),root);
data/SuperTripletsBenchmark/model-trees/model-15.nwk.model_tree	data/SuperTripletsBenchmark/source-trees/d75/k30/data-d75-k30-15_phybp-s0r.nwk.source_trees	7.3831562995910645	6.82	181	4087	0.08121827411167512	182	4090	0.08080808080808081	((t29,(t25,(t90,(t35,(t93,(t37,(t14,(t78,(t20,(t34,(t9,(t71,(t92,(t1,(t41,(t59,(t18,(t12,(t44,(t94,(t32,(t84,(t36,(t60,(t17,(t19,(t86,(t23,(t33,(t27,(t65,(t28,(t7,(t62,(t95,(t85,(t54,(t82,(t5,(t87,(t48,(t30,(t77,(t47,(t56,(t68,((t75,((t21,(t63,t22)),t72)),((t80,(t81,(t53,(t69,(t3,(t76,(t99,(t70,(t10,(t74,(t2,(t55,(t57,(t97,(t31,(t15,(t79,(t64,((t38,(t4,(t83,(t100,(t58,(t88,((t26,((t96,t50),t52)),((t66,(t91,(t89,(t73,(((t39,t61),(t43,t16),t45),(((t40,t8),t13),(t6,t46))))))),(((t67,t98),t51),(t49,t24)))))))))),t42))))))))))))))))))),t11)))))))))))))))))))))))))))))))))))))))))))))))),root);
data/SuperTripletsBenchmark/model-trees/model-16.nwk.model_tree	data/SuperTripletsBenchmark/source-trees/d75/k30/data-d75-k30-16_phybp-s0r.nwk.source_trees	8.719482183456421	8.049999999999999	180	4197	0.08163265306122448	180	4201	0.09090909090909091	((t47,(t40,(t8,(t51,(t63,(t72,(t19,(t48,(t61,(t89,(t54,(t97,(t5,(t9,(t91,(t79,(t80,(t10,(t6,(t24,(t82,(t39,(t85,(t58,(t86,(t98,(t81,(t43,(t16,(t42,(t92,(t87,(t49,(t99,(t83,(t21,(t22,(t1,(t56,(t66,(t46,(t37,(t62,(t53,(t26,(t59,(t57,(t27,(t20,(t70,(t34,(t33,(t68,(t94,(t7,(t23,(t69,(t32,(t88,(t36,(t76,(t52,(t15,((t4,(t28,(t84,((t14,(t25,(t65,(t35,(t60,(t77,(t96,(t12,(t95,(t45,(t100,(((t31,t30,t18),(t17,t75)),(t2,(t78,(t93,(((t3,((t50,t74,t41),(((((t64,t73),t13),t71),(t67,t90)),t55))),t11),t38)))))))))))))))),t29)))),t44)))))))))))))))))))))))))))))))))))))))))))))))))))))))))))))))),root);
data/SuperTripletsBenchmark/model-trees/model-17.nwk.model_tree	data/SuperTripletsBenchmark/source-trees/d75/k30/data-d75-k30-17_phybp-s0r.nwk.source_trees	8.363495588302612	7.74	179	4328	0.09137055837563451	180	4330	0.09090909090909091	((t87,(t79,(t15,(t36,((t14,(t28,(t54,(t70,(t56,(t66,(t21,(t60,(t76,(t33,(t71,(t4,(t73,(t42,(t39,(t89,(t19,(t18,(t98,(t52,(t95,(t57,((t83,(t16,(t8,(t96,(t12,(t34,(t97,(t27,(t51,(t45,(t7,(t77,(t35,(t43,(t17,(t9,(t99,(t26,(t38,(t20,(t6,(t49,(t80,(t31,(t22,(t64,(t13,(t55,(t72,((t48,(t90,(t50,(t32,(t46,(t1,((t63,(t69,(t88,(t41,(t78,(t65,(t40,(t91,(t84,(t23,(t93,(t59,(t67,(t75,(t68,(t74,(t25,(t61,(t86,(t37,((((t58,((t44,(t94,(t85,(t47,((t30,t11,t100),t29))))),t2)),t92),(t10,(t5,t3))),t81))))))))))))))))))))),t82))))))),t53)))))))))))))))))))))))))))))),t24))))))))))))))))))))))),t62))))),root);
data/SuperTripletsBenchmark/model-trees/model-18.nwk.model_tree	data/SuperTripletsBenchmark/source-trees/d75/k30/data-d75-k30-18_phybp-s0r.nwk.source_trees	8.502124071121216	7.890000000000001	174	4238	0.11224489795918367	176	4243	0.1111111111111111	((t33,(t12,(t62,(t100,(t44,(t68,(t86,(t39,(t13,(t87,(t83,(t78,(t67,(t10,(t42,(t41,(t64,(t85,(t29,(t11,(t52,(t37,(t59,(t46,(t18,(t84,(t5,(t75,(t99,(t25,(t77,(t3,(t58,(t15,(t23,(t55,(t80,(t22,(t35,(t45,(t50,(t14,(t51,(t31,(t43,(t1,(t90,(t74,(t34,(t2,(t20,(t70,(t49,(t27,(t26,(t72,(t93,(t7,(t65,(t60,(t97,(t92,(t94,((t28,(t54,((t61,(t4,(t82,(t88,(t79,(t66,(t17,(t6,(t96,(t16,(t21,(t47,((t95,((t19,t56),t98)),(t57,(t71,(t38,(((((t48,t9),t89),(t32,(t69,t73),t63)),(t8,t91)),(((t30,t53),t36),t81,t76)))))))))))))))))),t40))),t24)))))))))))))))))))))))))))))))))))))))))))))))))))))))))))))))),root);
data/SuperTripletsBenchmark/model-trees/model-19.nwk.model_tree	data/SuperTripletsBenchmark/source-trees/d75/k30/data-d75-k30-19_phybp-s0r.nwk.source_trees	8.593106269836426	7.96	178	4340	0.10101010101010101	178	4340	0.10101010101010101	((t95,(t56,(t53,(t65,((t39,(t64,(t15,(t84,(t100,(t87,(t5,(t73,(t9,(t33,(t63,(t48,(t70,(t11,(t32,(t46,(t72,(t54,(t27,(t74,(t97,(t58,(t23,(t88,(t34,(t91,(t22,(t3,(t29,(t49,(t18,(t37,(t45,(t31,(t60,(t62,(t51,(t50,(t83,(t96,(t89,(t7,(t26,(t90,(t12,(t77,(t47,(t81,(t92,(t59,(t52,(t28,(t93,(t67,(t4,(t69,(t44,(t66,(t40,(t10,(t8,(t55,(t57,((t43,(t36,(t71,(t2,(t68,(t98,(t42,(t13,(t17,(t1,(t6,(t75,(t85,(t16,(t24,((t76,((t25,(t21,((((t94,(t82,t99)),(t78,(t79,(t35,t30)))),(t19,t20)),t86))),(t38,t61))),t41)))))))))))))))),t80)))))))))))))))))))))))))))))))))))))))))))))))))))))))))))))))),t14))))),root);
data/SuperTripletsBenchmark/model-trees/model-20.nwk.model_tree	data/SuperTripletsBenchmark/source-trees/d75/k30/data-d75-k30-20_phybp-s0r.nwk.source_trees	8.237468957901001	7.65	171	4156	0.1319796954314721	172	4158	0.13131313131313133	((t32,(t25,(t35,(t80,(t95,(t22,(t100,(t49,(t90,(t56,(t30,(t76,(t93,(t4,(t62,(t71,(t36,(t81,(t42,(t3,(t54,(t86,(t60,(t41,(t69,(t70,(t52,(t13,(t50,(t87,(t46,(t20,(t88,(t66,(t7,(t59,(t65,(t73,(t17,(t94,(t12,(t2,(t31,(t28,(t57,((t39,(t58,(t43,(t47,(t10,(t26,(t55,(t21,(t68,(t19,(t75,(t9,(t15,(t40,(t27,(t64,(t85,(t53,(t98,(t78,(t77,(t92,(t82,(t99,(t1,((t61,(t72,(t33,(t89,(t16,((t34,(t96,(((t84,t6),t67),t63))),t51)))))),((t8,t48),(t44,((t11,(t97,t18,t38)),((((t74,t5),t14),((t29,t83),((t37,t91),t79))),(t45,t24))))))))))))))))))))))))))))))),t23)))))))))))))))))))))))))))))))))))))))))))))),root);
data/SuperTripletsBenchmark/model-trees/model-21.nwk.model_tree	data/SuperTripletsBenchmark/source-trees/d75/k30/data-d75-k30-21_phybp-s0r.nwk.source_trees	8.26937222480774	7.680000000000001	173	4013	0.11282051282051282	176	4020	0.1111111111111111	((t54,(t79,(t17,(t85,(t58,(t26,(t38,(t83,(t49,(t90,(t51,(t95,(t64,(t12,(t68,(t32,(t14,(t71,(t9,(t75,(t18,(t40,(t45,(t92,(t98,(t29,(t59,(t86,(t33,(t62,(t66,(t100,(t41,(t16,(t52,(t35,(t20,(t73,(t36,(t42,(t5,(t81,(t77,((t19,(t11,(t55,(t89,(t60,(t78,(t82,(t6,(t94,(t1,(t97,(t28,(t57,(t72,(t21,(t96,(t74,(t61,(t48,((t47,(t7,(t76,((t50,t37,(t46,t23)),((t67,(t84,((((((t87,t69),t70),(((t30,t80),t8),(t13,t43))),t27),t10),t39))),t34))))),(((t24,t22),t44),(t31,(t25,(t88,(t91,((((t99,t15),t65,t63),(t3,t56,t4)),(t2,t53))))))))))))))))))))))))))),t93)))))))))))))))))))))))))))))))))))))))))))),root);
data/SuperTripletsBenchmark/model-trees/model-22.nwk.model_tree	data/SuperTripletsBenchmark/source-trees/d75/k30/data-d75-k30-22_phybp-s0r.nwk.source_trees	8.144899368286133	7.53	164	4016	0.1717171717171717	164	4016	0.1717171717171717	((t66,(t1,(t82,(t72,(t99,(t67,(t19,(t65,(t88,(t2,(t4,(t42,(t71,(t84,(t26,(t22,(t20,(t94,(t15,(t36,((t95,(t89,(t41,(t97,(t14,(t76,(t81,(t32,(t100,(t39,(t16,(t60,(t7,(t86,(t93,(t24,(t40,(t31,(t80,(t75,(t69,(t18,(t50,(t53,(t90,(t54,(t63,(t79,(t62,(t12,(t96,(t87,(t30,(t64,(t44,(t78,(t56,(t85,((t23,(t46,(t49,(t11,(t57,(t59,(t98,(t77,(t5,(t55,(t51,(t8,(t43,(t35,(t10,(t70,(t91,(t28,((((t61,t92),(t68,t25)),((t37,t74),(t9,t29))),((((t47,t6),t38),t45),(t48,((t73,t52),(t17,t3))))))))))))))))))))))),(((t13,t33),((t83,t34),t27)),t58)))))))))))))))))))))))))))))))))))))))),t21))))))))))))))))))))),root);
data/SuperTripletsBenchmark/model-trees/model-23.nwk.model_tree	data/SuperTripletsBenchmark/source-trees/d75/k30/data-d75-k30-23_phybp-s0r.nwk.source_trees	8.781970024108887	8.12	191	4307	0.030456852791878174	192	4309	0.030303030303030304	((t14,(t16,(t71,(t15,(t42,(t43,(t73,(t45,(t46,(t87,(t56,(t97,(t29,(t74,(t24,(t4,(t63,(t88,(t67,(t72,(t25,(t57,(t75,(t66,(t40,(t1,(t59,(t89,(t7,(t82,(t51,(t83,(t55,(t32,(t50,(t100,(t70,(t94,(t19,(t47,(t36,(t17,(t44,(t60,(t31,(t53,(t23,(t99,(t84,(t65,(t52,(t62,(t61,(t81,(t39,(t76,(t64,(t33,(t11,(t9,(t34,(t92,(t96,(t35,(t49,(t28,(t30,(t18,(t12,(t77,(t68,(t80,(t8,(t48,(t69,(t20,(t54,(t6,(t2,(t10,((t26,(t95,(t79,((t90,(t38,(t37,(t78,(t58,(t41,(t13,((((t98,(t22,t5,t3)),t85),t93),t21)))))))),(t91,t86))))),t27))))))))))))))))))))))))))))))))))))))))))))))))))))))))))))))))))))))))))))))))),root);
data/SuperTripletsBenchmark/model-trees/model-24.nwk.model_tree	data/SuperTripletsBenchmark/source-trees/d75/k30/data-d75-k30-24_phybp-s0r.nwk.source_trees	7.7353315353393555	7.140000000000001	189	4325	0.04060913705583756	190	4327	0.04040404040404041	((t61,(t8,(t6,(t62,(t99,(t71,(t72,(t4,((t37,(t9,(t50,(t89,(t68,(t79,(t38,(t58,(t84,(t15,(t44,(t18,(t85,(t3,(t29,(t76,(t75,(t92,(t65,(t49,(t67,(t70,(t59,(t26,(t97,(t23,(t1,((t14,(t77,(t88,(t41,(t11,(t52,(t80,(t12,(t45,(t96,(t74,(t24,(t64,(t36,(t7,(t98,(t83,(t82,(t100,(t42,(t2,(t35,(t54,((t78,(t51,(t32,(t90,(t22,(t16,(t17,(t95,(t63,(t19,(t39,(t33,(t27,(t91,(t66,(t81,(t40,((t30,((t43,(t34,(t31,(t73,(((t60,t86),t25,t87),(((t94,t57),((t28,t13),t48)),(t21,t53))))))),((t47,((t93,t5),t46)),t10))),t69)))))))))))))))))),t20)))))))))))))))))))))))),t55)))))))))))))))))))))))))))),t56))))))))),root);
data/SuperTripletsBenchmark/model-trees/model-25.nwk.model_tree	data/SuperTripletsBenchmark/source-trees/d75/k30/data-d75-k30-25_phybp-s0r.nwk.source_trees	8.324018001556396	7.720000000000001	192	4296	0.02040816326530612	194	4300	0.020202020202020204	((t25,(t77,(t49,(t94,(t4,(t17,(t75,(t42,(t60,(t78,(t6,(t57,(t26,(t89,(t7,(t34,(t100,(t9,(t31,(t16,(t14,(t8,(t82,(t36,(t15,(t81,(t54,(t86,(t27,(t20,(t1,(t92,(t21,(t43,(t93,(t55,(t61,(t50,(t12,(t66,(t44,(t33,(t68,(t83,(t88,(t29,(t13,(t79,(t85,(t11,(t72,(t97,(t32,(t39,(t24,(t73,(t98,(t90,(t84,(t96,(t70,(t48,(t35,(t71,(t18,(t30,(t87,(t80,(t63,(t38,(t47,(t64,(t74,(t19,(t3,(t41,(t37,(t62,((t23,(((t45,(t58,(((t99,t59,t53),((t95,t51),t67)),(((t10,t65,t91),t56),t76)))),(t28,((t22,t69),t2))),(t52,(t40,t46)))),t5))))))))))))))))))))))))))))))))))))))))))))))))))))))))))))))))))))))))))))))),root);
data/SuperTripletsBenchmark/model-trees/model-26.nwk.model_tree	data/SuperTripletsBenchmark/source-trees/d75/k30/data-d75-k30-26_phybp-s0r.nwk.source_trees	8.965782165527344	8.22	185	4182	0.06091370558375635	184	4184	0.0707070707070707	((t68,(t30,(t48,(t9,(t53,(t28,(t14,(t3,(t86,(t1,(t15,(t60,(t45,(t13,(t88,(t22,(t94,(t37,(t91,(t89,(t42,(t19,(t44,(t82,(t41,(t65,(t80,(t75,(t4,(t12,(t36,(t51,(t39,(t31,(t20,(t70,(t17,(t61,(t49,(t84,(t47,(t33,(t99,(t34,(t46,(t8,(t97,(t29,(t96,(t55,(t38,(t66,(t57,(t54,(t67,(t63,(t35,(t10,(t85,(t90,(t43,(t25,(t7,(t74,(t18,(t87,(t21,(t58,(t16,(t6,(t5,(t98,(t76,(t24,(t92,(((t40,(t95,(t100,((t59,t32),t56)))),(t23,(t69,((((t27,t72,t79),(t83,t64)),t77),((t71,t73),(t52,t26)))))),(((t11,(t93,t62)),((t78,t50),t2)),t81))))))))))))))))))))))))))))))))))))))))))))))))))))))))))))))))))))))))))))),root);
data/SuperTripletsBenchmark/model-trees/model-27.nwk.model_tree	data/SuperTripletsBenchmark/source-trees/d75/k30/data-d75-k30-27_phybp-s0r.nwk.source_trees	8.44068956375122	7.84	183	4239	0.07106598984771574	183	4239	0.07106598984771574	((t40,(t49,(t68,(t44,(t71,(t73,(t77,(t55,(t62,(t87,(t4,(t57,(t51,(t52,(t3,(t47,(t56,(t50,(t5,(t38,(t86,(t78,(t32,(t17,(t46,(t26,(t97,(t34,(t59,(t36,(t65,(t83,(t58,(t35,(t63,(t79,(t24,(t76,(t14,(t39,(t37,(t31,(t74,(t93,(t61,(t12,(t64,(t43,(t23,(t67,(t6,(t42,(t95,(t1,(t28,(t10,(t89,(t98,(t88,(t90,(t60,(t80,((t11,(t16,(t85,(t41,(t19,(t18,(t7,(t99,(t91,(t82,(t29,(t25,(t70,(t75,(t48,(t66,(t15,(t33,(t9,(t45,(t13,(t22,((((t92,t21),(t53,(t96,t100))),(t94,(((t2,t81),t72),t20))),(((t54,t27),t8),t69)))))))))))))))))))))))),t30))))))))))))))))))))))))))))))))))))))))))))))))))))))))))))))),root);
data/SuperTripletsBenchmark/model-trees/model-28.nwk.model_tree	data/SuperTripletsBenchmark/source-trees/d75/k30/data-d75-k30-28_phybp-s0r.nwk.source_trees	7.991527557373047	7.3500000000000005	191	4356	0.030456852791878174	192	4358	0.030303030303030304	((t45,(t53,(t77,(t33,(t97,(t2,(t82,(t38,(t31,(t9,(t12,(t48,(t3,(t34,(t18,(t7,(t89,(t43,(t24,(t62,(t11,(t68,(t72,(t32,(t70,(t88,(t6,(t26,(t22,(t75,(t87,(t81,(t41,(t78,(t55,(t65,(t13,(t10,(t69,(t73,(t98,(t64,(t99,(t37,(t92,(t60,(t96,(t35,(t79,(t46,(t4,(t90,(t83,(t19,(t47,(t36,(t44,(t80,(t30,(t50,(t42,(t100,(t39,(t76,(t95,(t61,(t49,(t28,(t93,(t5,(t63,(t56,(t86,(t51,(t52,(t27,(t91,(t16,(t94,(t25,(t71,(t20,(t85,(t14,(((t67,((t21,(t1,((t29,t54),(t15,t59)))),((t57,t74),((t66,t84),t58,t8)))),(t17,t23)),t40))))))))))))))))))))))))))))))))))))))))))))))))))))))))))))))))))))))))))))))))))))),root);
data/SuperTripletsBenchmark/model-trees/model-29.nwk.model_tree	data/SuperTripletsBenchmark/source-trees/d75/k30/data-d75-k30-29_phybp-s0r.nwk.source_trees	8.548370361328125	7.93	194	4417	0.020202020202020204	194	4417	0.020202020202020204	((t8,(t15,(t75,(t84,(t16,(t2,(t98,(t23,(t33,(t53,(t50,(t85,(t28,(t81,(t51,(t92,(t67,(t77,(t70,(t26,((t72,(t62,(t68,(t38,(t86,(t36,(t66,(t88,(t31,(t1,(t91,(t30,(t9,(t39,(t82,(t19,(t27,(t7,(t10,(t34,(t56,(t59,(t83,(t46,(t41,(t13,(t74,(t11,(t43,(t48,(t76,(t78,(t40,(t69,(t79,(t94,(t64,(t60,(t22,(t90,(t37,(t35,(t49,(t65,(t54,(t3,((t57,(t47,(t25,(t71,(t93,(t24,(t55,(t6,(t97,(t58,(t42,(t52,(t5,(t73,(t29,(t95,(t99,(t89,(t4,(t100,(t87,(t17,(t61,(t63,((t96,(t44,((t18,t21),((t32,t80),t20)))),t14))))))))))))))))))))))))),t45))))))))))))))))))))))))))))))))))))))))))))))),t12))))))))))))))))))))),root);
data/SuperTripletsBenchmark/model-trees/model-30.nwk.model_tree	data/SuperTripletsBenchmark/source-trees/d75/k30/data-d75-k30-30_phybp-s0r.nwk.source_trees	8.79367208480835	8.11	170	4197	0.1326530612244898	172	4201	0.13131313131313133	((t1,(t53,(t90,(t88,(t27,(t31,(t9,(t38,(t98,(t67,(t91,(t46,(t89,(t70,(t75,(t59,(t13,(t100,(t12,(t74,(t62,(t21,(t17,(t19,(t14,(t50,(t56,(t84,(t93,(t69,(t30,(t61,(t85,(t96,(t37,(t76,(t87,(t42,(t18,(t32,(t25,(t29,(t58,(t45,(t10,(t3,(t5,(t48,(t20,(t71,(t51,(t16,(t60,(t83,(t40,(t73,(t94,(t24,(t99,(t57,(t52,(t47,(t65,(t26,(t55,(t63,(t80,(t43,(t54,((t41,(t68,(t64,(t44,(t97,(((t33,t2),((t77,t35),t4)),((t92,(t6,(t34,(t15,(((t39,t28),t78),(((((t95,t36),t72),t79,t23),((t86,t22),t11)),(t82,t49))))))),(t66,t81,t8)))))))),t7)))))))))))))))))))))))))))))))))))))))))))))))))))))))))))))))))))))),root);
data/SuperTripletsBenchmark/model-trees/model-31.nwk.model_tree	data/SuperTripletsBenchmark/source-trees/d75/k30/data-d75-k30-31_phybp-s0r.nwk.source_trees	8.373509883880615	7.779999999999999	172	4288	0.13131313131313133	172	4288	0.13131313131313133	((t28,(t41,(t99,(t18,(t66,(t36,(t7,(t94,(t60,(t29,(t46,(t19,(t87,(t48,(t90,(t92,(t56,(t24,(t32,(t68,(t53,(t21,(t51,(t97,(t82,(t26,(t76,(t93,(t42,(t25,(t43,(t72,(t12,(t4,(t57,(t23,(t15,(t13,(t59,(t37,(t34,(t33,(t40,(t17,(t31,(t20,((t89,(t69,(t38,(t63,(t22,(t47,(t95,((t100,(t9,(t85,(t39,(t74,(t64,(t77,(t5,(t16,(t75,(t71,(t45,(t65,(t27,(t80,(t84,(t79,(t81,(t62,(t50,(t88,(t58,((t35,t11),((t30,(((((t78,t73),t55),(t44,t8)),((t2,(t52,((t86,(t3,(t54,t49))),t6))),t67)),t1)),((((t10,t70),t83),(t96,t14)),t91))))))))))))))))))))))))),t98)))))))),t61))))))))))))))))))))))))))))))))))))))))))))))),root);
data/SuperTripletsBenchmark/model-trees/model-32.nwk.model_tree	data/SuperTripletsBenchmark/source-trees/d75/k30/data-d75-k30-32_phybp-s0r.nwk.source_trees	8.499245166778564	7.92	178	4203	0.09183673469387756	178	4207	0.10101010101010101	((t99,(t44,(t12,(t76,(t46,(t19,(t78,(t80,(t47,(t94,(t45,(t26,(t9,(t91,(t15,(t43,(t88,(t13,(t63,(t3,(t72,(t62,(t16,(t75,(t11,(t68,(t40,(t87,(t56,(t14,(t96,(t57,(t8,(t1,(t54,(t79,(t37,(t39,(t53,(t28,(t100,(t61,(t25,(t52,(t59,(t21,(t65,(t93,(t33,(t4,(t48,(t66,(t81,(t73,(t51,(t29,(t27,(t97,(t23,(t70,(t32,(t49,(t83,(t58,(t42,(t69,(t38,(t85,(t24,((t82,(t92,(t5,(t55,(t30,(t86,(t31,(t89,(t10,(t17,(t22,(t36,(t34,(t2,(t60,(((t6,t7),(t74,t64)),(((((t67,t71,t77),(t95,t84,t41)),t90),(t20,t50)),(t98,t35)))))))))))))))))),t18)))))))))))))))))))))))))))))))))))))))))))))))))))))))))))))))))))))),root);
data/SuperTripletsBenchmark/model-trees/model-33.nwk.model_tree	data/SuperTripletsBenchmark/source-trees/d75/k30/data-d75-k30-33_phybp-s0r.nwk.source_trees	8.736641645431519	8.040000000000001	177	4236	0.10152284263959391	178	4239	0.10101010101010101	((t75,(t67,(t83,(t23,(t29,(t9,(t99,(t32,(t26,(t46,(t92,(t52,(t49,(t56,(t77,(t60,(t19,(t81,(t73,(t5,(t21,(t86,(t25,(t95,(t66,(t2,(t72,(t48,(t96,(t84,(t44,(t63,(t37,(t1,(t10,(t57,(t53,(t90,(t58,(t97,(t45,(t20,(t47,(t89,(t55,(t39,(t40,(t85,(t27,(t68,(t76,(t87,(t88,(t13,(t4,(t98,(t22,(t11,(t79,(t43,(t54,(t17,(t38,(t24,(t8,(t91,(t12,(t82,(t31,(t41,(t6,(t34,(t36,(t94,(t42,(t51,(t28,(t93,(t65,(t64,((t33,t70),(t35,(t61,(t30,(t78,(t71,((t15,((t16,(t100,t50)),(t62,t69))),(((t7,t80),t18),(t74,(t3,t59),t14))))))))))))))))))))))))))))))))))))))))))))))))))))))))))))))))))))))))))))))))))))))))),root);
data/SuperTripletsBenchmark/model-trees/model-34.nwk.model_tree	data/SuperTripletsBenchmark/source-trees/d75/k30/data-d75-k30-34_phybp-s0r.nwk.source_trees	8.189018249511719	7.6	170	4256	0.1326530612244898	170	4260	0.1414141414141414	((t51,(t58,(t43,(t52,(t6,(t34,(t64,(t20,(t96,(t31,(t70,(t84,(t27,(t32,(t97,(t68,(t42,(t26,(t53,(t49,(t67,(t17,(t1,(t23,(t25,(t78,(t7,(t90,(t95,(t98,(t33,(t45,(t44,(t63,(t28,(t66,(t76,(t69,(t13,(t41,(t94,(t9,(t35,(t24,(t4,(t81,(t3,(t87,(t37,((t14,(t8,(t11,(t82,((t80,(t19,(t16,(t15,(t55,(t47,(t18,(t56,(t39,(t88,(t77,(t79,(t75,(t92,(t100,(t65,(t22,(t74,(t60,(t12,(t30,((((((t99,t86),t93),(t71,t73)),(t61,t72,t89)),((((t54,t50),t91),(t48,((t2,t40),(t83,t85)))),((t59,t57),t10,t21))),(t38,((t62,t46),t29)))))))))))))))))))))))),t5))))),t36)))))))))))))))))))))))))))))))))))))))))))))))))),root);
data/SuperTripletsBenchmark/model-trees/model-35.nwk.model_tree	data/SuperTripletsBenchmark/source-trees/d75/k30/data-d75-k30-35_phybp-s0r.nwk.source_trees	8.650303602218628	8.08	195	4386	0.01015228426395939	196	4388	0.010101010101010102	((t90,(t89,(t21,(t55,(t53,(t37,(t62,(t67,(t12,(t81,(t66,(t84,(t30,(t7,(t8,(t88,(t48,(t4,(t68,(t3,(t98,(t29,(t5,(t56,(t95,(t100,(t70,(t42,(t17,(t82,(t65,(t6,(t78,(t85,(t38,(t63,(t94,(t64,(t20,(t16,(t61,(t83,(t31,(t35,(t10,(t97,(t27,(t93,(t52,(t99,(t34,(t96,(t39,(t71,(t91,(t32,(t18,((t75,(t46,(t69,(t33,(t36,(t13,(t50,(t23,(t1,(t80,(t19,(t49,(t25,(t86,(t59,(t11,(t41,(t77,(t22,(t44,(t74,(t73,(t40,(t9,(t14,(t24,(t57,(t45,(t47,(t54,(t15,(t43,(t92,(((t87,t2),((t26,(t72,(t58,t51,t28))),t60)),t76)))))))))))))))))))))))))))))))))),t79)))))))))))))))))))))))))))))))))))))))))))))))))))))))))),root);
data/SuperTripletsBenchmark/model-trees/model-36.nwk.model_tree	data/SuperTripletsBenchmark/source-trees/d75/k30/data-d75-k30-36_phybp-s0r.nwk.source_trees	8.585479497909546	7.96	181	4160	0.07179487179487179	184	4167	0.0707070707070707	((t16,(t50,(t74,(t100,(t54,(t88,(t32,(t11,(t58,(t97,(t72,(t20,(t89,(t70,(t18,(t40,(t48,(t14,(t86,(t81,(t52,(t23,(t77,(t96,(t91,(t55,(t57,(t95,(t53,(t71,(t62,(t39,(t83,(t13,(t31,(t51,(t34,(t15,(t19,(t21,(t7,(t38,(t94,(t43,(t25,(t8,(t68,(t87,(t42,(t29,(t41,(t12,(t45,(t22,(t64,(t76,(t2,(t49,(t85,(t65,(t56,((t9,(t3,(t82,(t37,((t99,(t33,(t93,(t27,((t46,t5),((t67,(t1,(t59,(t69,(t10,((((t78,(t24,t90)),(((t63,t47),t26),(t66,t73))),((t35,t98),t80,t61)),(t28,(((t4,t84,(t6,t30)),(t60,t17,t44)),t92)))))))),t79)))))),t75))))),t36)))))))))))))))))))))))))))))))))))))))))))))))))))))))))))))),root);
data/SuperTripletsBenchmark/model-trees/model-37.nwk.model_tree	data/SuperTripletsBenchmark/source-trees/d75/k30/data-d75-k30-37_phybp-s0r.nwk.source_trees	8.452500820159912	7.73	183	4192	0.07106598984771574	182	4196	0.08080808080808081	((t36,(t45,(t3,(t38,(t22,(t80,(t28,(t26,(t88,(t17,(t40,(t86,(t18,(t4,(t82,(t15,(t20,(t61,(t24,(t91,(t27,(t47,(t58,(t75,(t43,(t35,(t66,(t10,(t98,(t31,(t14,(t57,(t67,(t84,(t93,(t34,(t8,(t89,(t94,(t9,(t30,(t76,(t12,(t81,(t79,(t42,(t65,(t11,(t51,(t13,(t64,(t6,(t49,(t96,(t70,(t77,(t19,(t92,(t59,((t23,(t56,(t7,(t29,(t83,(t54,(t68,(t87,(t33,(t5,((t85,(t71,(t74,(((t50,t78),t97),t21)))),(t46,(t16,(t52,(t90,(t72,(t99,(t1,(t32,((((t41,t100),(t44,t73)),t63),(((((t37,t60,(t39,(t2,t53))),t25),t69),t62),(t55,t48)))))))))))))))))))))),t95)))))))))))))))))))))))))))))))))))))))))))))))))))))))))))),root);
data/SuperTripletsBenchmark/model-trees/model-38.nwk.model_tree	data/SuperTripletsBenchmark/source-trees/d75/k30/data-d75-k30-38_phybp-s0r.nwk.source_trees	8.675950050354004	7.98	191	4374	0.020512820512820513	192	4382	0.030303030303030304	((t55,(t17,(t8,(t19,(t88,(t99,(t39,(t61,(t56,(t57,(t25,(t29,(t74,(t11,(t54,(t37,(t65,(t78,(t62,(t59,(t35,(t76,(t98,(t28,(t75,(t69,(t14,(t92,(t58,(t51,(t86,(t91,(t26,(t71,(t82,(t20,(t1,(t34,(t60,(t50,(t53,(t49,(t89,(t27,(t81,(t42,(t100,(t83,(t13,(t16,(t85,(t21,(t30,(t63,(t73,(t44,(t33,((t64,(t79,(t40,(t41,(t6,(t24,(t70,(t23,(t72,(t97,(t31,(t87,(t90,(t32,(t4,(t93,(t48,(t18,(t38,(t96,((t52,(t15,(t45,(t77,(t94,(t66,(t84,(t12,(t47,(t9,(t2,(t22,(((t95,(t68,t43,t7),t10),t46,t36),(t80,t3)))))))))))))),t5))))))))))))))))))))),t67)))))))))))))))))))))))))))))))))))))))))))))))))))))))))),root);
data/SuperTripletsBenchmark/model-trees/model-39.nwk.model_tree	data/SuperTripletsBenchmark/source-trees/d75/k30/data-d75-k30-39_phybp-s0r.nwk.source_trees	8.742120027542114	7.86	180	4184	0.08163265306122448	182	4188	0.08080808080808081	((t74,(t86,(t25,(t88,(t28,(t55,(t91,(t83,(t54,(t46,(t20,(t75,(t42,(t33,(t27,(t1,(t90,(t36,(t35,(t76,(t93,(t61,(t5,(t22,(t97,(t87,(t32,(t10,(t41,(t26,(t84,(t99,(t95,(t96,(t57,(t64,(t31,(t67,(t6,(t62,(t69,(t71,(t79,(t30,(t23,(t82,(t73,(t39,(t63,(t58,(t12,(t29,(t78,(t45,(t49,(t8,(t94,(t80,(t89,(t72,(t68,(t18,(t52,(t53,(t4,(t16,(t19,(t48,(t65,(t77,(t2,(t50,(t11,(t43,(t60,(t81,(t59,(t44,(t70,((t85,(t98,(t37,(t3,(t15,(t92,(t51,(((t24,t47,t14),t13),((t40,t9),t34,t100))))))))),(((t17,t21),t56),((t38,t7),t66)))))))))))))))))))))))))))))))))))))))))))))))))))))))))))))))))))))))))))))))))),root);
data/SuperTripletsBenchmark/model-trees/model-40.nwk.model_tree	data/SuperTripletsBenchmark/source-trees/d75/k30/data-d75-k30-40_phybp-s0r.nwk.source_trees	8.48009467124939	7.85	177	4090	0.10152284263959391	178	4092	0.10101010101010101	((t14,(t68,(t33,(t63,(t73,(t77,(t87,(t23,(t20,(t38,(t22,(t92,(t8,(t27,(t49,(t85,(t16,(t78,(t61,(t19,(t80,(t1,(t91,(t15,(t54,(t45,(t26,(t29,(t76,(t30,(t46,(t60,(t35,(t90,(t28,(t21,(t84,(t7,(t79,(t24,(t74,(t50,(t32,(t17,(t37,(t44,(t9,(t25,(t94,(t96,(t97,(t51,(t75,(t31,(t59,(t5,(t42,(t53,(t89,(t47,(t81,(t2,(t6,(t3,(t67,(t95,((t99,(t62,((t66,t18),(t93,(t100,((t83,t88),t71)))))),((t58,(t10,(t34,(t48,(t41,(t11,(t12,(t52,(((t13,t57),((t40,t36,t82),t39)),(t69,(t70,(((t43,(t4,(t56,(t55,t64)))),t72),(t65,t98))))))))))))),t86)))))))))))))))))))))))))))))))))))))))))))))))))))))))))))))))))))),root);
data/SuperTripletsBenchmark/model-trees/model-41.nwk.model_tree	data/SuperTripletsBenchmark/source-trees/d75/k30/data-d75-k30-41_phybp-s0r.nwk.source_trees	8.478020191192627	7.84	190	4312	0.04040404040404041	190	4312	0.04040404040404041	((t3,(t80,(t93,(t24,(t22,(t69,((t100,(t66,(t98,(t51,(t75,(t50,(t67,(t94,(t52,(t41,(t7,(t91,(t58,(t37,(t86,(t84,(t79,(t72,(t2,(t13,(t15,(t70,(t59,(t73,(t82,(t49,(t14,(t60,(t1,(t23,(t71,(t95,(t10,(t11,(t99,(t57,(t89,(t25,(t30,(t5,(t87,(t45,(t26,(t33,(t17,(t74,(t34,(t56,(t96,(t19,(t65,(t38,(t44,(t28,(t97,(t4,(t63,(t46,(t81,(t40,(t90,(t61,(t62,(t12,((t9,(t68,((t8,(t42,(t6,(t53,(t92,(t36,(t18,((((((t54,t32),(t88,((((t64,t55),t16),t20),((t78,t77),((t43,t85),t21))))),(t35,t27)),t29),(t48,t47)),t39)))))))),t76))),t83))))))))))))))))))))))))))))))))))))))))))))))))))))))))))))))))),t31))))))),root);
data/SuperTripletsBenchmark/model-trees/model-42.nwk.model_tree	data/SuperTripletsBenchmark/source-trees/d75/k30/data-d75-k30-42_phybp-s0r.nwk.source_trees	8.357293367385864	7.76	186	4268	0.06060606060606061	186	4268	0.06060606060606061	((t19,(t81,(t57,(t95,(t55,(t65,(t91,(t90,(t86,(t29,(t61,(t41,(t2,(t39,(t100,(t84,(t67,(t74,(t32,(t49,(t24,(t46,(t69,(t17,(t72,(t73,(t23,(t92,(t35,(t75,(t42,(t8,(t12,(t40,(t47,(t82,(t70,(t44,(t3,(t79,(t16,(t34,(t22,(t26,((t45,(t66,(t93,(t15,(t13,(t87,(t63,(t18,(t59,(t5,(t14,(t7,(t85,(t80,(t62,(t37,(t54,(t94,(t53,(t58,(t83,(t52,(t9,(t38,(t51,(t97,(t50,(t60,(t48,(t6,(t56,((t10,(t20,(t4,(t11,(t43,(t99,(t25,(t96,((t30,((t33,t1),(t31,t98))),((t36,(t76,(((t68,(t27,t77)),t21),t64))),((t88,t71),t78))))))))))),t28)))))))))))))))))))))))))))))))),t89))))))))))))))))))))))))))))))))))))))))))))),root);
data/SuperTripletsBenchmark/model-trees/model-43.nwk.model_tree	data/SuperTripletsBenchmark/source-trees/d75/k30/data-d75-k30-43_phybp-s0r.nwk.source_trees	8.35758376121521	7.74	180	4185	0.08163265306122448	182	4188	0.08080808080808081	((t3,(t43,(t66,(t4,(t45,(t99,(t15,(t14,(t33,(t19,(t72,(t26,(t70,(t17,(t81,(t100,(t77,(t92,(t27,(t7,(t62,(t93,(t63,(t60,(t51,(t87,(t36,(t24,(t49,(t73,(t58,(t59,(t21,(t67,(t29,(t84,(t91,(t80,(t41,(t42,(t48,(t56,(t83,(t96,(t40,(t28,(t6,(t95,(t2,(t74,(t12,(t20,(t22,(t89,(t34,(t31,(t94,(t10,(t61,(t1,(t57,(t44,(t5,(t98,(t16,(t37,(t76,(t78,(t25,(((t55,(t85,t64),t39),(t18,t47)),(t69,(t46,(t50,(((t53,(t11,t68)),(t8,t82)),(t71,((t97,(t23,(t54,(t13,(((t38,t32),(t88,t90)),((t52,t9),((t30,t79),t65,t75))))))),(t86,t35))))))))))))))))))))))))))))))))))))))))))))))))))))))))))))))))))))))))))))),root);
data/SuperTripletsBenchmark/model-trees/model-44.nwk.model_tree	data/SuperTripletsBenchmark/source-trees/d75/k30/data-d75-k30-44_phybp-s0r.nwk.source_trees	8.4409339427948	7.73	188	4401	0.050505050505050504	188	4401	0.050505050505050504	((t69,(t85,((t5,(t40,(t54,(t34,(t95,(t3,(t9,(t8,(t76,(t88,(t63,(t21,(t23,(t78,(t57,(t90,(t27,(t71,(t39,(t93,(t45,(t13,(t16,(t28,(t80,(t38,(t52,(t68,(t94,(t53,(t72,(t26,(t75,(t10,(t14,(t64,(t44,(t100,(t96,(t25,(t32,(t43,(t6,(t42,(t20,(t11,(t58,(t91,(t47,(t77,(t24,(t46,(t4,(t82,(t60,(t84,(t48,((t36,(t89,(t2,(t97,(t98,(t18,(t61,(t73,(t51,(t92,(t87,(t74,(t31,(t30,(t67,(t22,(t49,(t65,(t83,(t59,(t62,(t81,(t35,(t37,(t55,(t50,(t29,((t15,((t19,t1),(t12,t79))),(t86,(t70,(((t33,t56),(t17,t41)),t66))))))))))))))))))))))))))))))),t99)))))))))))))))))))))))))))))))))))))))))))))))))))))))))),t7))),root);
data/SuperTripletsBenchmark/model-trees/model-45.nwk.model_tree	data/SuperTripletsBenchmark/source-trees/d75/k30/data-d75-k30-45_phybp-s0r.nwk.source_trees	8.53696322441101	7.92	191	4288	0.030456852791878174	192	4290	0.030303030303030304	((t78,(t22,(t25,(t58,(t72,(t51,(t6,(t88,(t89,(t75,(t28,((t24,(t79,(t42,((t21,(t67,(t43,(t49,(t26,(t92,(t48,(t29,(t7,(t13,(t4,(t15,(t30,(t38,(t31,(t97,(t9,(t93,(t96,(t39,(t70,(t91,(t71,(t23,(t62,(t32,(t65,(t40,(t54,(t59,(t83,(t45,(t63,(t99,(t41,(t27,(t86,(t95,(t16,(t60,(t50,(t64,(t33,(t53,(t46,(t74,(t11,(t66,(t12,(t37,(t14,(t34,(t68,(t2,(t44,(t57,(t55,(t85,(t100,(t81,(t82,(t36,(t87,(t90,(t10,(t69,(t8,(t47,(t84,(t5,(t52,(t18,(t19,((t17,t1),((t98,(t56,(t61,(t76,t20,t3)))),((t80,t35),t77)))))))))))))))))))))))))))))))))))))))))))))))))))))))))))))))))))))))))))),t94)))),t73)))))))))))),root);
data/SuperTripletsBenchmark/model-trees/model-46.nwk.model_tree	data/SuperTripletsBenchmark/source-trees/d75/k30/data-d75-k30-46_phybp-s0r.nwk.source_trees	8.004270076751709	7.380000000000001	175	4071	0.10256410256410256	178	4077	0.10101010101010101	((t51,(t85,(t93,(t83,(t96,(t52,(t86,(t94,(t11,(t34,(t26,(t37,(t75,(t76,(t56,(t40,(t53,(t8,(t14,(t65,(t58,(t59,(t55,(t100,(t54,(t97,(t35,(t27,(t82,(t63,(t10,(t74,(t16,(t42,(t38,(t87,(t46,(t30,(t70,(t69,(t25,(t66,(t62,(t39,(t22,(t98,(t80,(t90,(t18,(t50,(t1,(t57,(t20,((t71,(t47,(t91,(t45,(t7,((t19,(t92,(t6,((t44,((t17,t84),(t15,((t61,t3),t95)))),(t89,(t36,((((t4,t9,t99),t33),((t28,t5),((t49,t48),(t79,(t68,(t2,((t67,t60),(t29,t81,t31)))))))),((t32,t73),(t88,(((t43,t24),t64),(t77,(((t12,t78),t21),t23,t41)))))))))))),t13)))))),t72)))))))))))))))))))))))))))))))))))))))))))))))))))))),root);
data/SuperTripletsBenchmark/model-trees/model-47.nwk.model_tree	data/SuperTripletsBenchmark/source-trees/d75/k30/data-d75-k30-47_phybp-s0r.nwk.source_trees	8.275981903076172	7.66	186	4318	0.06060606060606061	186	4318	0.06060606060606061	((t74,(t73,(t27,(t59,(t12,(t75,(t80,(t34,(t14,(t89,(t42,(t64,(t48,(t47,(t32,(t61,(t93,(t94,(t58,(t92,(t33,(t45,(t44,(t9,(t21,((t51,(t24,(t18,(t35,(t36,(t8,(t82,(t95,(t38,(t62,(t77,(t54,(t49,(t11,(t99,(t88,(t96,(t46,(t37,(t87,(t55,(t28,(t68,(t71,(t41,(t4,(t23,(t97,((t79,(t1,(t78,(t72,(t30,(t76,(t100,(t91,(t19,(t16,(t63,(t83,(t20,(t39,(t86,(t69,(t13,((t2,(t70,(t7,(t5,(t25,(t85,((t66,(((t43,((t17,((t98,t90),(t50,t15))),((t22,(t3,t52)),t31))),t81),t40)),(t60,((t53,t56),((t65,(t26,(t57,t10))),t67)))))))))),t84)))))))))))))))))),t6))))))))))))))))))))))))))))),t29)))))))))))))))))))))))))),root);
data/SuperTripletsBenchmark/model-trees/model-48.nwk.model_tree	data/SuperTripletsBenchmark/source-trees/d75/k30/data-d75-k30-48_phybp-s0r.nwk.source_trees	8.326273918151855	7.6899999999999995	176	3621	0.1111111111111111	176	3621	0.1111111111111111	((t80,(t18,(t74,(t38,(t30,(t43,(t19,(t64,(t60,(t88,(t75,(t71,(t29,(t73,(t37,(t55,(t89,(t79,(t78,(t36,(t82,(t45,(t95,(t46,(t27,(t56,(t58,(t32,(t87,(t21,(t62,(t85,(t20,(t47,(t83,(t53,(t72,(t44,(t28,(t26,(t57,(t2,(t12,(t39,(t34,(t98,(t84,(t24,(t6,(t16,((t96,(t65,(t76,(t91,(t63,(t52,((t40,(t8,(t59,(t68,(t11,(t31,(t97,(t66,((t25,t14),(t100,((t51,t33),t22))))))))))),t92))))))),(t7,(t93,(t70,(t77,(t35,(t67,(t1,(t49,(t54,(t5,(t99,(t61,(t48,(t3,(t50,(t4,((t86,t42),((((t90,(t41,((t10,t23),(t9,t15)))),t69),t17),(t13,(t94,t81))))))))))))))))))))))))))))))))))))))))))))))))))))))))))))))))))))))),root);
data/SuperTripletsBenchmark/model-trees/model-49.nwk.model_tree	data/SuperTripletsBenchmark/source-trees/d75/k30/data-d75-k30-49_phybp-s0r.nwk.source_trees	8.203001022338867	7.44	178	4040	0.10101010101010101	178	4040	0.10101010101010101	((t74,(t23,(t14,(t71,(t35,(t73,(t41,(t96,(t81,(t92,(t13,(t99,(t53,(t16,(t27,(t18,(t21,(t22,(t87,(t82,(t83,(t5,(t10,(t94,(t19,(t29,(t93,(t84,(t60,(t69,(t42,(t65,(t2,(t64,((t78,(t33,(t6,(t66,(t46,(t8,(t76,(t36,(t58,(t61,(t30,(t98,(t12,(t75,(t9,(t80,(t17,(t50,(t68,(t39,(t40,(t52,(t7,(t97,(t63,(t56,(t37,(t72,(t4,(t48,(t20,(t44,(t59,(t100,(t55,(((t77,(t51,(t89,((t86,((t79,(t32,(t54,((t45,(t24,(t25,(((t26,t38),t85),(t70,((t62,(t43,((t3,(t34,t67)),(t91,t47)))),t95)))))),t15)))),t57)),(t49,t88))))),t11),(t28,t31))))))))))))))))))))))))))))))))))))),(t90,t1)))))))))))))))))))))))))))))))))))),root);
data/SuperTripletsBenchmark/model-trees/model-50.nwk.model_tree	data/SuperTripletsBenchmark/source-trees/d75/k30/data-d75-k30-50_phybp-s0r.nwk.source_trees	8.31002426147461	7.640000000000001	174	4298	0.12121212121212122	174	4298	0.12121212121212122	((t49,(t79,(t55,(t16,(t59,(t73,(t27,((t6,(t4,(t60,(t8,(t13,(t42,(t78,(t54,(t22,(t72,(t76,(t53,(t69,(t3,(t28,(t89,(t40,(t99,(t65,(t30,(t71,(t34,(t5,(t58,(t46,(t50,(t9,(t26,(t38,(t33,(t84,(t64,(t21,(t48,(t41,(t67,(t47,(t7,(t86,(t17,(t62,(t91,(t80,(t32,(t52,(t74,(t43,(t57,(t68,(t44,(t75,(t66,(t61,(t25,(t1,(t45,(t36,(t94,(t15,(t51,(t24,(t39,(t98,(t14,(t70,(t11,(t90,(t88,(t2,(t93,(t81,(t10,(t35,(t29,(t63,(t100,(t31,((((t97,((t82,t87),((t12,((t95,t96),(t19,t56))),t20))),t23),t18),(t37,((t77,t83),t85)))))))))))))))))))))))))))))))))))))))))))))))))))))))))))))))))))))))))))))))),t92)))))))),root);
data/SuperTripletsBenchmark/model-trees/model-51.nwk.model_tree	data/SuperTripletsBenchmark/source-trees/d75/k30/data-d75-k30-51_phybp-s0r.nwk.source_trees	8.102600812911987	7.460000000000001	181	3945	0.08121827411167512	182	3947	0.08080808080808081	((t75,(t18,(t81,(t56,(t77,(t65,(t100,(t89,(t70,(t38,(t83,(t12,(t53,(t96,(t16,(t36,(t39,(t25,(t66,(t73,(t47,(t57,(t76,(t19,(t46,(t87,(t35,(t99,(t28,(t67,(t1,(t14,(t7,(t4,(t94,(t44,(t80,(t13,(t31,(t92,(t6,(t21,(t40,(t60,(t61,(t27,(t23,(t29,(t45,(t15,(t68,(t71,(t59,(t26,(t24,(t58,(t8,(t88,(t62,(t32,(t91,(((t5,((t41,(t10,(t48,(t79,(t69,(t72,(t84,(t90,(t50,((t86,((t85,t20),t30)),((t37,t42),t17))))))))))),t49)),t82),((t74,(t33,t2)),(((t54,t78),t52),(t64,(t97,(((t43,t93,t9),(t51,t3)),((((t63,t95),t11),(t22,(t98,t55))),t34)))))))))))))))))))))))))))))))))))))))))))))))))))))))))))))))))))),root);
data/SuperTripletsBenchmark/model-trees/model-52.nwk.model_tree	data/SuperTripletsBenchmark/source-trees/d75/k30/data-d75-k30-52_phybp-s0r.nwk.source_trees	8.380791187286377	7.68	192	4358	0.030303030303030304	192	4358	0.030303030303030304	((t88,(t66,(t14,(t95,(t69,(t52,(t35,(t55,(t40,(t8,(t87,(t45,(t82,(t49,(t18,(t72,(t2,(t79,(t54,(t44,(t73,(t30,(t23,(t43,(t58,(t27,(t34,(t63,(t51,(t1,(t20,(t62,(t98,(t17,(t84,(t85,(t13,(t50,(t99,(t37,(t48,(t25,(t86,(t67,(t38,(t59,(t36,(t80,(t9,(t11,(t19,(t94,(t71,(t6,(t65,(t7,(t68,(t21,(t39,(t89,(t56,(t22,(t100,(t31,(t4,(t3,(t92,(t61,(t53,(t76,(t83,(t93,(t70,(t32,(t10,(t5,(t24,(t16,(t15,(t57,(t91,(t47,(t46,(t28,(t97,(t96,(t29,(t78,(t42,(t74,(t33,((((t26,t41),t75),t90),(((t64,t81),t60),(t77,t12)))))))))))))))))))))))))))))))))))))))))))))))))))))))))))))))))))))))))))))))))))))))))))))),root);
data/SuperTripletsBenchmark/model-trees/model-53.nwk.model_tree	data/SuperTripletsBenchmark/source-trees/d75/k30/data-d75-k30-53_phybp-s0r.nwk.source_trees	8.576519250869751	7.88	192	4372	0.02040816326530612	194	4378	0.020202020202020204	((t33,(t59,(t47,(t57,(t50,(t80,(t75,(t49,(t88,(t82,(t55,(t22,(t17,(t21,(t8,(t64,(t53,(t62,(t31,(t79,(t95,(t61,(t39,(t84,(t56,(t77,(t90,(t81,(t36,(t41,(t65,(t37,(t69,(t4,(t54,(t42,(t71,(t63,(t2,(t73,(t38,(t29,(t97,(t67,(t85,(t25,(t91,(t48,(t68,(t46,(t87,(t45,(t52,(t72,(t32,(t51,(t15,(t28,(t83,(t19,(t24,(t16,(t93,(t94,(t34,(t9,(t1,(t96,(t26,(t98,(t30,(t27,(t100,((t5,(t14,(t44,(t20,(t99,(t40,(t11,(t92,(t70,((t3,(t7,(t86,(t74,(t10,(t76,((t12,(((t35,t13),(t60,t23,t89),t58),t78)),(t66,t6)))))))),t18)))))))))),t43)))))))))))))))))))))))))))))))))))))))))))))))))))))))))))))))))))))))))),root);
data/SuperTripletsBenchmark/model-trees/model-54.nwk.model_tree	data/SuperTripletsBenchmark/source-trees/d75/k30/data-d75-k30-54_phybp-s0r.nwk.source_trees	8.713732957839966	8.02	177	4146	0.10152284263959391	176	4148	0.1111111111111111	((t75,(t34,(t59,(t93,(t71,(t82,(t61,(t26,(t40,(t88,(t6,(t1,(t52,(t70,(t86,(t67,(t25,(t20,(t92,(t66,(t54,(t5,(t72,(t77,(t29,(t85,(t42,(t27,(t69,(t73,(t45,(t18,(t64,(t81,(t68,(t36,(t89,(t37,(t95,(t38,(t41,(t21,(t78,(t4,(t83,(t90,(t74,(t47,(t56,(t79,(t39,(t2,(t98,(t33,((t15,(t87,(t48,(t63,(t58,(t16,(t46,(t35,(t100,(t55,(t22,(t49,(t9,(t28,(t13,(t99,(t60,(t53,(t24,(t23,(t30,(t14,(t97,(t96,(t80,(t10,((t17,(t91,(t84,((t62,(t31,(t11,(((((t94,t76),(t50,t12,t51)),t43),(t19,t57)),(t7,(t3,t65)))))),t8)))),t44))))))))))))))))))))))))))),t32))))))))))))))))))))))))))))))))))))))))))))))))))))))),root);
data/SuperTripletsBenchmark/model-trees/model-55.nwk.model_tree	data/SuperTripletsBenchmark/source-trees/d75/k30/data-d75-k30-55_phybp-s0r.nwk.source_trees	8.772260665893555	8.08	184	4239	0.0707070707070707	184	4239	0.0707070707070707	(((t79,(t96,(t34,(t55,(t20,(t39,(t35,(t9,(t56,(t54,(t77,(t1,(t41,(t45,(t32,(t70,(t86,(t4,(t76,(t28,(t64,(t26,(t7,(t59,(t52,((t47,(t81,(t50,(t84,(t60,(t68,(t83,(t10,(t82,(t78,(t48,(t46,(t6,(t3,(t71,(t69,(t24,(t61,(t89,(t65,(t67,(t21,(t51,(t90,(t99,(t29,(t25,(t74,(t40,(t88,(t15,(t100,((t16,(t92,(t58,((t38,(t62,(t30,(t73,(t18,(t93,(t75,(t63,(t53,(t11,(t43,(t85,(t5,(t14,(t27,(t57,(t94,((t13,(t87,(t98,(t72,(t2,(t19,(t95,(t33,(t91,((t49,((t66,(t17,((t12,t80),(t22,t37)))),t36)),t42)))))))))),t44)))))))))))))))))),t31)))),t8))))))))))))))))))))))))))))))))),t97)))))))))))))))))))))))))),t23),root);
data/SuperTripletsBenchmark/model-trees/model-56.nwk.model_tree	data/SuperTripletsBenchmark/source-trees/d75/k30/data-d75-k30-56_phybp-s0r.nwk.source_trees	10.762908458709717	8.46	176	4249	0.1111111111111111	176	4249	0.1111111111111111	((t3,(t46,(t23,(t49,(t57,(t18,(t75,(t59,(t15,(t43,(t66,((t21,(t97,(t7,(t84,(t54,(t73,(t38,(t91,(t65,(t98,(t78,(t71,(t88,(t63,(t17,(t29,(t67,(t92,(t1,(t70,(t82,(t51,(t55,(t64,(t76,(t58,(t52,(t72,(t60,(t6,(t87,(t11,(t14,(t81,(t4,(t30,(t28,(t56,(t74,(t83,(t53,(t48,(t36,(t20,(t89,(t41,(t31,(t13,(t94,(t68,(t12,(t85,(t40,(t45,(t27,(t79,(t69,(t2,(t50,(t93,(t16,(t32,(t19,((t86,(t9,(t5,(t39,(t37,(t22,((((((t99,t42),t90),(t100,t24)),(t10,t96)),((t80,t95),t25)),(t47,(t35,(t77,(t34,((t61,(t26,t33)),t62)))))))))))),t44)))))))))))))))))))))))))))))))))))))))))))))))))))))))))))))))),t8)))))))))))),root);
data/SuperTripletsBenchmark/model-trees/model-57.nwk.model_tree	data/SuperTripletsBenchmark/source-trees/d75/k30/data-d75-k30-57_phybp-s0r.nwk.source_trees	8.552109003067017	7.94	173	4103	0.1218274111675127	172	4105	0.13131313131313133	((t45,(t17,(t96,(t34,(t80,(t66,(t33,(t48,(t65,(t64,(t85,((t49,(t16,(t13,(t51,(t76,(t99,(t14,(t78,(t18,(t15,(t58,(t37,(t47,(t94,(t53,(t69,(t57,(t2,(t74,(t50,(t21,(t7,(t20,(t44,(t92,(t95,(t54,(t31,(t26,(t79,(t61,(t91,(t62,(t25,(t52,(t98,(t86,(t4,(t59,(t97,(t75,(t41,(t63,(t24,(t27,(t68,(t55,(t56,(t28,(t23,(t70,(t43,(t19,(t82,(t89,(t30,(t60,(t81,((t9,(t29,(t11,(t39,(t88,((t77,((((t90,t87),t3),(t72,t100)),(t36,t5))),(t38,((t10,((t35,(t67,t84)),t42)),((t32,t73,t83),(((t93,t71),(((t40,t1),t6),t22)),t8)))))))))),t46))))))))))))))))))))))))))))))))))))))))))))))))))))))))))),t12)))))))))))),root);
data/SuperTripletsBenchmark/model-trees/model-58.nwk.model_tree	data/SuperTripletsBenchmark/source-trees/d75/k30/data-d75-k30-58_phybp-s0r.nwk.source_trees	8.467692375183105	7.85	190	4411	0.04040404040404041	190	4411	0.04040404040404041	((t56,(t51,(t96,(t47,(t78,(t3,(t8,(t2,(t30,(t62,(t71,(t67,(t21,(t90,(t82,(t19,(t43,(t4,(t86,(t31,(t100,(t13,(t65,(t14,(t89,(t95,(t12,(t87,(t16,(t72,(t41,(t34,(t83,(t26,(t99,(t97,(t27,(t76,(t80,(t50,(t92,((t88,(t45,(t60,(t7,(t6,(t73,(t24,(t55,(t32,(t85,(t33,(t36,(t91,(t39,(t22,(t42,(t9,(t17,(t40,(t48,(t29,((t70,(t61,((t94,(t37,(t25,(t69,(t38,(t66,(t49,(t74,(t84,(t59,(t64,(t20,(t46,(t54,(t79,(t52,(t57,(t98,(t10,((t15,t35),(((t75,(t28,(t1,(((t63,t44),t5),(((t68,t93),t18),t58))))),t23),t77))))))))))))))))))))),t53))),t81)))))))))))))))))))))),t11)))))))))))))))))))))))))))))))))))))))))),root);
data/SuperTripletsBenchmark/model-trees/model-59.nwk.model_tree	data/SuperTripletsBenchmark/source-trees/d75/k30/data-d75-k30-59_phybp-s0r.nwk.source_trees	8.705978155136108	8.059999999999999	183	4150	0.07106598984771574	184	4152	0.0707070707070707	((t71,(t31,(t45,(t43,((t80,(t89,(t69,(t48,(t97,(t75,(t38,((t34,(t7,(t39,(t100,(t33,(t13,(t62,(t55,(t98,(t52,(t19,(t14,((t9,(t28,(t84,(t91,(t77,(t46,(t61,(t73,(t57,(t63,(t83,(t54,(t72,(t76,(t44,(t8,(t90,(t21,(t18,(t23,(t6,(t27,(t24,(t60,(t66,(t56,(t93,(t1,(t67,(t10,(t32,(t74,(((t92,(t68,(t94,(t78,(t65,(t99,(t37,(t59,(t79,(t30,(t12,(t81,(t82,(t35,(t88,(t41,((t22,((t11,(t50,(t3,(((t25,((t95,((t47,t29),(t26,t96))),((t70,t36,t87),t58))),t15),(t42,t2))))),t51)),(t53,(t4,(t49,((t85,t20),t64))))))))))))))))))))),t16),t17))))))))))))))))))))))))))))))))),t5))))))))))))),t40)))))))),t86))))),root);
data/SuperTripletsBenchmark/model-trees/model-60.nwk.model_tree	data/SuperTripletsBenchmark/source-trees/d75/k30/data-d75-k30-60_phybp-s0r.nwk.source_trees	8.449043273925781	7.8	175	4126	0.1116751269035533	176	4129	0.1111111111111111	((t12,(t57,(t68,(t39,(t38,(t78,(t80,(t46,((t30,(t73,(t52,(t2,(t65,(t93,(t49,(t23,(t16,(t31,(t58,(t11,(t67,(t19,(t92,(t77,(t66,(t99,(t9,(t18,(t25,(t45,(t28,(t20,(t72,(t70,(t47,(t7,(t13,(t96,(t74,(t14,(t64,(t3,(t54,(t75,(t17,(t27,(t82,(t61,(t24,(t26,(t29,(t86,(t60,(t50,(t62,(t83,(t90,(t6,(t5,(t79,((t21,(t33,(t10,(t51,(t32,(t88,(t41,(t34,(t71,(t91,(t1,(t81,(t98,(t22,(t89,(t48,(t35,(t43,(t85,(((t63,t53),t55),(((t94,t84),t87),(t8,(t42,t59))))))))))))))))))))))),((((t100,t36),t4),(t40,t15,(t97,t56))),(((t37,t69),t76),t95))))))))))))))))))))))))))))))))))))))))))))))))))))))),t44))))))))),root);
data/SuperTripletsBenchmark/model-trees/model-61.nwk.model_tree	data/SuperTripletsBenchmark/source-trees/d75/k30/data-d75-k30-61_phybp-s0r.nwk.source_trees	8.17818808555603	7.51	172	4178	0.12244897959183673	172	4182	0.13131313131313133	((t25,((t60,(t33,(t48,(t27,(t81,(t69,(t29,(t42,(t70,(t61,(t30,(t38,(t97,(t55,(t100,(t64,(t73,(t76,(t80,(t8,(t31,(t32,((t44,(t74,(t45,(t41,(t58,(t12,(t66,(t24,(t79,(t4,(t19,(t51,(t3,(t98,(t20,(t26,(t72,(t50,(t10,(t1,(t85,(t28,(t84,(t16,(t89,(t37,(t5,(t71,(t93,(t23,(t52,(t77,(t88,(t83,(t67,(t49,(t59,(t87,(t14,(t18,(t82,(t68,(t6,(t17,(t86,(t65,(t53,(t35,((((((t99,t94),t21),t13),t56),((t57,(t91,t11,t47)),t22)),(((t36,t40),t2),((((t34,t9),t43),t62),((t7,t46),(t75,(t92,(t39,(((t78,t15),t63,t90),t96)))))))))))))))))))))))))))))))))))))))))))))))))))))))),t54))))))))))))))))))))))),t95)),root);
data/SuperTripletsBenchmark/model-trees/model-62.nwk.model_tree	data/SuperTripletsBenchmark/source-trees/d75/k30/data-d75-k30-62_phybp-s0r.nwk.source_trees	8.76945686340332	8.16	180	4260	0.09090909090909091	180	4260	0.09090909090909091	((t77,(t75,(t78,(t26,(t45,(t15,(t40,(t19,(t28,(t96,(t48,(t72,(t30,(t88,(t21,(t74,(t17,(t32,(t20,(t76,(t89,(t97,(t99,(t61,(t27,(t64,(t84,(t63,(t66,(t46,(t8,(t34,(t22,(t44,(t11,(t83,(t25,(t90,(t82,(t94,(t50,(t79,(t10,(t18,(t68,(t3,((t87,(t80,(t62,(t85,(t5,(t100,(t59,(t60,(t9,(t41,(t52,(t47,(t6,(t39,(t42,(t14,(t16,(t69,(t56,(t29,(t35,(t38,(t58,(t4,(t1,(t7,(t36,(t86,(t54,(t95,(t81,(t24,(t92,(t51,(t2,(t43,(t67,(t55,(t98,(t23,(((t65,(t31,(t70,t53))),t49),(t91,((((t33,t73),t13),(t12,t71)),(t57,t37)))))))))))))))))))))))))))))))))))))))))))),t93))))))))))))))))))))))))))))))))))))))))))))))),root);
data/SuperTripletsBenchmark/model-trees/model-63.nwk.model_tree	data/SuperTripletsBenchmark/source-trees/d75/k30/data-d75-k30-63_phybp-s0r.nwk.source_trees	8.489615440368652	7.92	182	4338	0.07142857142857142	184	4342	0.0707070707070707	((t14,(t80,(t59,(t70,(t62,(t60,(t41,(t75,(t20,(t83,(t45,(t4,(t71,(t29,(t91,(t57,(t86,(t98,(t55,(t54,(t37,(t22,(t94,(t63,(t7,(t58,(t35,(t92,(t53,(t40,(t90,(t34,(t12,(t48,(t51,(t82,(t36,(t42,(t52,((t66,(t3,(t17,(t72,(t44,(t31,(t87,(t76,(t39,(t69,(t64,(t96,(t6,(t2,(t1,(t47,(t73,(t16,(t78,(t81,(t93,(t30,(t67,(t68,(t13,(t10,(t8,(t84,((t88,(t97,(t32,(t24,(t50,(t11,(t95,(t28,(t15,(t43,(t61,(t38,((t85,(t33,(t100,((((((t56,t74),(t19,t25)),t21,t89),(t79,t5,t27)),(t65,t46)),t18)))),((t49,(t23,t9)),t26)))))))))))))),t77))))))))))))))))))))))))))))),t99)))))))))))))))))))))))))))))))))))))))),root);
data/SuperTripletsBenchmark/model-trees/model-64.nwk.model_tree	data/SuperTripletsBenchmark/source-trees/d75/k30/data-d75-k30-64_phybp-s0r.nwk.source_trees	8.231852769851685	7.63	188	4313	0.050505050505050504	188	4313	0.050505050505050504	((t76,(t39,(t16,(t33,((t24,(t84,(t87,(t38,(t10,(t64,(t47,(t6,(t35,(t27,(t77,(t82,(t42,(t72,(t83,(t29,(t44,(t30,(t28,(t71,(t98,(t88,(t1,(t57,(t25,(t86,(t75,(t60,(t96,(t69,(t63,(t55,(t36,(t7,(t21,(t17,(t43,(t19,(t70,(t59,(t66,(t20,(t80,(t74,(t61,(t5,(t65,(t8,(t92,(t4,((t53,(t93,(t46,(t31,(t2,(t37,(t9,(t41,(t14,(t12,(t51,(t26,(t99,(t49,((t68,(t78,(t62,(t54,(t48,(t22,(t85,(t56,(t50,(t91,(t32,(t81,(t3,(t95,(t90,(t79,((((t73,t67),(t45,t52)),(t34,t23)),(((t89,(t11,(t94,t15))),(t97,t40)),t13)))))))))))))))))),t100))))))))))))))),t58))))))))))))))))))))))))))))))))))))))))))))))))))),t18))))),root);
data/SuperTripletsBenchmark/model-trees/model-65.nwk.model_tree	data/SuperTripletsBenchmark/source-trees/d75/k30/data-d75-k30-65_phybp-s0r.nwk.source_trees	8.580817461013794	7.93	184	4382	0.061224489795918366	186	4386	0.06060606060606061	((t66,(t81,(t12,(t91,(t10,(t5,(t88,(t72,(t64,(t27,(t7,(t56,(t21,(t74,(t95,(t14,(t58,(t83,(t84,(t20,(t69,(t1,(t22,(t30,(t94,(t59,(t9,(t92,(t100,(t73,(t33,(t99,(t45,(t36,(t86,(t79,(t41,(t50,(t75,(t90,(t48,(t55,(t13,(t96,(t61,(t29,(t43,(t77,(t35,(t17,(t2,(t93,(t89,(t87,(t80,(t40,(t78,(t37,(t98,(t32,(t51,((t26,(t53,(t62,(t67,(t65,(t82,(t16,(t46,(t71,(t24,(t11,(t31,(t28,(t38,(t18,(t4,(t44,(t25,(t6,(t8,(t70,(t42,(t60,((t15,(t52,(((t47,t54,t68),(t3,t57,t76)),(t85,((t97,(t34,t23)),t63))))),(t49,t39))))))))))))))))))))))))),t19)))))))))))))))))))))))))))))))))))))))))))))))))))))))))))))),root);
data/SuperTripletsBenchmark/model-trees/model-66.nwk.model_tree	data/SuperTripletsBenchmark/source-trees/d75/k30/data-d75-k30-66_phybp-s0r.nwk.source_trees	8.674278020858765	7.9399999999999995	182	3999	0.08080808080808081	182	3999	0.08080808080808081	((t39,(t47,(t24,(t19,(t53,(t83,(t88,(t10,(t56,(t85,(t40,(t20,(t26,(t57,(t89,(t63,(t79,(t80,(t51,(t86,(t25,(t71,(t98,(t15,(t75,(t76,(t7,(t17,(t78,(t36,(t6,(t28,(t82,(t29,(t77,(t59,(t18,(t34,(t3,(t64,(t1,(t95,(t87,(t84,(t67,(t61,(t2,(t96,(t23,(t74,(t16,(t55,(((t41,t5),(t66,t52)),(t94,(t13,(t9,(t100,(t73,(t60,(t99,(t42,(t69,(t46,(t12,(t27,(t8,(t35,(t48,(t33,(t62,(t37,(t70,(t91,(t31,(t11,(t45,((t22,(t43,((t92,(((t93,t65),((t81,(t44,t32)),(t97,t21))),t58)),(t72,t50)))),(((t30,(t38,((t54,t68),(t49,t4)))),t90),t14)))))))))))))))))))))))))))))))))))))))))))))))))))))))))))))))))))))))))))))),root);
data/SuperTripletsBenchmark/model-trees/model-67.nwk.model_tree	data/SuperTripletsBenchmark/source-trees/d75/k30/data-d75-k30-67_phybp-s0r.nwk.source_trees	8.52942180633545	7.85	191	4320	0.030456852791878174	192	4322	0.030303030303030304	((t84,(t80,(t38,(t98,(t33,(t67,(t19,(t6,(t76,(t28,(t26,(t77,(t87,(t46,(t43,(t48,(t94,(t69,(t41,(t64,(t75,(t57,(t74,(t95,(t78,(t40,(t11,(t39,(t35,(t9,(t65,(t16,(t97,(t8,(t73,(t37,(t92,(t5,(t20,(t68,(t14,(t53,(t70,(t27,(t71,(t18,(t79,(t66,(t61,(t12,(t55,(t4,(t54,(t82,(t10,(t89,(t85,(t100,(t3,(t88,(t56,(t50,(t13,(t21,(t30,(t36,(t7,(t51,(t58,(t44,(t15,(t45,(t52,(t59,(t22,(t47,(t91,(t62,(t72,(t42,(t23,(t93,(t63,(t83,(t49,(t32,(t96,(t86,((((t31,t2),t1),t29),(((t25,(t17,(t99,t60,t90))),t81),(t24,t34))))))))))))))))))))))))))))))))))))))))))))))))))))))))))))))))))))))))))))))))))))))))))),root);
data/SuperTripletsBenchmark/model-trees/model-68.nwk.model_tree	data/SuperTripletsBenchmark/source-trees/d75/k30/data-d75-k30-68_phybp-s0r.nwk.source_trees	8.493836879730225	7.890000000000001	166	4196	0.15306122448979592	168	4200	0.15151515151515152	((t87,(t35,(t37,(t43,(t5,(t52,(t6,(t92,(t15,(t41,(t65,(t42,(t50,(t97,(t66,(t1,(t58,(t4,(t88,(t3,(t85,(t40,((t98,(t11,(t26,(t10,(t53,(t2,((t23,(t96,(t77,(t82,(t90,(t31,(t68,(t83,(t19,(t59,(t81,(t71,(t91,(t17,(t33,(t55,(t28,(t32,(t79,((t34,(t7,(t48,(t74,(t36,(t39,(t60,(t21,(t76,(t70,(t75,(t94,(t72,(t95,(t18,(t78,(t99,(t67,(t86,(t25,(t57,(t30,(t8,(t38,(t24,(t27,(t29,(((((t49,t80),(t89,t51)),(t69,(t22,t13))),(t84,t12)),(t9,(t62,(((((t45,(t61,t64,t47)),(t100,t44)),t73),(t20,t46)),(t93,t63,t14)))))))))))))))))))))))))))))))),t16)))))))))))))))))))),t54))))))),t56))))))))))))))))))))))),root);
data/SuperTripletsBenchmark/model-trees/model-69.nwk.model_tree	data/SuperTripletsBenchmark/source-trees/d75/k30/data-d75-k30-69_phybp-s0r.nwk.source_trees	8.322118997573853	7.710000000000001	187	4292	0.050761421319796954	188	4294	0.050505050505050504	((t16,(t34,(t4,(t15,(t95,(t99,(t28,(t1,(t60,(t10,(t6,(t86,(t23,(t72,(t12,(t9,(t5,(t83,(t24,(t37,(t62,(t100,(t53,(t20,(t75,(t42,(t59,(t92,(t64,(t58,(t84,(t18,(t82,(t68,(t17,(t27,(t19,(t74,(t67,(t79,(t35,(t43,(t97,(t96,(t33,(t91,(t89,(t70,(t36,(t66,(t50,(t61,(t77,(t21,(t94,(t45,(t90,(t71,(t78,(t14,(t26,(t46,(t98,(t81,(t93,(t13,(t57,(t25,(t51,(t85,(t30,(t54,(t2,(t73,(t49,(t76,(t7,((t44,(((t87,((t29,t8,t38),t55)),((t39,(t63,(t11,((t48,t22),t32)))),(t41,t40))),t69)),((((t3,t52),(t65,(t31,t56))),t47),(t80,t88)))))))))))))))))))))))))))))))))))))))))))))))))))))))))))))))))))))))))))))))),root);
data/SuperTripletsBenchmark/model-trees/model-70.nwk.model_tree	data/SuperTripletsBenchmark/source-trees/d75/k30/data-d75-k30-70_phybp-s0r.nwk.source_trees	8.517876863479614	7.83	186	4300	0.06060606060606061	186	4300	0.06060606060606061	((t81,(t70,(t47,(t19,(t25,(t68,(t27,(t94,(t60,(t5,(t17,(t44,(t72,(t66,(t79,(t51,(t23,(t12,(t13,(t59,(t95,(t42,(t34,(t86,(t84,(t21,(t26,(t37,(t88,(t32,(t1,(t9,(t6,(t39,(t96,(t58,((t54,(t64,(t73,(t50,(t43,(t91,(t18,(t53,(t15,(t49,(t10,(t100,(t65,(t78,(t52,(t55,(t8,(t14,(t85,(t61,(t56,(t3,(t80,(t2,(t63,(t74,(t99,(t33,(t31,(t20,(t24,(t22,(t87,(t83,(t16,(t76,(t97,(t57,(t29,(t35,(t67,(t75,((t82,(t7,(t45,((t71,(t40,(((t98,t77),(t92,t36)),(t28,t38)))),t41)))),((t62,(t46,((t11,t89),t69))),((t90,(t93,t30)),t4))))))))))))))))))))))))))))))))))))))))))))),t48))))))))))))))))))))))))))))))))))))),root);
data/SuperTripletsBenchmark/model-trees/model-71.nwk.model_tree	data/SuperTripletsBenchmark/source-trees/d75/k30/data-d75-k30-71_phybp-s0r.nwk.source_trees	8.421634435653687	7.82	171	4130	0.1319796954314721	170	4132	0.1414141414141414	((t43,(t6,(t81,(t13,(t78,(t10,(t67,(t84,(t87,(t20,(t16,(t65,(t52,(t74,(t62,(t75,(t97,(t77,(t60,(t100,(t33,(t38,(t24,(t64,(t79,(t11,(t23,(t58,(t39,(t94,(t19,(t50,(t47,(t27,(t96,(t41,(t9,(t55,(t85,(t93,(t18,(t49,(t82,(t89,(t32,(t73,(t61,(t42,(t90,(t31,(t68,(t26,(t12,(t98,(t1,(t80,(t51,(t88,(t5,((t25,(t69,(t54,(t44,(t91,(t35,(t59,(t57,(t48,(t76,(t2,(t29,(t22,(t71,((t45,(t53,((((t95,t28),(t34,t63)),t7),t83))),(t3,(t17,(((t15,t46),(t14,(t40,t56))),(t99,(t92,(((t21,t4,t72),(t70,t66)),(((t36,t37),t8),t30)))))))))))))))))))))),t86)))))))))))))))))))))))))))))))))))))))))))))))))))))))))))),root);
data/SuperTripletsBenchmark/model-trees/model-72.nwk.model_tree	data/SuperTripletsBenchmark/source-trees/d75/k30/data-d75-k30-72_phybp-s0r.nwk.source_trees	8.407697677612305	7.7700000000000005	196	4379	0.010101010101010102	196	4379	0.010101010101010102	((t6,(t51,(t34,(t39,(t32,(t62,(t64,(t74,(t90,(t100,(t40,(t72,(t24,(t58,(t96,((t20,(t99,(t54,(t92,(t4,(t41,(t66,(t46,(t63,(t97,(t88,(t14,(t23,(t85,(t19,(t53,(t49,(t16,(t82,((t28,(t60,(t69,(t55,(t11,(t48,(t83,(t26,(t76,(t86,(t84,(t81,(t45,(t56,(t22,(t61,(t59,(t43,(t57,(t2,(t30,(t87,(t79,(t91,(t67,(t38,(t25,(t94,(t65,(t12,(t36,(t70,(t47,(t73,(t21,(t52,(t37,(t80,(t35,(t8,(t93,(t33,(t29,(t15,(t50,(t95,(t27,(t18,(t77,(t75,(t42,(t71,(t98,(t3,(t44,(t17,(t5,(t78,((t68,t10),(t31,((t9,t89),t13))))))))))))))))))))))))))))))))))))))))))))))))))))))))))))),t1)))))))))))))))))))),t7)))))))))))))))),root);
data/SuperTripletsBenchmark/model-trees/model-73.nwk.model_tree	data/SuperTripletsBenchmark/source-trees/d75/k30/data-d75-k30-73_phybp-s0r.nwk.source_trees	8.620048999786377	7.8999999999999995	190	4441	0.04040404040404041	190	4441	0.04040404040404041	((t52,(t66,(t63,(t90,(t70,(t39,(t56,(t12,(t30,(t28,(t7,(t8,(t84,(t41,(t64,(t9,(t59,(t67,(t23,(t92,(t18,(t77,(t87,(t93,(t13,(t10,(t3,(t51,(t73,(t21,(t54,(t36,(t47,(t86,(t100,(t6,(t83,(t11,(t17,(t85,(t94,(t1,(t78,(t97,(t40,(t69,(t26,(t37,(t31,(t50,(t76,(t95,(t27,(t57,(t53,(t4,(t14,(t98,(t55,(t33,(t62,(t5,(t65,(t81,(t32,(t46,(t58,(t71,(t88,(t15,(t49,(t22,(t75,(t79,(t2,(t45,(t99,(t20,(t42,(t19,(t29,(t68,(t72,(t89,(t96,(t82,(t91,(((t25,t16),(t61,(t24,t60))),(((t80,t34),(t44,t48)),((t74,t35),(t43,t38))))))))))))))))))))))))))))))))))))))))))))))))))))))))))))))))))))))))))))))))))))))))))),root);
data/SuperTripletsBenchmark/model-trees/model-74.nwk.model_tree	data/SuperTripletsBenchmark/source-trees/d75/k30/data-d75-k30-74_phybp-s0r.nwk.source_trees	8.145427465438843	7.42	190	4400	0.04040404040404041	190	4400	0.04040404040404041	((t23,(t43,(t35,(t85,(t49,(t83,(t5,(t32,(t78,(t75,(t59,(t39,(t37,(t54,(t56,(t60,(t44,(t89,(t73,(t62,(t97,(t16,(t36,(t34,(t94,(t8,(t95,(t38,(t51,(t74,(t96,(t98,(t3,(t24,(t84,(t64,(t70,(t65,(t4,(t27,(t13,(t9,(t100,(t76,(t80,(t12,(t88,(t50,(t79,(t10,(t30,(t22,(t14,(t55,(t53,(t72,(t7,(t26,(t11,(t69,(t67,(t86,(t90,(t58,((t28,(t29,(t33,(t61,(t93,(t15,(t41,(t40,(t52,((t19,((t46,(t92,(t87,(t48,(t20,(t81,(t18,((t63,(t25,(t66,(t99,(t21,((t68,(t6,(t91,(((t71,t57),(t45,(t42,t82))),t17)))),t77)))))),t1)))))))),t47)),t31)))))))))),t2))))))))))))))))))))))))))))))))))))))))))))))))))))))))))))))))),root);
data/SuperTripletsBenchmark/model-trees/model-75.nwk.model_tree	data/SuperTripletsBenchmark/source-trees/d75/k30/data-d75-k30-75_phybp-s0r.nwk.source_trees	8.316818237304688	7.680000000000001	149	3906	0.2358974358974359	152	3913	0.23232323232323232	((t79,(t94,(t26,(t2,(t83,(t64,(t58,(t44,(t1,(t3,(t35,(t85,(t89,(t17,(t65,(t75,(t5,(t93,(t61,(t47,(t80,(t29,(t15,(t76,(t11,(t12,(t10,(t48,(t16,(t71,(t24,(t43,(t9,(t46,(t49,(t41,(t77,(t4,(t73,(t20,(t82,(t14,(t28,(t95,(t19,(t42,(t21,(t92,(t96,(t97,(t63,(t69,(t68,(t38,(t57,(t39,(t40,(t62,(t86,(t23,(t55,(t87,(t54,(t70,(t33,(t66,(t32,(t27,(t78,(((((t74,t100,t84),((((t60,t59),t98),t51),t37)),((((t36,t8),t53),t13),(t90,(t45,t81)))),(t50,t72)),(t99,(t31,((t67,t7),(((t22,t25,(t30,t91)),((t52,t6),t18,t34)),(t88,t56))))))))))))))))))))))))))))))))))))))))))))))))))))))))))))))))))))))))))),root);
data/SuperTripletsBenchmark/model-trees/model-76.nwk.model_tree	data/SuperTripletsBenchmark/source-trees/d75/k30/data-d75-k30-76_phybp-s0r.nwk.source_trees	6.037266254425049	5.42	145	2317	0.24870466321243523	148	2324	0.25252525252525254	((t31,(t27,(t79,(t69,(t58,(t75,(t49,(t35,(t32,(t64,(t17,(t48,(t1,(t80,(t25,(t76,(t51,(t38,(t3,(t86,(t87,(t9,(t7,(t63,(t39,(t6,((t66,(t19,(((((t78,t41),t72,t18),(t24,(t61,((((t68,t59),t13),t73),(t85,(t96,(t34,(((t21,t53),t65),(((t97,t67),((t8,t28,t92),t29)),t52))))))))),t47),(t14,((t10,(t33,(t36,(t22,(t50,((t62,(t88,(t54,(t74,(t11,(t43,(t12,t55),t89)))))),t5)))))),((t15,t98,t90),t94,t40)))))),((t16,(t44,((t81,t95),(t42,(t56,(((t20,t70),t93),t45)))))),((t82,(t91,(((t46,t71),t4),(t37,(t77,(t23,t100)))))),(t99,(t83,(((t30,t26),t84),((t60,t57),t2))))))))))))))))))))))))))))))))),root);
data/SuperTripletsBenchmark/model-trees/model-77.nwk.model_tree	data/SuperTripletsBenchmark/source-trees/d75/k30/data-d75-k30-77_phybp-s0r.nwk.source_trees	8.620323657989502	7.98	186	4191	0.06060606060606061	186	4191	0.06060606060606061	((t47,(t61,(t46,(t33,(t26,(t98,(t2,(t35,(t75,(t38,(t43,(t72,(t4,(t17,(t89,(t48,(t100,(t80,(t70,(t16,(t29,(t9,(t69,(t12,(t59,(t25,(t10,(t71,(t64,(t51,(t97,(t83,(t31,(t86,(t79,(t18,(t19,(t93,(t7,(t41,(t63,(t96,(t27,(t52,(t67,(t5,(t53,(t44,(t40,(t8,(t58,(t15,(t30,(t1,(t23,(t34,(t56,(t14,(t88,(t13,(t22,(t90,(t32,(t42,(t54,(t77,(t78,(t81,(t84,(t21,(t49,(t95,(t50,(t87,(t60,(t82,(t92,(t11,(t37,(t74,(t94,(t62,(t45,(t76,(t91,(t57,(t3,(t73,(t28,(t55,(t36,(((t20,(t85,t65)),t99),((t24,t6),((t66,t68),t39)))))))))))))))))))))))))))))))))))))))))))))))))))))))))))))))))))))))))))))))))))))))))))))),root);
data/SuperTripletsBenchmark/model-trees/model-78.nwk.model_tree	data/SuperTripletsBenchmark/source-trees/d75/k30/data-d75-k30-78_phybp-s0r.nwk.source_trees	8.572376012802124	7.99	188	4421	0.050505050505050504	188	4421	0.050505050505050504	((t7,(t78,(t6,(t84,(t70,(t61,(t51,(t2,(t29,(t63,(t59,(t13,(t69,(t30,(t37,(t44,(t4,(t52,(t40,(t86,(t21,(t53,(t80,(t35,(t93,(t96,(t87,(t71,(t43,(t12,(t5,(t62,(t88,(t1,(t9,(t47,(t92,(t81,(t55,(t22,(t42,(t77,(t17,(t25,(t10,(t19,(t75,(t8,(t76,(t3,((t100,(t91,(t94,(t95,(t90,(t97,(t60,(t34,(t33,(t66,(t89,(t48,(t65,(t31,(t56,(t74,(t45,(t54,(t32,(t24,(t36,(t49,(t72,(t98,(t16,(t14,(t26,(t15,(t46,(t85,(t68,(t20,(t73,(t18,((t64,(t50,(t38,(t83,(((t79,t11),t27),(((t41,(t23,t39)),(t67,t99)),(t57,t82))))))),t28))))))))))))))))))))))))))))))))))),t58))))))))))))))))))))))))))))))))))))))))))))))))))),root);
data/SuperTripletsBenchmark/model-trees/model-79.nwk.model_tree	data/SuperTripletsBenchmark/source-trees/d75/k30/data-d75-k30-79_phybp-s0r.nwk.source_trees	8.639114379882812	8.05	176	4128	0.1111111111111111	176	4128	0.1111111111111111	((t12,(t27,(t24,(t89,(t57,(t30,(t9,(t42,(t99,(t16,(t32,(t13,(t92,(t43,(t28,(t15,(t11,(t49,(t75,(t86,(t64,(t67,(t51,(t26,(t63,(t41,(t79,(t19,(t7,(t2,(t38,(t23,(t14,(t91,(t87,(t54,(t97,(t71,(t1,(t88,(t37,(t3,(t85,(t52,(t35,(t18,(t29,(t62,(t100,(t80,(t45,(t6,(t10,(t36,(t33,(t95,(t58,(t56,(t81,(t96,(t25,(t40,(t77,(t8,(t20,(t22,(t74,(t82,(t4,((t31,(t39,(((t98,((t48,((t76,t84),(t66,(t47,(t60,t94))))),(t44,t70))),(t78,(t5,(t73,(t93,(t34,(t53,(t59,((t90,(t72,(t69,((t46,(t21,t68)),(t61,(t17,t55)))))),t65))))))))),t50))),t83)))))))))))))))))))))))))))))))))))))))))))))))))))))))))))))))))))))),root);
data/SuperTripletsBenchmark/model-trees/model-80.nwk.model_tree	data/SuperTripletsBenchmark/source-trees/d75/k30/data-d75-k30-80_phybp-s0r.nwk.source_trees	8.573516130447388	7.859999999999999	186	4303	0.06060606060606061	186	4303	0.06060606060606061	((t44,(t32,(t88,(t73,(t71,(t7,(t4,(t21,(t84,(t27,(t41,(t6,(t62,(t12,(t67,(t42,(t59,(t90,(t10,(t79,(t97,(t23,(t20,(t72,(t15,(t1,(t2,(t74,(t83,(t25,(t98,(t26,(t91,(t54,(t9,(t19,(t47,(t95,(t45,(t92,(t18,(t96,(t89,(t85,(t30,(t66,(t58,(t38,(t68,(t93,(t77,(t35,(t8,(t81,(t16,(t57,(t76,(t100,(t75,(t70,(t48,(t80,(t24,(t53,(t61,(t33,(t22,(t50,(t82,(t94,(t28,(t99,(t87,(t56,(t34,(t49,(t5,(t43,(t11,(t64,(t86,(t63,((((t46,((t52,(t36,(t29,(t3,(t39,(t37,(((t51,t40),t31),t13))))))),t65)),t14),((t78,t17),t69)),(t60,t55)))))))))))))))))))))))))))))))))))))))))))))))))))))))))))))))))))))))))))))))))))),root);
data/SuperTripletsBenchmark/model-trees/model-81.nwk.model_tree	data/SuperTripletsBenchmark/source-trees/d75/k30/data-d75-k30-81_phybp-s0r.nwk.source_trees	8.634427070617676	7.89	170	4108	0.12371134020618557	172	4124	0.13131313131313133	((t23,(t16,(t34,(t5,(t53,(t89,(t57,(t72,(t96,(t71,(t84,(t31,(t15,(t100,(t95,(t47,(t25,(t93,(t44,(t32,(t27,(t18,(t67,(t81,(t79,(t61,(t29,(t49,(t94,(t97,(t41,(t58,(t42,(t68,(t46,(t28,(t40,(t73,(t70,(t19,(t7,(t55,(t88,(t13,(t98,(t36,(t76,(t11,(t35,(t86,(t99,(t59,(t39,(t9,(t60,(t24,(t2,(t17,(t85,(t1,(t65,(t83,(t20,(t26,(t54,(t64,(t82,(t66,(t78,(t69,(t14,((t74,(((t10,t30),t51),(((t21,t56),t22,t6),t12))),((t92,(t80,(t45,(t91,(t37,t4),(t38,t77)))),t52),(t48,(t8,(((t33,(t50,(t75,((t3,t90,t87),t43)))),t63),t62)))))))))))))))))))))))))))))))))))))))))))))))))))))))))))))))))))))))))))),root);
data/SuperTripletsBenchmark/model-trees/model-82.nwk.model_tree	data/SuperTripletsBenchmark/source-trees/d75/k30/data-d75-k30-82_phybp-s0r.nwk.source_trees	8.079532861709595	7.43	179	4139	0.08205128205128205	182	4146	0.08080808080808081	((t40,(t13,(t67,(t7,(t10,(t4,(t94,(t54,(t99,(t38,(t96,(t49,(t97,(t62,(t85,(t42,(t87,(t90,(t36,(t23,(t60,(t17,(t55,(t71,(t29,(t3,(t73,(t72,(t15,(t81,(t12,(t65,(t5,(t79,(t20,(t25,(t43,(t48,(t28,(t50,(t30,(t84,(t59,(t52,(t14,(t32,(t74,(t68,(t77,(t22,(t37,(t33,(t56,(t88,(t41,(t91,(t75,(t27,(t92,(t34,(t2,(t44,(t51,(t24,(t76,(t53,(t69,(t11,(t93,(((t83,(t95,(((t98,t64),((t70,t66),t46)),t58))),t57),(t86,(t31,(t45,(t6,((t80,(t1,((t16,(((t89,t39),t63),(t82,(((t26,t35,t9,t100),(t21,t61)),(t18,t78,t47))))),t19))),t8))))))))))))))))))))))))))))))))))))))))))))))))))))))))))))))))))))))))))),root);
data/SuperTripletsBenchmark/model-trees/model-83.nwk.model_tree	data/SuperTripletsBenchmark/source-trees/d75/k30/data-d75-k30-83_phybp-s0r.nwk.source_trees	8.501708269119263	7.85	192	4404	0.030303030303030304	192	4404	0.030303030303030304	((t85,(t92,(t86,(t68,(t100,(t90,(t21,(t23,(t70,(t11,(t61,(t41,(t43,(t12,(t33,(t39,(t75,(t36,(t42,(t56,(t40,(t88,(t57,(t64,(t81,(t15,(t13,(t28,(t46,(t30,(t58,(t25,(t2,(t67,(t3,(t94,(t17,(t87,(t38,(t44,(t8,(t49,(t35,(t18,(t55,(t52,(t50,(t76,(t77,(t54,(t34,(t96,(t19,(t29,(t31,(t91,(t62,(t79,(t97,(t14,(t47,(t60,(t89,(t20,(t66,(t65,(t53,(t78,(t93,(t4,(t26,(t16,(t7,((t48,(t82,(t51,(t1,(t5,(t71,(t6,(((t32,(t99,t63)),t74),(t73,(t24,(t83,((t69,(t72,(t9,(t59,(t95,((((t10,t80),t22),t27),(t84,t98))))))),t37)))))))))))),t45)))))))))))))))))))))))))))))))))))))))))))))))))))))))))))))))))))))))))),root);
data/SuperTripletsBenchmark/model-trees/model-84.nwk.model_tree	data/SuperTripletsBenchmark/source-trees/d75/k30/data-d75-k30-84_phybp-s0r.nwk.source_trees	8.334394693374634	7.67	182	4051	0.08080808080808081	182	4051	0.08080808080808081	((t88,(t60,(t14,(t6,(t39,(t66,(t49,(t64,(t92,(t13,(t56,(t38,(t5,(t96,(t52,(t81,(t18,(t2,(t30,(t77,(t80,(t50,(t22,(t95,(t45,(t91,(t85,(t68,(t16,(t40,(t79,(t61,(t71,(t4,(t19,(t57,(t46,(t35,(t76,(t65,(t37,(t58,(t53,(t97,(t89,(t41,(t24,(t10,(t15,(t90,(t48,(t36,(t72,(t26,(t47,(t82,(t84,(t54,(t62,((t44,(t86,((t17,(t83,(t69,(t12,(t100,(t32,(t51,(t28,(t25,(t43,(t75,(t33,(t20,(t29,(t9,(t73,(t27,(t7,(((t93,(t99,(t3,(((t63,t78),t8),(((t42,t11),t34),((t74,t31),(t21,t23))))))),t87),(t67,((t55,t1),(t59,t70)))))))))))))))))))))),t98))),t94)))))))))))))))))))))))))))))))))))))))))))))))))))))))))))),root);
data/SuperTripletsBenchmark/model-trees/model-85.nwk.model_tree	data/SuperTripletsBenchmark/source-trees/d75/k30/data-d75-k30-85_phybp-s0r.nwk.source_trees	8.445544242858887	7.8100000000000005	169	4154	0.14213197969543148	170	4156	0.1414141414141414	((t12,(t87,(t58,(t75,(t72,(t48,(t69,(t36,(t83,(t33,(t26,(t45,(t88,(t99,(t27,(t90,(t49,(t4,(t93,(t50,(t59,(t85,(t56,(t5,(t91,(t47,(t84,(t71,(t24,(t9,(t95,(t42,(t1,(t40,(t8,(t25,(t81,(t32,(t15,(t53,(t92,(t29,((t97,(t43,(t80,(t11,(t55,(t17,(t61,(t13,(t96,(t51,(t41,(t7,(t57,(t66,(t30,(t68,(t65,(t37,(t34,(t35,(t78,(t89,(t38,(t2,((t79,(t63,(t20,(t64,((t21,(t23,(t94,((t86,(t62,(t31,(t28,(t6,(t3,(t74,(t73,(((t52,t98),t54),((t67,t44),(t16,t18))))))))))),t39)))),((t19,(t60,(t76,t46))),(((t100,t82),t70),t10,t77))))))),t14))))))))))))))))))))))))),t22))))))))))))))))))))))))))))))))))))))))))),root);
data/SuperTripletsBenchmark/model-trees/model-86.nwk.model_tree	data/SuperTripletsBenchmark/source-trees/d75/k30/data-d75-k30-86_phybp-s0r.nwk.source_trees	7.906053066253662	7.29	170	3904	0.1414141414141414	170	3904	0.1414141414141414	((t6,(t53,(t50,(t9,(t96,(t39,(t34,(t68,(t97,(t12,(t86,(t27,(t36,(t30,(t22,(t93,(t89,(t55,(t62,(t16,(t98,(t72,(t3,(t23,(t37,(t85,(t99,(t11,(t95,(t73,(t76,(t75,(t92,(t78,(t2,(t15,(t44,(t63,(t4,(t64,(t48,(t80,(t69,(t77,(t43,(t38,((t40,(t79,(t61,(t65,(t67,(t49,(t5,(t20,(t59,(t8,(t90,(t66,(t41,(t60,(((t35,((t84,t88),((t25,t21),t71))),((t100,t56),t26)),(t32,(t10,(t13,(t57,(t54,(t70,(t46,(t83,((t91,(t17,(t52,(t18,(t29,(t24,((((t82,t28),t94),(t42,t45)),((t58,t1),t87)))))))),((t33,t81),t74))))))))))))))))))))))))),(((((t31,t47),t51),t14),t19),t7)))))))))))))))))))))))))))))))))))))))))))))))),root);
data/SuperTripletsBenchmark/model-trees/model-87.nwk.model_tree	data/SuperTripletsBenchmark/source-trees/d75/k30/data-d75-k30-87_phybp-s0r.nwk.source_trees	8.394561767578125	7.76	165	3973	0.15384615384615385	168	3982	0.15151515151515152	((t46,(t15,(t67,(t47,(t73,(t69,(t30,(t82,(t91,(t1,(t37,(t59,(t9,(t35,(t74,(t63,(t10,(t28,(t42,(t60,(t18,(t11,(t8,(t86,(t27,(t93,(t85,(t19,(t84,(t50,(t54,(t79,(t57,(t90,(t61,(t75,(t55,(t41,(t72,(t62,(t6,(t53,(t22,(t77,(t31,(t76,(t39,(t51,(t68,((t38,(t87,(t94,(t25,(t95,(t33,(t71,(t99,(t48,(t80,(t66,(t81,(t29,(t20,(t44,(t52,(t23,((((t2,((t16,(t98,(t64,t12),t56)),(t78,t4))),(t100,(t88,((t14,(t65,t97)),(t34,(t83,t24)))))),(t45,(t40,t89,t26),t21)),(((t32,(((((t13,t7),t43),t5),t49),((t58,t17),(t3,t70)))),t92),t96))))))))))))))))))),t36)))))))))))))))))))))))))))))))))))))))))))))))))),root);
data/SuperTripletsBenchmark/model-trees/model-88.nwk.model_tree	data/SuperTripletsBenchmark/source-trees/d75/k30/data-d75-k30-88_phybp-s0r.nwk.source_trees	8.216490268707275	7.539999999999999	194	4313	0.020202020202020204	194	4313	0.020202020202020204	((t98,(t18,(t38,(t64,(t39,(t4,(t48,((t49,(t53,(t16,(t96,(t22,(t86,(t45,(t85,(t24,(t88,(t21,(t62,(t8,(t28,(t1,(t31,((t51,(t33,(t10,(t87,(t97,(t80,(t25,(t11,(t76,(t59,((t68,(t61,(t84,(t37,(t99,(t12,(t32,(t60,(t55,(t9,(t67,(t83,(t66,(t7,(t78,(t41,(t44,(t63,(t74,(t92,(t69,(t93,(t81,(t23,(t27,(t94,(t42,(t13,(t90,(t26,(t35,(t82,(t3,(t79,(t14,(t57,(t65,(t54,(t72,(t56,(t15,(t5,(t70,(t50,((t43,(t91,(t2,((t77,(t29,(t40,(t6,(((t19,t47),((((t20,t34),t100),t71),t75)),(t73,((t95,t36),t52))))))),t46)))),t58))))))))))))))))))))))))))))))))))))))))))))),t30))))))))))),t89))))))))))))))))),t17)))))))),root);
data/SuperTripletsBenchmark/model-trees/model-89.nwk.model_tree	data/SuperTripletsBenchmark/source-trees/d75/k30/data-d75-k30-89_phybp-s0r.nwk.source_trees	8.23240351676941	7.52	186	4423	0.06060606060606061	186	4423	0.06060606060606061	((t28,(t89,(t62,(t93,(t60,(t77,(t2,(t83,(t70,(t24,(t56,(t73,(t6,(t12,(t97,(t90,(t47,(t68,(t51,(t19,(t100,(t50,(t95,(t20,(t39,(t96,(t75,(t4,(t66,(t88,(t79,(t21,(t10,(t46,(t84,(t43,(t27,(t98,(t7,(t30,(t15,(t36,(t71,(t22,(t85,(t64,(t41,(t32,(t26,(t58,(t29,(t57,(t92,(t44,(t11,(t53,(t3,(t81,(t13,(t14,(t40,(t91,(t33,(t54,(t49,(t67,(t45,(t31,(t48,((t23,(t37,(t76,(t42,(t72,(t61,(t55,(t17,(t86,(t74,((t80,(t38,(t16,(t65,(t35,(t82,(t25,(t87,(((((t52,t69),((t78,t9),t18)),t94),(t99,t34)),((t59,t8),t63)))))))))),t5))))))))))),t1)))))))))))))))))))))))))))))))))))))))))))))))))))))))))))))))))))))),root);
data/SuperTripletsBenchmark/model-trees/model-90.nwk.model_tree	data/SuperTripletsBenchmark/source-trees/d75/k30/data-d75-k30-90_phybp-s0r.nwk.source_trees	8.773952007293701	8.11	192	4430	0.030303030303030304	192	4430	0.030303030303030304	((t100,(t44,(t39,(t57,(t17,(t28,(t63,(t98,(t53,(t72,(t87,((t81,(t74,(t80,(t76,(t21,(t5,(t23,(t3,(t22,(t99,(t40,(t37,(t25,(t77,(t75,(t10,(t24,(t35,(t36,(t4,(t91,(t8,(t47,(t90,(t50,(t51,(t9,(t89,(t6,((t52,(t97,(t58,(t38,(t60,(t41,(t31,(t84,(t85,(t66,(t46,(t27,(t61,(t78,(t48,(t13,(t83,(t34,(t16,(t32,(t7,(t96,(t59,(t14,(t45,(t30,(t15,((t68,(t20,(t43,(t18,(t42,(t55,(t56,(t33,(t49,(t67,(t92,((t94,(t65,(t79,(t54,(t93,(t71,(t95,(t82,((t1,(t64,(((((t86,t29),t26),t62),t70),(t69,t19)))),t11))))))))),t2)))))))))))),t12)))))))))))))))))))))))))))),t73)))))))))))))))))))))))))))))),t88)))))))))))),root);
data/SuperTripletsBenchmark/model-trees/model-91.nwk.model_tree	data/SuperTripletsBenchmark/source-trees/d75/k30/data-d75-k30-91_phybp-s0r.nwk.source_trees	8.688363552093506	7.970000000000001	173	4240	0.1218274111675127	174	4242	0.12121212121212122	((t69,(t81,(t35,(t11,(t18,(t29,(t52,(t44,(t10,(t74,(t92,(t87,(t90,(t51,(t16,(t25,(t64,(t85,(t9,(t61,(t17,(t27,(t38,(t2,(t47,(t84,(t75,(t15,(t73,(t50,(t62,(t95,(t37,(t54,(t6,(t40,(t45,(t88,(t43,(t60,(t53,(t100,(t63,(t77,(t4,(t39,(t28,(t93,(t26,(t91,(t71,(t19,(t13,(t70,(t59,(t42,(t83,(t1,(t89,(t97,(t76,(t57,(t31,(t7,(t65,(t41,(t67,(t79,(t66,(t34,(t8,(t49,(t80,(t30,((t56,(t14,(t46,(t3,((t22,t86),((t72,(t23,(t96,(t32,((t48,t68),(((t21,t20),(((((t5,t58),t36,t24),t33),t98),(t55,t94))),(t99,t12))))))),t82)))))),t78))))))))))))))))))))))))))))))))))))))))))))))))))))))))))))))))))))))))))),root);
data/SuperTripletsBenchmark/model-trees/model-92.nwk.model_tree	data/SuperTripletsBenchmark/source-trees/d75/k30/data-d75-k30-92_phybp-s0r.nwk.source_trees	8.767087459564209	8.08	182	4298	0.08080808080808081	182	4298	0.08080808080808081	((t89,(t29,(t95,(t53,(t48,(t36,(t8,(t21,(t92,(t20,(t74,(t31,(t5,(t82,(t83,(t93,(t62,(t88,(t58,(t43,(t97,(t65,(t37,(t73,(t68,(t80,(t61,(t75,(t69,(t64,(t25,(t11,(t45,(t12,(t27,(t85,(t23,(t78,(t7,(t15,(t71,(t30,(t40,(t84,(t98,(t42,(t9,(t67,(t72,(t14,(t33,(t56,(t55,(t19,(t10,(t91,(t87,(t70,(t35,(t51,(t4,(t44,(t32,(t66,(t52,(t54,(t41,(t24,(t39,(t13,(t94,(t17,(t60,(t38,(t26,(t96,(t76,(t47,(t2,(t18,(t3,(t22,(((t59,((t63,(((t49,t86),(t81,t34)),t28)),t50)),(((((t1,t90),t99),((t57,t46),t77)),t6),(t79,t16))),t100))))))))))))))))))))))))))))))))))))))))))))))))))))))))))))))))))))))))))))))))))),root);
data/SuperTripletsBenchmark/model-trees/model-93.nwk.model_tree	data/SuperTripletsBenchmark/source-trees/d75/k30/data-d75-k30-93_phybp-s0r.nwk.source_trees	8.096808433532715	7.44	184	4297	0.0707070707070707	184	4297	0.0707070707070707	((t14,(t45,(t91,(t5,(t64,(t71,(t20,(t50,(t15,(t68,(t21,((t26,(t57,(t11,(t66,(t100,(t37,(t18,(t92,(t1,(t28,(t23,(t16,(t6,(t76,(t36,(t29,(t85,(t62,(t2,(t67,(t80,(t19,(t96,(t89,(t43,(t90,(t75,(t49,(t25,(t22,(t74,(t12,(t47,(t77,(t17,(t70,(t46,(t99,(t81,(t86,(t59,(t38,(t31,((t58,(t9,(t79,(t56,(t48,(t42,(t10,(t55,(t35,(t52,(t94,(t83,(t65,(t61,(t95,(t69,(t88,(t54,(t39,(t33,(t78,(t98,(t73,(t97,(t3,(t44,(t53,(t87,(t84,(t93,((t63,(t30,(t34,(t41,((t7,((((t4,t24),(t8,t51)),(t40,t60)),t32)),t27))))),t13))))))))))))))))))))))))))))))),t82)))))))))))))))))))))))))))))))))))))))))))),t72)))))))))))),root);
data/SuperTripletsBenchmark/model-trees/model-94.nwk.model_tree	data/SuperTripletsBenchmark/source-trees/d75/k30/data-d75-k30-94_phybp-s0r.nwk.source_trees	7.69804573059082	7.04	158	3458	0.18556701030927836	160	3467	0.1919191919191919	((t14,(t3,(t69,(t61,(t88,(t41,(t52,(t98,(t2,(t80,(t91,(t59,(t23,(t56,(t39,(t4,(t43,(t21,(t1,(t50,(t35,(t79,(t64,(t70,(t46,(t6,(t28,(t78,(t51,(t25,(t27,(t65,(t68,(t63,(t72,(t62,(t81,(t5,(t32,(t15,(t33,(t99,(t86,(t16,(t47,((t42,(t44,(t36,(t34,(t45,(t13,(t60,(((((t93,t38,(t31,(t18,t57))),(t26,t100)),(t48,((t24,t95,t75),t22))),t12),((t19,t9),((t37,t92),t76)))))))))),(t82,(t55,(t30,(t74,(t73,(t85,((t20,t11),(t84,(t94,(((t29,t10),t40,t89),(t53,(t77,(t71,((t17,((t58,((t54,(t87,((t97,t96),t83))),t49)),t7)),(t67,t66,(t90,t8)))))))))))))))))))))))))))))))))))))))))))))))))))))))))))))),root);
data/SuperTripletsBenchmark/model-trees/model-95.nwk.model_tree	data/SuperTripletsBenchmark/source-trees/d75/k30/data-d75-k30-95_phybp-s0r.nwk.source_trees	8.460638999938965	7.76	173	4011	0.1218274111675127	174	4013	0.12121212121212122	((t85,(t53,(t40,(t82,(t5,(t48,(t57,(t22,(t54,(t4,(t24,(t74,(t34,(t17,(t87,(t1,(t93,(t88,(t9,(t29,(t90,(t11,(t70,(t23,(t3,(t33,(t6,(t10,(t2,(t45,(t89,(t81,(t91,(t63,(t60,(t55,(t27,(t96,(t77,(t47,(t67,(t64,(t25,(t80,(t78,(t20,(t28,(t76,(t65,(t26,(t35,(t79,(t43,(t30,(t38,(t73,(t52,(t13,(t14,(t59,(t7,((((t36,t62),t86),(t68,(t61,(t83,(t95,(t56,(t18,(t44,(t16,(t21,(t8,(t19,(t66,(t94,(t99,((t92,(t32,t15)),(((t42,t49),(((t69,t100),(t97,(t31,t50))),(t98,t12))),t37))))))))))))))))),(((t51,t46),(t41,t75)),((t58,t39,t71),(t72,t84))))))))))))))))))))))))))))))))))))))))))))))))))))))))))))))))),root);
data/SuperTripletsBenchmark/model-trees/model-96.nwk.model_tree	data/SuperTripletsBenchmark/source-trees/d75/k30/data-d75-k30-96_phybp-s0r.nwk.source_trees	7.967188835144043	7.32	185	4287	0.06091370558375635	186	4290	0.06060606060606061	((t73,(t66,(t37,(t72,(t23,(t22,(t34,(t96,(t50,(t70,(t74,(t88,(t4,(t14,((t62,(t27,(t47,(t79,(t33,(t46,(t19,(t32,(t87,(t9,(t69,(t40,(t95,(t24,(t94,(t57,(t12,(t36,(t93,(t63,(t21,(t3,(t13,(t99,(t68,(t84,(t71,(t44,(t35,(t52,(t67,(t6,(t20,(t85,(t80,(t43,(t15,(t58,(t29,(t42,(t5,(t17,(t61,(t59,(t92,(t98,(t78,(t60,(t76,(t55,(t75,(t53,(t39,(t77,(t10,(t89,(t91,(t45,(t1,(t26,(t7,(t65,(t28,(t25,(t56,(t18,(t86,(t82,(t30,(t16,(t81,(t41,(((t48,(((t54,t31),t97),t49)),t8),((t100,(t90,t64),t11),((t83,t51),t2))))))))))))))))))))))))))))))))))))))))))))))))))))))))))))))))))))))))))),t38))))))))))))))),root);
data/SuperTripletsBenchmark/model-trees/model-97.nwk.model_tree	data/SuperTripletsBenchmark/source-trees/d75/k30/data-d75-k30-97_phybp-s0r.nwk.source_trees	7.77662992477417	7.05	163	3414	0.1641025641025641	166	3420	0.16161616161616163	((t90,(t80,(t98,((t77,(t84,(t6,(t22,(t92,(t55,(t88,(t53,(t9,(t86,(t61,(t96,(t76,(t40,(t74,(t34,(t99,(t30,(t11,(t54,(t27,(t94,(t3,(t24,(t28,(t63,(t83,(t68,(t79,(t100,(t89,(t37,(t5,(t95,(t25,(t66,((((t46,t71),((t62,t82),((t31,((t44,t36),t12)),(t23,(t52,(t41,((((t58,t35),t59),t32),(((t17,t13),t26),((t75,t42),t48))))))))),(t72,(t38,(t43,(t45,(t18,(t69,(t67,(t33,(t10,(t70,(t50,(t97,(t16,(t21,((t20,(t14,(t60,(t56,(t87,(t91,((((t57,t73,t81),(t39,t51)),t65),((t7,t8),(((t1,((t64,t19,t47),t78,t15)),t2),(t4,t85)))))))))),t29)))))))))))))))),t49))))))))))))))))))))))))))))))))))))),t93)))),root);
data/SuperTripletsBenchmark/model-trees/model-98.nwk.model_tree	data/SuperTripletsBenchmark/source-trees/d75/k30/data-d75-k30-98_phybp-s0r.nwk.source_trees	8.788853406906128	8.06	191	4318	0.030456852791878174	192	4322	0.030303030303030304	((t89,(t34,(t11,(t63,(t29,(t14,(t47,(t69,(t92,(t17,(t68,(t94,(t25,(t1,(t97,(t23,(t81,(t22,(t65,(t100,(t48,(t86,(t61,(t6,(t16,(t38,(t72,(t30,(t90,(t15,(t74,(t3,(t71,(t37,(t21,(t13,(t49,(t12,(t78,(t54,(t99,(t42,(t58,(t44,(t43,(t67,(t55,(t2,(t87,(t83,(t93,(t84,(t60,(t18,(t32,(t31,(t51,(t91,(t24,(t41,(t46,(t82,(t98,(t95,(t20,(t79,(t28,(t76,(t52,(t45,(t96,(t85,(t5,(t27,(t57,(t35,(t19,(t77,(t36,(t8,(t26,(t40,(t9,(t66,((t10,t7),(t39,(t80,(t75,(t73,((t88,t70),(t56,((t64,((t53,t50),t59),t33),(t4,t62))))))))))))))))))))))))))))))))))))))))))))))))))))))))))))))))))))))))))))))))))))))))))))),root);
data/SuperTripletsBenchmark/model-trees/model-99.nwk.model_tree	data/SuperTripletsBenchmark/source-trees/d75/k30/data-d75-k30-99_phybp-s0r.nwk.source_trees	8.752493143081665	7.96	174	4045	0.11224489795918367	172	4049	0.13131313131313133	((t36,(t68,(t63,(t31,(t29,(t17,(t52,(t58,(t85,(t56,(t97,(t88,(t42,(t98,(t5,(t21,(t83,(t96,(t65,(t41,(t37,(t44,(t55,(t90,(t75,(t71,(t16,(t39,(t64,((t8,(t7,(t30,(t47,(t87,(t89,(t72,(t9,(t60,(t86,(t33,(t43,(t93,(t28,(t45,(t73,(t12,(t62,(t40,(t84,(t34,(t80,(t94,(t57,(t2,(t25,(t27,(t66,(t53,(t79,(t38,(t69,(t48,(t20,(t99,(t22,(t91,((t82,(t67,((t78,(t10,(t3,(((t11,t4,t18),(t1,(((t14,t49),t51),(t61,t19,t81)))),(t6,(t95,t54)))))),(t15,(t59,(t32,(t50,(t13,(t24,(t46,(t70,(t35,(((t26,t77),t23),(t74,t92)))))))))))))),t76)))))))))))))))))))))))))))))))))))))),t100)))))))))))))))))))))))))))))),root);
data/SuperTripletsBenchmark/model-trees/model-100.nwk.model_tree	data/SuperTripletsBenchmark/source-trees/d75/k30/data-d75-k30-100_phybp-s0r.nwk.source_trees	8.649346351623535	7.98	186	4234	0.06060606060606061	186	4234	0.06060606060606061	((t37,(t5,(t35,(t77,(t49,(t57,(t27,(t12,(t75,(t95,(t29,(t25,(t21,(t80,(t91,(t13,(t54,(t55,(t76,(t10,(t44,(t85,(t51,(t65,(t94,(t32,(t22,(t26,(t31,(t89,(t99,(t66,(t3,(t43,(t90,(t52,(t60,(t96,(t19,(t23,(t56,(t97,(t62,(t11,(t36,(t41,(t46,(t72,((t40,(t68,(t61,(t8,(t9,((t45,(t63,(t38,(t48,(t79,(t87,(t64,(t24,(t18,(t14,(t47,(t84,((t1,(t33,(t83,(t42,(t81,(t4,((t20,(t70,(t53,(t86,(t88,((t93,(t17,(t30,((t98,t50),(t67,(t100,t28)))))),((((t92,t78),t2),(t74,((t58,t15),t7))),((((t69,t59),t16),t6),t82)))))))),t39))))))),t73))))))))))))),t71)))))),t34))))))))))))))))))))))))))))))))))))))))))))))))),root);
